Preset CMake variables:

  CMAKE_BUILD_TYPE="Release"
  CMAKE_CXX_FLAGS_RELEASE="/MD /O2 /Ob2 /DNDEBUG /Zi"
  CMAKE_EXE_LINKER_FLAGS_RELEASE="/DEBUG /OPT:REF /OPT:ICF /INCREMENTAL:NO"
  CMAKE_EXPORT_COMPILE_COMMANDS="ON"
  CMAKE_INSTALL_PREFIX:PATH="C:/pw/TemplateTool/install/windows-msvc-release"
  CMAKE_SHARED_LINKER_FLAGS_RELEASE="/DEBUG /OPT:REF /OPT:ICF /INCREMENTAL:NO"
  CMAKE_VERBOSE_MAKEFILE="ON"

-- Selecting Windows SDK version 10.0.22621.0 to target Windows 6.2.9200.
-- CMake version: 3.31.5
-- C++ Compiler ID: MSVC
-- C++ Compiler version: 19.42.34435.0
-- C++ Compiler path: C:/Program Files/Microsoft Visual Studio/2022/Professional/VC/Tools/MSVC/14.42.34433/bin/Hostx64/x64/cl.exe
-- CMake generator: Visual Studio 17 2022
-- Build type: Release
-- CMake version: 3.31.5
-- set UCF_CODE_GENERATOR_DIR: C:/pw/TemplateTool/build/windows-msvc-release/codegen
-- 
-- ============================================================
-- [GenerateAppVersionMeta] Configuring version meta generation
-- ============================================================
--   Output File  : C:/pw/TemplateTool/build/windows-msvc-release/product/framework/version/version_meta.json
--   Template     : C:/pw/TemplateTool/product/framework/version/templates/version_meta.json.in
--   Meta JSON    : C:/pw/TemplateTool/product/framework/version/product_info.json
--   Git Info     : C:/pw/TemplateTool/build/windows-msvc-release/product/framework/version/git_info.meta
--   Target Name  : generate_version_meta_8fa5974c
-- ------------------------------------------------------------
-- 
-- ============================================================
-- [GenerateGitInfoMeta] Configuring Git info generation
-- ============================================================
--   Output File  : C:/pw/TemplateTool/build/windows-msvc-release/product/framework/version/git_info.meta
--   Source Dir   : C:/pw/TemplateTool
--   Git Depends  : 2 file(s)
-- ------------------------------------------------------------
CMake Deprecation Warning at product/framework/thirdparty/compression/zstd/zstd/build/cmake/CMakeLists.txt:10 (cmake_minimum_required):
  Compatibility with CMake < 3.10 will be removed from a future version of
  CMake.
System.Management.Automation.RemoteException
  Update the VERSION argument <min> value.  Or, use the <min>...<max> syntax
  to tell CMake that the project requires at least <min> but has been updated
  to work with policies introduced by <max> or earlier.
System.Management.Automation.RemoteException
System.Management.Automation.RemoteException
-- ZSTD VERSION: 1.5.6
-- CMAKE_INSTALL_PREFIX: C:/pw/TemplateTool/install/windows-msvc-release
-- CMAKE_INSTALL_LIBDIR: lib
-- ZSTD_LEGACY_SUPPORT not defined!
-- ZSTD_MULTITHREAD_SUPPORT is enabled
-- === Compression Configuration ===
--   Backend: zstd
-- =================================
-- Using CMake version 3.31.5
-- ZLIB_HEADER_VERSION: 1.3.1
-- ZLIBNG_HEADER_VERSION: 2.3.1
CMake Deprecation Warning at product/framework/thirdparty/compression/zlib-ng/zlib-ng/CMakeLists.txt:50 (message):
  ZLIB_ENABLE_TESTS is deprecated.  Please use BUILD_TESTING instead.
System.Management.Automation.RemoteException
System.Management.Automation.RemoteException
-- Arch detected: 'x64'
-- Basearch of 'x64' (64bit) has been detected as: 'x86'
-- Architecture-specific source files: arch/x86/x86_features.c;arch/x86/chunkset_sse2.c;arch/x86/chorba_sse2.c;arch/x86/compare256_sse2.c;arch/x86/slide_hash_sse2.c;arch/x86/adler32_ssse3.c;arch/x86/chunkset_ssse3.c;arch/x86/chorba_sse41.c;arch/x86/adler32_sse42.c;arch/x86/crc32_pclmulqdq.c;arch/x86/slide_hash_avx2.c;arch/x86/chunkset_avx2.c;arch/x86/compare256_avx2.c;arch/x86/adler32_avx2.c;arch/x86/adler32_avx512.c;arch/x86/chunkset_avx512.c;arch/x86/compare256_avx512.c;arch/x86/adler32_avx512_vnni.c;arch/x86/crc32_vpclmulqdq.c
System.Management.Automation.RemoteException
-- The following defines have been set (partial list):

CURRENT_SOURCE_DIR: HAVE_BUILTIN_ASSUME_ALIGNED HAVE_CPUID_MS NO_FSEEKO WITH_GZFILEOP WITH_OPTIM X86_AVX2 X86_AVX512 X86_AVX512VNNI X86_FEATURES X86_HAVE_XSAVE_INTRIN X86_PCLMULQDQ_CRC X86_SSE2 X86_SSE41 X86_SSE42 X86_SSSE3 X86_VPCLMULQDQ_CRC ZLIB_COMPAT _CRT_NONSTDC_NO_DEPRECATE _CRT_SECURE_NO_DEPRECATE __SSE2__=1 __SSE__=1
System.Management.Automation.RemoteException
-- The following features have been enabled:

 * XSAVE, Support XSAVE intrinsics using ""
 * SSSE3_ADLER32, Support SSSE3-accelerated adler32, using ""
 * SSE42_CRC, Support SSE4.2 optimized adler32 hash generation, using ""
 * PCLMUL_CRC, Support CRC hash generation using PCLMULQDQ, using " "
 * AVX2_SLIDEHASH, Support AVX2 optimized slide_hash, using "/arch:AVX2"
 * AVX2_CHUNKSET, Support AVX2 optimized chunkset, using "/arch:AVX2"
 * AVX2_COMPARE256, Support AVX2 optimized compare256, using "/arch:AVX2"
 * AVX2_ADLER32, Support AVX2-accelerated adler32, using "/arch:AVX2"
 * AVX512_ADLER32, Support AVX512-accelerated adler32, using "/arch:AVX512"
 * AVX512_CHUNKSET, Support AVX512 optimized chunkset, using "/arch:AVX512"
 * AVX512_COMPARE256, Support AVX512 optimized compare256, using "/arch:AVX512"
 * AVX512VNNI_ADLER32, Support AVX512VNNI adler32, using "/arch:AVX512"
 * VPCLMUL_CRC, Support CRC hash generation using VPCLMULQDQ, using "  /arch:AVX512"
 * WITH_GZFILEOP, Compile with support for gzFile related functions
 * ZLIB_COMPAT, Compile with zlib compatible API
 * ZLIB_ALIASES, Compile with zlib compatible CMake targets
 * WITH_SANITIZER, Enable sanitizer testing support
 * WITH_OPTIM, Build with optimisation
 * WITH_NEW_STRATEGIES, Use new strategies
 * WITH_CRC32_CHORBA, Use optimized CRC32 algorithm Chorba
 * WITH_RUNTIME_CPU_DETECTION, Build with runtime CPU detection
 * WITH_SSE2, Build with SSE2
 * WITH_SSSE3, Build with SSSE3
 * WITH_SSE41, Build with SSE41
 * WITH_SSE42, Build with SSE42
 * WITH_PCLMULQDQ, Build with PCLMULQDQ
 * WITH_AVX2, Build with AVX2
 * WITH_AVX512, Build with AVX512
 * WITH_AVX512VNNI, Build with AVX512 VNNI
 * WITH_VPCLMULQDQ, Build with VPCLMULQDQ

-- The following features have been disabled:

 * ZLIB_SYMBOL_PREFIX, Publicly exported symbols DO NOT have a custom prefix
 * BUILD_TESTING, Build test binaries
 * WITH_GTEST, Build tests using Gtest framework
 * WITH_FUZZERS, Build test/fuzz
 * WITH_BENCHMARKS, Build benchmarks using Google Benchmark framework
 * WITH_BENCHMARK_APPS, Build application benchmarks (currently libpng)
 * WITH_ALL_FALLBACKS, Build all generic fallback functions
 * WITH_NATIVE_INSTRUCTIONS, Instruct the compiler to use the full instruction set on this host (gcc/clang -march=native)
 * WITH_MAINTAINER_WARNINGS, Build with project maintainer warnings
 * WITH_CODE_COVERAGE, Enable code coverage reporting
 * WITH_INFLATE_STRICT, Build with strict inflate distance checking
 * WITH_INFLATE_ALLOW_INVALID_DIST, Build with zero fill for inflate invalid distances
 * INSTALL_UTILS, Copy minigzip and minideflate during install

-- === Compression Configuration ===
--   Backend: zlib-ng (DEFLATE/gzip)
-- =================================
-- [minizip] Windows x64
-- [minizip] Import Library: C:/pw/TemplateTool/product/framework/thirdparty/archive/minizip-ng/minizip-ng/windows/x64/lib/minizip-ng.lib
-- [minizip] DLLs: C:/pw/TemplateTool/product/framework/thirdparty/archive/minizip-ng/minizip-ng/windows/x64/bin/minizip-ng.dll
-- [libarchive] Windows x64
-- [libarchive] Import Library: C:/pw/TemplateTool/product/framework/thirdparty/archive/libarchive/libarchive/windows/x64/lib/archive.lib
-- [libarchive] DLLs: C:/pw/TemplateTool/product/framework/thirdparty/archive/libarchive/libarchive/windows/x64/bin/archive.dll
-- [OpenSSL] Windows x64
-- [OpenSSL] Crypto: C:/pw/TemplateTool/product/framework/thirdparty/openssl/openssl/windows/x64/lib/libcrypto.lib
-- [OpenSSL] SSL: C:/pw/TemplateTool/product/framework/thirdparty/openssl/openssl/windows/x64/lib/libssl.lib
-- [OpenSSL] DLLs: C:/pw/TemplateTool/product/framework/thirdparty/openssl/openssl/windows/x64/bin/libcrypto-3-x64.dll;C:/pw/TemplateTool/product/framework/thirdparty/openssl/openssl/windows/x64/bin/libssl-3-x64.dll
-- [OpenSSL] Include: C:/pw/TemplateTool/product/framework/thirdparty/openssl/openssl/windows/x64/include
-- Using the multi-header code from C:/pw/TemplateTool/product/framework/thirdparty/json/json-3.11.3/include/
-- 
-- [BuildModule] Sqlite3 (SHARED)
-- [BuildModule]   Sources      : src/sqlite3.c;src/sqlite3ext.h;src/sqlite_export.h
-- [BuildModule]   Headers      : src/sqlite3.h
-- [BuildModule]   Header Base  : C:/pw/TemplateTool/product/framework/thirdparty/sqlite/src
-- [BuildModule]   Link Private : 
-- [BuildModule]   Link Public  : 
-- [BuildModule]   Dependencies : 
-- [BuildModule]   Definitions  : SQLITE_BUILD_DLL
-- [BuildModule]   IDE Folder   : framework/thirdparty/sqlite
-- [BuildModule]   Include Build: C:/pw/TemplateTool/product/framework/thirdparty/sqlite/src
-- [BuildModule]   Include Inst : src
-- [BuildModule]   Include Priv : src
-- [LinkTargetIncludeDirectories] Sqlite3 (PUBLIC)
-- [LinkTargetIncludeDirectories]   Build Interface  : C:/pw/TemplateTool/product/framework/thirdparty/sqlite/src
-- [LinkTargetIncludeDirectories]   Install Interface: src
-- [LinkTargetIncludeDirectories]   Private          : src
-- [BuildInstallModule] Sqlite3
-- ====Start Build RC File Module====
-- Parse Args Results:
-- MODULE_NAME: Sqlite3
-- FILE_DESCRIPTION: Sqlite3 Library
-- ***create rc file for: Sqlite3***
-- 
-- ============================================================
-- [GenerateAppInfoFiles] Configuring app info file generation
-- ============================================================
--   Output File  : C:/pw/TemplateTool/build/windows-msvc-release/product/framework/thirdparty/sqlite/Sqlite3_resource.rc
--   Template     : C:/pw/TemplateTool/product/framework/version/templates/app_resource.rc.in
--   Input JSON   : C:/pw/TemplateTool/build/windows-msvc-release/product/framework/version/version_meta.json
--   JSON Target  : generate_version_meta_8fa5974c
--   Target Name  : generate_Sqlite3_resource_f643bc70
--   Internal Name: Sqlite3
--   Description  : Sqlite3 Library
--   Original Name: $<TARGET_FILE_NAME:Sqlite3>
-- ------------------------------------------------------------
-- [libcurl] Windows x64
-- [libcurl] Library: C:/pw/TemplateTool/product/framework/thirdparty/curl/curl/windows/x64/lib/libcurl_imp.lib
-- [libcurl] DLLs: C:/pw/TemplateTool/product/framework/thirdparty/curl/curl/windows/x64/bin/libcurl.dll
-- [libcurl] Include: C:/pw/TemplateTool/product/framework/thirdparty/curl/curl/windows/x64/include
-- [OpenCV] Windows x64
-- [OpenCV] Release lib: C:/pw/TemplateTool/product/framework/thirdparty/opencv/opencv/windows/x64/vc17/lib/opencv_world4130.lib
-- [OpenCV] Debug lib: C:/pw/TemplateTool/product/framework/thirdparty/opencv/opencv/windows/x64/vc17/lib/opencv_world4130d.lib
-- [OpenCV] Include: C:/pw/TemplateTool/product/framework/thirdparty/opencv/opencv/windows/x64/include
-- [FFmpeg] Windows x64
-- [FFmpeg] ffmpeg: C:/pw/TemplateTool/product/framework/thirdparty/ffmpeg/ffmpeg/windows/x64/ffmpeg.exe
-- [FFmpeg] ffprobe: C:/pw/TemplateTool/product/framework/thirdparty/ffmpeg/ffmpeg/windows/x64/ffprobe.exe
-- [FFmpegLibs] Windows x64
-- [FFmpegLibs] Include: C:/pw/TemplateTool/product/framework/thirdparty/ffmpeg/ffmpeg-libs/windows/x64/include
-- [FFmpegLibs] Libs: C:/pw/TemplateTool/product/framework/thirdparty/ffmpeg/ffmpeg-libs/windows/x64/lib/avformat.lib;C:/pw/TemplateTool/product/framework/thirdparty/ffmpeg/ffmpeg-libs/windows/x64/lib/avcodec.lib;C:/pw/TemplateTool/product/framework/thirdparty/ffmpeg/ffmpeg-libs/windows/x64/lib/swscale.lib;C:/pw/TemplateTool/product/framework/thirdparty/ffmpeg/ffmpeg-libs/windows/x64/lib/swresample.lib;C:/pw/TemplateTool/product/framework/thirdparty/ffmpeg/ffmpeg-libs/windows/x64/lib/avutil.lib
-- [webview2] x64 static loader: C:/pw/TemplateTool/product/framework/thirdparty/webview2/webview2/x64/WebView2LoaderStatic.lib
-- Using parent project's Catch2 for MasterLog tests
-- 
-- [BuildInterface] UtilitiesCommonFile
-- [BuildInterface]   Headers      : include/ucf/Utilities/UtilitiesCommonFile/UtilitiesExport.h
-- [BuildInterface]   Header Base  : C:/pw/TemplateTool/product/framework/utilities/common_file/include
-- [BuildInterface]   Link Public  : LoggerUtils
-- [BuildInterface]   Dependencies : 
-- [BuildInterface]   IDE Folder   : framework/Services
-- [BuildInterface]   Include Build: C:/pw/TemplateTool/product/framework/utilities/common_file/include
-- [BuildInterface]   Include Inst : include
-- [LinkTargetIncludeDirectories] UtilitiesCommonFile (INTERFACE)
-- [LinkTargetIncludeDirectories]   Build Interface  : C:/pw/TemplateTool/product/framework/utilities/common_file/include
-- [LinkTargetIncludeDirectories]   Install Interface: include
-- [LinkTargetIncludeDirectories]   Private          : 
-- [BuildInstallModule] UtilitiesCommonFile
-- 
-- [BuildModule] LoggerUtils (SHARED)
-- [BuildModule]   Sources      : src/LoggerExport.cpp
-- [BuildModule]   Headers      : include/ucf/Utilities/LoggerUtils/LoggerExport.h
-- [BuildModule]   Header Base  : C:/pw/TemplateTool/product/framework/utilities/foundation/LoggerUtils/include
-- [BuildModule]   Link Private : MasterLog
-- [BuildModule]   Link Public  : UtilitiesCommonFile
-- [BuildModule]   Dependencies : 
-- [BuildModule]   Definitions  : Utilities_DLL
-- [BuildModule]   IDE Folder   : framework/utilities/foundation
-- [BuildModule]   Include Build: C:/pw/TemplateTool/product/framework/utilities/foundation/LoggerUtils/include
-- [BuildModule]   Include Inst : include
-- [BuildModule]   Include Priv : src
-- [LinkTargetIncludeDirectories] LoggerUtils (PUBLIC)
-- [LinkTargetIncludeDirectories]   Build Interface  : C:/pw/TemplateTool/product/framework/utilities/foundation/LoggerUtils/include
-- [LinkTargetIncludeDirectories]   Install Interface: include
-- [LinkTargetIncludeDirectories]   Private          : src
-- [BuildInstallModule] LoggerUtils
-- ====Start Build RC File Module====
-- Parse Args Results:
-- MODULE_NAME: LoggerUtils
-- FILE_DESCRIPTION: LoggerUtils Library
-- ***create rc file for: LoggerUtils***
-- 
-- ============================================================
-- [GenerateAppInfoFiles] Configuring app info file generation
-- ============================================================
--   Output File  : C:/pw/TemplateTool/build/windows-msvc-release/product/framework/utilities/foundation/LoggerUtils/LoggerUtils_resource.rc
--   Template     : C:/pw/TemplateTool/product/framework/version/templates/app_resource.rc.in
--   Input JSON   : C:/pw/TemplateTool/build/windows-msvc-release/product/framework/version/version_meta.json
--   JSON Target  : generate_version_meta_8fa5974c
--   Target Name  : generate_LoggerUtils_resource_7af79c23
--   Internal Name: LoggerUtils
--   Description  : LoggerUtils Library
--   Original Name: $<TARGET_FILE_NAME:LoggerUtils>
-- ------------------------------------------------------------
-- 
-- [BuildModule] TimeUtils (SHARED)
-- [BuildModule]   Sources      : src/TimeUtils.cpp;src/Instant.cpp;src/LocalDate.cpp;src/LocalDateTime.cpp
-- [BuildModule]   Headers      : include/ucf/Utilities/TimeUtils/TimeUtils.h;include/ucf/Utilities/TimeUtils/Instant.h;include/ucf/Utilities/TimeUtils/LocalDate.h;include/ucf/Utilities/TimeUtils/LocalDateTime.h
-- [BuildModule]   Header Base  : C:/pw/TemplateTool/product/framework/utilities/foundation/TimeUtils/include
-- [BuildModule]   Link Private : 
-- [BuildModule]   Link Public  : UtilitiesCommonFile
-- [BuildModule]   Dependencies : 
-- [BuildModule]   Definitions  : Utilities_DLL
-- [BuildModule]   IDE Folder   : framework/utilities/foundation
-- [BuildModule]   Include Build: C:/pw/TemplateTool/product/framework/utilities/foundation/TimeUtils/include
-- [BuildModule]   Include Inst : include
-- [BuildModule]   Include Priv : src
-- [LinkTargetIncludeDirectories] TimeUtils (PUBLIC)
-- [LinkTargetIncludeDirectories]   Build Interface  : C:/pw/TemplateTool/product/framework/utilities/foundation/TimeUtils/include
-- [LinkTargetIncludeDirectories]   Install Interface: include
-- [LinkTargetIncludeDirectories]   Private          : src
-- [BuildInstallModule] TimeUtils
-- ====Start Build RC File Module====
-- Parse Args Results:
-- MODULE_NAME: TimeUtils
-- FILE_DESCRIPTION: TimeUtils Library
-- ***create rc file for: TimeUtils***
-- 
-- ============================================================
-- [GenerateAppInfoFiles] Configuring app info file generation
-- ============================================================
--   Output File  : C:/pw/TemplateTool/build/windows-msvc-release/product/framework/utilities/foundation/TimeUtils/TimeUtils_resource.rc
--   Template     : C:/pw/TemplateTool/product/framework/version/templates/app_resource.rc.in
--   Input JSON   : C:/pw/TemplateTool/build/windows-msvc-release/product/framework/version/version_meta.json
--   JSON Target  : generate_version_meta_8fa5974c
--   Target Name  : generate_TimeUtils_resource_5905c3f4
--   Internal Name: TimeUtils
--   Description  : TimeUtils Library
--   Original Name: $<TARGET_FILE_NAME:TimeUtils>
-- ------------------------------------------------------------
-- 
-- [BuildUnitTestModule] TimeUtilsTests
-- [BuildUnitTestModule]   Sources      : TimeUtils_tests.cpp
-- [BuildUnitTestModule]   Link Private : Catch2::Catch2WithMain;TimeUtils
-- [BuildUnitTestModule]   Include Dirs : .
-- [BuildUnitTestModule]   IDE Folder   : framework/utilities/unit-test
-- [LinkTargetIncludeDirectories] TimeUtilsTests (PUBLIC)
-- [LinkTargetIncludeDirectories]   Build Interface  : 
-- [LinkTargetIncludeDirectories]   Install Interface: 
-- [LinkTargetIncludeDirectories]   Private          : .
-- 
-- [BuildModule] UUIDUtils (SHARED)
-- [BuildModule]   Sources      : src/UUIDUtils.cpp
-- [BuildModule]   Headers      : include/ucf/Utilities/UUIDUtils/UUIDUtils.h
-- [BuildModule]   Header Base  : C:/pw/TemplateTool/product/framework/utilities/foundation/UUIDUtils/include
-- [BuildModule]   Link Private : 
-- [BuildModule]   Link Public  : UtilitiesCommonFile
-- [BuildModule]   Dependencies : 
-- [BuildModule]   Definitions  : Utilities_DLL
-- [BuildModule]   IDE Folder   : framework/utilities/foundation
-- [BuildModule]   Include Build: C:/pw/TemplateTool/product/framework/utilities/foundation/UUIDUtils/include
-- [BuildModule]   Include Inst : include
-- [BuildModule]   Include Priv : src
-- [LinkTargetIncludeDirectories] UUIDUtils (PUBLIC)
-- [LinkTargetIncludeDirectories]   Build Interface  : C:/pw/TemplateTool/product/framework/utilities/foundation/UUIDUtils/include
-- [LinkTargetIncludeDirectories]   Install Interface: include
-- [LinkTargetIncludeDirectories]   Private          : src
-- [BuildInstallModule] UUIDUtils
-- ====Start Build RC File Module====
-- Parse Args Results:
-- MODULE_NAME: UUIDUtils
-- FILE_DESCRIPTION: UUIDUtils Library
-- ***create rc file for: UUIDUtils***
-- 
-- ============================================================
-- [GenerateAppInfoFiles] Configuring app info file generation
-- ============================================================
--   Output File  : C:/pw/TemplateTool/build/windows-msvc-release/product/framework/utilities/foundation/UUIDUtils/UUIDUtils_resource.rc
--   Template     : C:/pw/TemplateTool/product/framework/version/templates/app_resource.rc.in
--   Input JSON   : C:/pw/TemplateTool/build/windows-msvc-release/product/framework/version/version_meta.json
--   JSON Target  : generate_version_meta_8fa5974c
--   Target Name  : generate_UUIDUtils_resource_ad01dc39
--   Internal Name: UUIDUtils
--   Description  : UUIDUtils Library
--   Original Name: $<TARGET_FILE_NAME:UUIDUtils>
-- ------------------------------------------------------------
-- 
-- [BuildModule] StringUtils (SHARED)
-- [BuildModule]   Sources      : src/StringUtils.cpp;src/UnicodeString.cpp;src/UnicodeStringEncoding.cpp;src/UnicodeStringEncoding_Win.cpp
-- [BuildModule]   Headers      : include/ucf/Utilities/StringUtils/StringUtils.h;include/ucf/Utilities/StringUtils/UnicodeString.h
-- [BuildModule]   Header Base  : C:/pw/TemplateTool/product/framework/utilities/foundation/StringUtils/include
-- [BuildModule]   Link Private : 
-- [BuildModule]   Link Public  : UtilitiesCommonFile
-- [BuildModule]   Dependencies : 
-- [BuildModule]   Definitions  : Utilities_DLL
-- [BuildModule]   IDE Folder   : framework/utilities/foundation
-- [BuildModule]   Include Build: C:/pw/TemplateTool/product/framework/utilities/foundation/StringUtils/include
-- [BuildModule]   Include Inst : include
-- [BuildModule]   Include Priv : src
-- [LinkTargetIncludeDirectories] StringUtils (PUBLIC)
-- [LinkTargetIncludeDirectories]   Build Interface  : C:/pw/TemplateTool/product/framework/utilities/foundation/StringUtils/include
-- [LinkTargetIncludeDirectories]   Install Interface: include
-- [LinkTargetIncludeDirectories]   Private          : src
-- [BuildInstallModule] StringUtils
-- ====Start Build RC File Module====
-- Parse Args Results:
-- MODULE_NAME: StringUtils
-- FILE_DESCRIPTION: StringUtils Library
-- ***create rc file for: StringUtils***
-- 
-- ============================================================
-- [GenerateAppInfoFiles] Configuring app info file generation
-- ============================================================
--   Output File  : C:/pw/TemplateTool/build/windows-msvc-release/product/framework/utilities/foundation/StringUtils/StringUtils_resource.rc
--   Template     : C:/pw/TemplateTool/product/framework/version/templates/app_resource.rc.in
--   Input JSON   : C:/pw/TemplateTool/build/windows-msvc-release/product/framework/version/version_meta.json
--   JSON Target  : generate_version_meta_8fa5974c
--   Target Name  : generate_StringUtils_resource_823d22da
--   Internal Name: StringUtils
--   Description  : StringUtils Library
--   Original Name: $<TARGET_FILE_NAME:StringUtils>
-- ------------------------------------------------------------
-- 
-- [BuildUnitTestModule] StringUtilsTests
-- [BuildUnitTestModule]   Sources      : StringUtils_tests.cpp;UnicodeString_tests.cpp
-- [BuildUnitTestModule]   Link Private : Catch2::Catch2WithMain;StringUtils
-- [BuildUnitTestModule]   Include Dirs : .
-- [BuildUnitTestModule]   IDE Folder   : framework/utilities/unit-test
-- [LinkTargetIncludeDirectories] StringUtilsTests (PUBLIC)
-- [LinkTargetIncludeDirectories]   Build Interface  : 
-- [LinkTargetIncludeDirectories]   Install Interface: 
-- [LinkTargetIncludeDirectories]   Private          : .
-- 
-- [BuildModule] OSUtils (SHARED)
-- [BuildModule]   Sources      : src/OSUtils.cpp;src/OSUtils_Win.h;src/OSUtils_Win.cpp
-- [BuildModule]   Headers      : include/ucf/Utilities/OSUtils/OSUtils.h
-- [BuildModule]   Header Base  : C:/pw/TemplateTool/product/framework/utilities/foundation/OSUtils/include
-- [BuildModule]   Link Private : 
-- [BuildModule]   Link Public  : UtilitiesCommonFile
-- [BuildModule]   Dependencies : 
-- [BuildModule]   Definitions  : Utilities_DLL
-- [BuildModule]   IDE Folder   : framework/utilities/foundation
-- [BuildModule]   Include Build: C:/pw/TemplateTool/product/framework/utilities/foundation/OSUtils/include
-- [BuildModule]   Include Inst : include
-- [BuildModule]   Include Priv : src
-- [LinkTargetIncludeDirectories] OSUtils (PUBLIC)
-- [LinkTargetIncludeDirectories]   Build Interface  : C:/pw/TemplateTool/product/framework/utilities/foundation/OSUtils/include
-- [LinkTargetIncludeDirectories]   Install Interface: include
-- [LinkTargetIncludeDirectories]   Private          : src
-- [BuildInstallModule] OSUtils
-- ====Start Build RC File Module====
-- Parse Args Results:
-- MODULE_NAME: OSUtils
-- FILE_DESCRIPTION: OSUtils Library
-- ***create rc file for: OSUtils***
-- 
-- ============================================================
-- [GenerateAppInfoFiles] Configuring app info file generation
-- ============================================================
--   Output File  : C:/pw/TemplateTool/build/windows-msvc-release/product/framework/utilities/foundation/OSUtils/OSUtils_resource.rc
--   Template     : C:/pw/TemplateTool/product/framework/version/templates/app_resource.rc.in
--   Input JSON   : C:/pw/TemplateTool/build/windows-msvc-release/product/framework/version/version_meta.json
--   JSON Target  : generate_version_meta_8fa5974c
--   Target Name  : generate_OSUtils_resource_d01fee33
--   Internal Name: OSUtils
--   Description  : OSUtils Library
--   Original Name: $<TARGET_FILE_NAME:OSUtils>
-- ------------------------------------------------------------
-- 
-- [BuildInterface] NotificationHelper
-- [BuildInterface]   Headers      : include/ucf/Utilities/NotificationHelper/NotificationHelper.h;include/ucf/Utilities/NotificationHelper/INotificationHelper.h
-- [BuildInterface]   Header Base  : C:/pw/TemplateTool/product/framework/utilities/foundation/NotificationHelper/include
-- [BuildInterface]   Link Public  : 
-- [BuildInterface]   Dependencies : 
-- [BuildInterface]   IDE Folder   : framework/utilities/ipc
-- [BuildInterface]   Include Build: C:/pw/TemplateTool/product/framework/utilities/foundation/NotificationHelper/include
-- [BuildInterface]   Include Inst : include
-- [LinkTargetIncludeDirectories] NotificationHelper (INTERFACE)
-- [LinkTargetIncludeDirectories]   Build Interface  : C:/pw/TemplateTool/product/framework/utilities/foundation/NotificationHelper/include
-- [LinkTargetIncludeDirectories]   Install Interface: include
-- [LinkTargetIncludeDirectories]   Private          : 
-- [BuildInstallModule] NotificationHelper
-- 
-- [BuildUnitTestModule] NotificationHelperTests
-- [BuildUnitTestModule]   Sources      : NotificationHelper_tests.cpp
-- [BuildUnitTestModule]   Link Private : Catch2::Catch2WithMain;NotificationHelper
-- [BuildUnitTestModule]   Include Dirs : .
-- [BuildUnitTestModule]   IDE Folder   : framework/utilities/unit-test
-- [LinkTargetIncludeDirectories] NotificationHelperTests (PUBLIC)
-- [LinkTargetIncludeDirectories]   Build Interface  : 
-- [LinkTargetIncludeDirectories]   Install Interface: 
-- [LinkTargetIncludeDirectories]   Private          : .
-- 
-- [BuildInterface] SinkNotifier
-- [BuildInterface]   Headers      : include/ucf/Utilities/SinkNotifier/SinkNotifier.h
-- [BuildInterface]   Header Base  : C:/pw/TemplateTool/product/framework/utilities/foundation/SinkNotifier/include
-- [BuildInterface]   Link Public  : 
-- [BuildInterface]   Dependencies : 
-- [BuildInterface]   IDE Folder   : framework/utilities/ipc
-- [BuildInterface]   Include Build: C:/pw/TemplateTool/product/framework/utilities/foundation/SinkNotifier/include
-- [BuildInterface]   Include Inst : include
-- [LinkTargetIncludeDirectories] SinkNotifier (INTERFACE)
-- [LinkTargetIncludeDirectories]   Build Interface  : C:/pw/TemplateTool/product/framework/utilities/foundation/SinkNotifier/include
-- [LinkTargetIncludeDirectories]   Install Interface: include
-- [LinkTargetIncludeDirectories]   Private          : 
-- [BuildInstallModule] SinkNotifier
-- 
-- [BuildModule] SystemUtils (SHARED)
-- [BuildModule]   Sources      : src/SystemUtils.cpp;src/SystemProxyUtils.cpp;src/CertStoreUtils.cpp;src/SystemUtils_Win.h;src/SystemUtils_Win.cpp;src/SystemProxyUtils_Win.h;src/SystemProxyUtils_Win.cpp;src/CertStoreUtils_Win.h;src/CertStoreUtils_Win.cpp
-- [BuildModule]   Headers      : include/ucf/Utilities/SystemUtils/SystemUtils.h;include/ucf/Utilities/SystemUtils/SystemProxyUtils.h;include/ucf/Utilities/SystemUtils/CertStoreUtils.h
-- [BuildModule]   Header Base  : C:/pw/TemplateTool/product/framework/utilities/foundation/SystemUtils/include
-- [BuildModule]   Link Private : crypt32;wininet
-- [BuildModule]   Link Public  : UtilitiesCommonFile
-- [BuildModule]   Dependencies : 
-- [BuildModule]   Definitions  : Utilities_DLL
-- [BuildModule]   IDE Folder   : framework/utilities/foundation
-- [BuildModule]   Include Build: C:/pw/TemplateTool/product/framework/utilities/foundation/SystemUtils/include
-- [BuildModule]   Include Inst : include
-- [BuildModule]   Include Priv : src
-- [LinkTargetIncludeDirectories] SystemUtils (PUBLIC)
-- [LinkTargetIncludeDirectories]   Build Interface  : C:/pw/TemplateTool/product/framework/utilities/foundation/SystemUtils/include
-- [LinkTargetIncludeDirectories]   Install Interface: include
-- [LinkTargetIncludeDirectories]   Private          : src
-- [BuildInstallModule] SystemUtils
-- ====Start Build RC File Module====
-- Parse Args Results:
-- MODULE_NAME: SystemUtils
-- FILE_DESCRIPTION: SystemUtils Library
-- ***create rc file for: SystemUtils***
-- 
-- ============================================================
-- [GenerateAppInfoFiles] Configuring app info file generation
-- ============================================================
--   Output File  : C:/pw/TemplateTool/build/windows-msvc-release/product/framework/utilities/foundation/SystemUtils/SystemUtils_resource.rc
--   Template     : C:/pw/TemplateTool/product/framework/version/templates/app_resource.rc.in
--   Input JSON   : C:/pw/TemplateTool/build/windows-msvc-release/product/framework/version/version_meta.json
--   JSON Target  : generate_version_meta_8fa5974c
--   Target Name  : generate_SystemUtils_resource_76b21cae
--   Internal Name: SystemUtils
--   Description  : SystemUtils Library
--   Original Name: $<TARGET_FILE_NAME:SystemUtils>
-- ------------------------------------------------------------
-- 
-- [BuildModule] FilePathUtils (SHARED)
-- [BuildModule]   Sources      : src/FilePathUtils.cpp
-- [BuildModule]   Headers      : include/ucf/Utilities/FilePathUtils/FilePathUtils.h
-- [BuildModule]   Header Base  : C:/pw/TemplateTool/product/framework/utilities/foundation/FilePathUtils/include
-- [BuildModule]   Link Private : 
-- [BuildModule]   Link Public  : UtilitiesCommonFile
-- [BuildModule]   Dependencies : 
-- [BuildModule]   Definitions  : Utilities_DLL
-- [BuildModule]   IDE Folder   : framework/utilities/foundation
-- [BuildModule]   Include Build: C:/pw/TemplateTool/product/framework/utilities/foundation/FilePathUtils/include
-- [BuildModule]   Include Inst : include
-- [BuildModule]   Include Priv : src
-- [LinkTargetIncludeDirectories] FilePathUtils (PUBLIC)
-- [LinkTargetIncludeDirectories]   Build Interface  : C:/pw/TemplateTool/product/framework/utilities/foundation/FilePathUtils/include
-- [LinkTargetIncludeDirectories]   Install Interface: include
-- [LinkTargetIncludeDirectories]   Private          : src
-- [BuildInstallModule] FilePathUtils
-- ====Start Build RC File Module====
-- Parse Args Results:
-- MODULE_NAME: FilePathUtils
-- FILE_DESCRIPTION: FilePathUtils Library
-- ***create rc file for: FilePathUtils***
-- 
-- ============================================================
-- [GenerateAppInfoFiles] Configuring app info file generation
-- ============================================================
--   Output File  : C:/pw/TemplateTool/build/windows-msvc-release/product/framework/utilities/foundation/FilePathUtils/FilePathUtils_resource.rc
--   Template     : C:/pw/TemplateTool/product/framework/version/templates/app_resource.rc.in
--   Input JSON   : C:/pw/TemplateTool/build/windows-msvc-release/product/framework/version/version_meta.json
--   JSON Target  : generate_version_meta_8fa5974c
--   Target Name  : generate_FilePathUtils_resource_5453cc00
--   Internal Name: FilePathUtils
--   Description  : FilePathUtils Library
--   Original Name: $<TARGET_FILE_NAME:FilePathUtils>
-- ------------------------------------------------------------
-- 
-- [BuildModule] ThreadPoolUtils (SHARED)
-- [BuildModule]   Sources      : src/ThreadPoolWrapper.cpp;src/ThreadPoolWrapperLogger.h
-- [BuildModule]   Headers      : include/ucf/Utilities/ThreadPoolUtils/ThreadPoolWrapper.h
-- [BuildModule]   Header Base  : C:/pw/TemplateTool/product/framework/utilities/foundation/ThreadPoolUtils/include
-- [BuildModule]   Link Private : ThreadPool;LoggerUtils
-- [BuildModule]   Link Public  : UtilitiesCommonFile
-- [BuildModule]   Dependencies : 
-- [BuildModule]   Definitions  : Utilities_DLL
-- [BuildModule]   IDE Folder   : framework/utilities/foundation
-- [BuildModule]   Include Build: C:/pw/TemplateTool/product/framework/utilities/foundation/ThreadPoolUtils/include
-- [BuildModule]   Include Inst : include
-- [BuildModule]   Include Priv : src
-- [LinkTargetIncludeDirectories] ThreadPoolUtils (PUBLIC)
-- [LinkTargetIncludeDirectories]   Build Interface  : C:/pw/TemplateTool/product/framework/utilities/foundation/ThreadPoolUtils/include
-- [LinkTargetIncludeDirectories]   Install Interface: include
-- [LinkTargetIncludeDirectories]   Private          : src
-- [BuildInstallModule] ThreadPoolUtils
-- ====Start Build RC File Module====
-- Parse Args Results:
-- MODULE_NAME: ThreadPoolUtils
-- FILE_DESCRIPTION: ThreadPoolUtils Library
-- ***create rc file for: ThreadPoolUtils***
-- 
-- ============================================================
-- [GenerateAppInfoFiles] Configuring app info file generation
-- ============================================================
--   Output File  : C:/pw/TemplateTool/build/windows-msvc-release/product/framework/utilities/foundation/ThreadPoolUtils/ThreadPoolUtils_resource.rc
--   Template     : C:/pw/TemplateTool/product/framework/version/templates/app_resource.rc.in
--   Input JSON   : C:/pw/TemplateTool/build/windows-msvc-release/product/framework/version/version_meta.json
--   JSON Target  : generate_version_meta_8fa5974c
--   Target Name  : generate_ThreadPoolUtils_resource_12c2b557
--   Internal Name: ThreadPoolUtils
--   Description  : ThreadPoolUtils Library
--   Original Name: $<TARGET_FILE_NAME:ThreadPoolUtils>
-- ------------------------------------------------------------
-- 
-- [BuildModule] CompressionUtils (SHARED)
-- [BuildModule]   Sources      : src/CompressionWrapper.cpp;src/CompressionUtilsLogger.h
-- [BuildModule]   Headers      : include/ucf/Utilities/CompressionUtils/CompressionWrapper.h
-- [BuildModule]   Header Base  : C:/pw/TemplateTool/product/framework/utilities/foundation/CompressionUtils/include
-- [BuildModule]   Link Private : compression::core;compression::gzip;LoggerUtils
-- [BuildModule]   Link Public  : UtilitiesCommonFile
-- [BuildModule]   Dependencies : 
-- [BuildModule]   Definitions  : Utilities_DLL
-- [BuildModule]   IDE Folder   : framework/utilities/foundation
-- [BuildModule]   Include Build: C:/pw/TemplateTool/product/framework/utilities/foundation/CompressionUtils/include
-- [BuildModule]   Include Inst : include
-- [BuildModule]   Include Priv : src
-- [LinkTargetIncludeDirectories] CompressionUtils (PUBLIC)
-- [LinkTargetIncludeDirectories]   Build Interface  : C:/pw/TemplateTool/product/framework/utilities/foundation/CompressionUtils/include
-- [LinkTargetIncludeDirectories]   Install Interface: include
-- [LinkTargetIncludeDirectories]   Private          : src
-- [BuildInstallModule] CompressionUtils
-- ====Start Build RC File Module====
-- Parse Args Results:
-- MODULE_NAME: CompressionUtils
-- FILE_DESCRIPTION: CompressionUtils Library
-- ***create rc file for: CompressionUtils***
-- 
-- ============================================================
-- [GenerateAppInfoFiles] Configuring app info file generation
-- ============================================================
--   Output File  : C:/pw/TemplateTool/build/windows-msvc-release/product/framework/utilities/foundation/CompressionUtils/CompressionUtils_resource.rc
--   Template     : C:/pw/TemplateTool/product/framework/version/templates/app_resource.rc.in
--   Input JSON   : C:/pw/TemplateTool/build/windows-msvc-release/product/framework/version/version_meta.json
--   JSON Target  : generate_version_meta_8fa5974c
--   Target Name  : generate_CompressionUtils_resource_518bf45b
--   Internal Name: CompressionUtils
--   Description  : CompressionUtils Library
--   Original Name: $<TARGET_FILE_NAME:CompressionUtils>
-- ------------------------------------------------------------
-- 
-- [BuildUnitTestModule] CompressionUtilsTests
-- [BuildUnitTestModule]   Sources      : CompressionWrapper_tests.cpp
-- [BuildUnitTestModule]   Link Private : Catch2::Catch2WithMain;CompressionUtils
-- [BuildUnitTestModule]   Include Dirs : .
-- [BuildUnitTestModule]   IDE Folder   : framework/utilities/unit-test
-- [LinkTargetIncludeDirectories] CompressionUtilsTests (PUBLIC)
-- [LinkTargetIncludeDirectories]   Build Interface  : 
-- [LinkTargetIncludeDirectories]   Install Interface: 
-- [LinkTargetIncludeDirectories]   Private          : .
-- 
-- [BuildModule] Base64Utils (SHARED)
-- [BuildModule]   Sources      : src/Base64Utils.cpp
-- [BuildModule]   Headers      : include/ucf/Utilities/Base64Utils/Base64Utils.h
-- [BuildModule]   Header Base  : C:/pw/TemplateTool/product/framework/utilities/foundation/Base64Utils/include
-- [BuildModule]   Link Private : 
-- [BuildModule]   Link Public  : UtilitiesCommonFile
-- [BuildModule]   Dependencies : 
-- [BuildModule]   Definitions  : Utilities_DLL
-- [BuildModule]   IDE Folder   : framework/utilities/foundation
-- [BuildModule]   Include Build: C:/pw/TemplateTool/product/framework/utilities/foundation/Base64Utils/include
-- [BuildModule]   Include Inst : include
-- [BuildModule]   Include Priv : src
-- [LinkTargetIncludeDirectories] Base64Utils (PUBLIC)
-- [LinkTargetIncludeDirectories]   Build Interface  : C:/pw/TemplateTool/product/framework/utilities/foundation/Base64Utils/include
-- [LinkTargetIncludeDirectories]   Install Interface: include
-- [LinkTargetIncludeDirectories]   Private          : src
-- [BuildInstallModule] Base64Utils
-- ====Start Build RC File Module====
-- Parse Args Results:
-- MODULE_NAME: Base64Utils
-- FILE_DESCRIPTION: Base64Utils Library
-- ***create rc file for: Base64Utils***
-- 
-- ============================================================
-- [GenerateAppInfoFiles] Configuring app info file generation
-- ============================================================
--   Output File  : C:/pw/TemplateTool/build/windows-msvc-release/product/framework/utilities/foundation/Base64Utils/Base64Utils_resource.rc
--   Template     : C:/pw/TemplateTool/product/framework/version/templates/app_resource.rc.in
--   Input JSON   : C:/pw/TemplateTool/build/windows-msvc-release/product/framework/version/version_meta.json
--   JSON Target  : generate_version_meta_8fa5974c
--   Target Name  : generate_Base64Utils_resource_bc026a26
--   Internal Name: Base64Utils
--   Description  : Base64Utils Library
--   Original Name: $<TARGET_FILE_NAME:Base64Utils>
-- ------------------------------------------------------------
-- 
-- [BuildUnitTestModule] Base64UtilsTests
-- [BuildUnitTestModule]   Sources      : Base64Utils_tests.cpp
-- [BuildUnitTestModule]   Link Private : Catch2::Catch2WithMain;Base64Utils
-- [BuildUnitTestModule]   Include Dirs : .
-- [BuildUnitTestModule]   IDE Folder   : framework/utilities/unit-test
-- [LinkTargetIncludeDirectories] Base64UtilsTests (PUBLIC)
-- [LinkTargetIncludeDirectories]   Build Interface  : 
-- [LinkTargetIncludeDirectories]   Install Interface: 
-- [LinkTargetIncludeDirectories]   Private          : .
-- 
-- [BuildInterface] StateMachineUtils
-- [BuildInterface]   Headers      : C:/pw/TemplateTool/product/framework/utilities/foundation/StateMachineUtils/include/ucf/Utilities/StateMachineUtils/StateMachine.h;C:/pw/TemplateTool/product/framework/utilities/foundation/StateMachineUtils/include/ucf/Utilities/StateMachineUtils/detail/Log.h;C:/pw/TemplateTool/product/framework/utilities/foundation/StateMachineUtils/include/ucf/Utilities/StateMachineUtils/detail/MoveOnlyFunction.h;C:/pw/TemplateTool/product/framework/utilities/foundation/StateMachineUtils/include/ucf/Utilities/StateMachineUtils/detail/Traits.h;C:/pw/TemplateTool/product/framework/utilities/foundation/StateMachineUtils/include/ucf/Utilities/StateMachineUtils/detail/Transitions.h
-- [BuildInterface]   Header Base  : C:/pw/TemplateTool/product/framework/utilities/foundation/StateMachineUtils/include
-- [BuildInterface]   Link Public  : 
-- [BuildInterface]   Dependencies : 
-- [BuildInterface]   IDE Folder   : framework/utilities
-- [BuildInterface]   Include Build: C:/pw/TemplateTool/product/framework/utilities/foundation/StateMachineUtils/include
-- [BuildInterface]   Include Inst : include
-- [LinkTargetIncludeDirectories] StateMachineUtils (INTERFACE)
-- [LinkTargetIncludeDirectories]   Build Interface  : C:/pw/TemplateTool/product/framework/utilities/foundation/StateMachineUtils/include
-- [LinkTargetIncludeDirectories]   Install Interface: include
-- [LinkTargetIncludeDirectories]   Private          : 
-- [BuildInstallModule] StateMachineUtils
-- 
-- [BuildUnitTestModule] state_machine_utils_unit_test
-- [BuildUnitTestModule]   Sources      : C:/pw/TemplateTool/product/framework/utilities/foundation/StateMachineUtils/unit_test/catch2_tests/FSM_tests.cpp
-- [BuildUnitTestModule]   Link Private : Catch2::Catch2WithMain;StateMachineUtils
-- [BuildUnitTestModule]   Include Dirs : 
-- [BuildUnitTestModule]   IDE Folder   : framework/utilities/unit-tests
-- 
-- [BuildModule] JsonUtils (SHARED)
-- [BuildModule]   Sources      : src/JsonValue.cpp
-- [BuildModule]   Headers      : include/ucf/Utilities/JsonUtils/JsonValue.h
-- [BuildModule]   Header Base  : C:/pw/TemplateTool/product/framework/utilities/foundation/JsonUtils/include
-- [BuildModule]   Link Private : nlohmann_json
-- [BuildModule]   Link Public  : UtilitiesCommonFile
-- [BuildModule]   Dependencies : 
-- [BuildModule]   Definitions  : 
-- [BuildModule]   IDE Folder   : framework/utilities/foundation
-- [BuildModule]   Include Build: C:/pw/TemplateTool/product/framework/utilities/foundation/JsonUtils/include
-- [BuildModule]   Include Inst : include
-- [BuildModule]   Include Priv : src
-- [LinkTargetIncludeDirectories] JsonUtils (PUBLIC)
-- [LinkTargetIncludeDirectories]   Build Interface  : C:/pw/TemplateTool/product/framework/utilities/foundation/JsonUtils/include
-- [LinkTargetIncludeDirectories]   Install Interface: include
-- [LinkTargetIncludeDirectories]   Private          : src
-- [BuildInstallModule] JsonUtils
-- ====Start Build RC File Module====
-- Parse Args Results:
-- MODULE_NAME: JsonUtils
-- FILE_DESCRIPTION: JsonUtils Library
-- ***create rc file for: JsonUtils***
-- 
-- ============================================================
-- [GenerateAppInfoFiles] Configuring app info file generation
-- ============================================================
--   Output File  : C:/pw/TemplateTool/build/windows-msvc-release/product/framework/utilities/foundation/JsonUtils/JsonUtils_resource.rc
--   Template     : C:/pw/TemplateTool/product/framework/version/templates/app_resource.rc.in
--   Input JSON   : C:/pw/TemplateTool/build/windows-msvc-release/product/framework/version/version_meta.json
--   JSON Target  : generate_version_meta_8fa5974c
--   Target Name  : generate_JsonUtils_resource_f177e6dd
--   Internal Name: JsonUtils
--   Description  : JsonUtils Library
--   Original Name: $<TARGET_FILE_NAME:JsonUtils>
-- ------------------------------------------------------------
-- 
-- [BuildUnitTestModule] JsonUtilsTests
-- [BuildUnitTestModule]   Sources      : JsonValue_tests.cpp
-- [BuildUnitTestModule]   Link Private : JsonUtils;Catch2::Catch2WithMain
-- [BuildUnitTestModule]   Include Dirs : .
-- [BuildUnitTestModule]   IDE Folder   : framework/utilities/unit-test
-- [LinkTargetIncludeDirectories] JsonUtilsTests (PUBLIC)
-- [LinkTargetIncludeDirectories]   Build Interface  : 
-- [LinkTargetIncludeDirectories]   Install Interface: 
-- [LinkTargetIncludeDirectories]   Private          : .
-- 
-- [BuildModule] VersionUtils (SHARED)
-- [BuildModule]   Sources      : src/Version.cpp
-- [BuildModule]   Headers      : include/ucf/Utilities/VersionUtils/Version.h
-- [BuildModule]   Header Base  : C:/pw/TemplateTool/product/framework/utilities/foundation/VersionUtils/include
-- [BuildModule]   Link Private : 
-- [BuildModule]   Link Public  : UtilitiesCommonFile
-- [BuildModule]   Dependencies : 
-- [BuildModule]   Definitions  : Utilities_DLL
-- [BuildModule]   IDE Folder   : framework/utilities/foundation
-- [BuildModule]   Include Build: C:/pw/TemplateTool/product/framework/utilities/foundation/VersionUtils/include
-- [BuildModule]   Include Inst : include
-- [BuildModule]   Include Priv : src
-- [LinkTargetIncludeDirectories] VersionUtils (PUBLIC)
-- [LinkTargetIncludeDirectories]   Build Interface  : C:/pw/TemplateTool/product/framework/utilities/foundation/VersionUtils/include
-- [LinkTargetIncludeDirectories]   Install Interface: include
-- [LinkTargetIncludeDirectories]   Private          : src
-- [BuildInstallModule] VersionUtils
-- ====Start Build RC File Module====
-- Parse Args Results:
-- MODULE_NAME: VersionUtils
-- FILE_DESCRIPTION: VersionUtils Library
-- ***create rc file for: VersionUtils***
-- 
-- ============================================================
-- [GenerateAppInfoFiles] Configuring app info file generation
-- ============================================================
--   Output File  : C:/pw/TemplateTool/build/windows-msvc-release/product/framework/utilities/foundation/VersionUtils/VersionUtils_resource.rc
--   Template     : C:/pw/TemplateTool/product/framework/version/templates/app_resource.rc.in
--   Input JSON   : C:/pw/TemplateTool/build/windows-msvc-release/product/framework/version/version_meta.json
--   JSON Target  : generate_version_meta_8fa5974c
--   Target Name  : generate_VersionUtils_resource_7a30b342
--   Internal Name: VersionUtils
--   Description  : VersionUtils Library
--   Original Name: $<TARGET_FILE_NAME:VersionUtils>
-- ------------------------------------------------------------
-- 
-- [BuildUnitTestModule] VersionUtilsTests
-- [BuildUnitTestModule]   Sources      : Version_tests.cpp
-- [BuildUnitTestModule]   Link Private : Catch2::Catch2WithMain;VersionUtils
-- [BuildUnitTestModule]   Include Dirs : .
-- [BuildUnitTestModule]   IDE Folder   : framework/utilities/unit-test
-- [LinkTargetIncludeDirectories] VersionUtilsTests (PUBLIC)
-- [LinkTargetIncludeDirectories]   Build Interface  : 
-- [LinkTargetIncludeDirectories]   Install Interface: 
-- [LinkTargetIncludeDirectories]   Private          : .
-- 
-- [BuildModule] QRCodeUtils (SHARED)
-- [BuildModule]   Sources      : src/QRCodeUtils.cpp
-- [BuildModule]   Headers      : include/ucf/Utilities/QRCodeUtils/QRCodeUtils.h
-- [BuildModule]   Header Base  : C:/pw/TemplateTool/product/framework/utilities/foundation/QRCodeUtils/include
-- [BuildModule]   Link Private : qrcodegen
-- [BuildModule]   Link Public  : UtilitiesCommonFile
-- [BuildModule]   Dependencies : 
-- [BuildModule]   Definitions  : Utilities_DLL
-- [BuildModule]   IDE Folder   : framework/utilities/platform
-- [BuildModule]   Include Build: C:/pw/TemplateTool/product/framework/utilities/foundation/QRCodeUtils/include
-- [BuildModule]   Include Inst : include
-- [BuildModule]   Include Priv : src
-- [LinkTargetIncludeDirectories] QRCodeUtils (PUBLIC)
-- [LinkTargetIncludeDirectories]   Build Interface  : C:/pw/TemplateTool/product/framework/utilities/foundation/QRCodeUtils/include
-- [LinkTargetIncludeDirectories]   Install Interface: include
-- [LinkTargetIncludeDirectories]   Private          : src
-- [BuildInstallModule] QRCodeUtils
-- ====Start Build RC File Module====
-- Parse Args Results:
-- MODULE_NAME: QRCodeUtils
-- FILE_DESCRIPTION: QRCodeUtils Library
-- ***create rc file for: QRCodeUtils***
-- 
-- ============================================================
-- [GenerateAppInfoFiles] Configuring app info file generation
-- ============================================================
--   Output File  : C:/pw/TemplateTool/build/windows-msvc-release/product/framework/utilities/foundation/QRCodeUtils/QRCodeUtils_resource.rc
--   Template     : C:/pw/TemplateTool/product/framework/version/templates/app_resource.rc.in
--   Input JSON   : C:/pw/TemplateTool/build/windows-msvc-release/product/framework/version/version_meta.json
--   JSON Target  : generate_version_meta_8fa5974c
--   Target Name  : generate_QRCodeUtils_resource_b2cd0c4a
--   Internal Name: QRCodeUtils
--   Description  : QRCodeUtils Library
--   Original Name: $<TARGET_FILE_NAME:QRCodeUtils>
-- ------------------------------------------------------------
-- 
-- [BuildModule] TcpChannelUtils (SHARED)
-- [BuildModule]   Sources      : src/TcpChannel.h;src/TcpChannel.cpp;src/TcpChannelLogger.h;src/SocketHelper.h;src/SocketHelper_Win.cpp
-- [BuildModule]   Headers      : include/ucf/Utilities/TcpChannelUtils/TcpChannelConfig.h;include/ucf/Utilities/TcpChannelUtils/ITcpChannelCallback.h;include/ucf/Utilities/TcpChannelUtils/ITcpChannel.h
-- [BuildModule]   Header Base  : C:/pw/TemplateTool/product/framework/utilities/extended/TcpChannelUtils/include
-- [BuildModule]   Link Private : LoggerUtils;magic_enum;ws2_32
-- [BuildModule]   Link Public  : UtilitiesCommonFile;NotificationHelper
-- [BuildModule]   Dependencies : 
-- [BuildModule]   Definitions  : Utilities_DLL
-- [BuildModule]   IDE Folder   : framework/utilities/ipc
-- [BuildModule]   Include Build: C:/pw/TemplateTool/product/framework/utilities/extended/TcpChannelUtils/include
-- [BuildModule]   Include Inst : include
-- [BuildModule]   Include Priv : src
-- [LinkTargetIncludeDirectories] TcpChannelUtils (PUBLIC)
-- [LinkTargetIncludeDirectories]   Build Interface  : C:/pw/TemplateTool/product/framework/utilities/extended/TcpChannelUtils/include
-- [LinkTargetIncludeDirectories]   Install Interface: include
-- [LinkTargetIncludeDirectories]   Private          : src
-- [BuildInstallModule] TcpChannelUtils
-- ====Start Build RC File Module====
-- Parse Args Results:
-- MODULE_NAME: TcpChannelUtils
-- FILE_DESCRIPTION: TcpChannelUtils Library
-- ***create rc file for: TcpChannelUtils***
-- 
-- ============================================================
-- [GenerateAppInfoFiles] Configuring app info file generation
-- ============================================================
--   Output File  : C:/pw/TemplateTool/build/windows-msvc-release/product/framework/utilities/extended/TcpChannelUtils/TcpChannelUtils_resource.rc
--   Template     : C:/pw/TemplateTool/product/framework/version/templates/app_resource.rc.in
--   Input JSON   : C:/pw/TemplateTool/build/windows-msvc-release/product/framework/version/version_meta.json
--   JSON Target  : generate_version_meta_8fa5974c
--   Target Name  : generate_TcpChannelUtils_resource_07c57c5a
--   Internal Name: TcpChannelUtils
--   Description  : TcpChannelUtils Library
--   Original Name: $<TARGET_FILE_NAME:TcpChannelUtils>
-- ------------------------------------------------------------
-- 
-- [BuildUnitTestModule] TcpChannelTests
-- [BuildUnitTestModule]   Sources      : TcpChannelTests.cpp
-- [BuildUnitTestModule]   Link Private : Catch2::Catch2WithMain;TcpChannelUtils
-- [BuildUnitTestModule]   Include Dirs : .
-- [BuildUnitTestModule]   IDE Folder   : framework/utilities/unit-test
-- [LinkTargetIncludeDirectories] TcpChannelTests (PUBLIC)
-- [LinkTargetIncludeDirectories]   Build Interface  : 
-- [LinkTargetIncludeDirectories]   Install Interface: 
-- [LinkTargetIncludeDirectories]   Private          : .
-- 
-- [BuildModule] ProcessBridgeUtils (SHARED)
-- [BuildModule]   Sources      : src/ProcessBridge.h;src/ProcessBridge.cpp;src/ProcessBridgeLogger.h;src/ProcessLauncher.h;src/ProcessLauncher_Win.cpp
-- [BuildModule]   Headers      : include/ucf/Utilities/ProcessBridgeUtils/ProcessBridgeConfig.h;include/ucf/Utilities/ProcessBridgeUtils/IProcessBridgeCallback.h;include/ucf/Utilities/ProcessBridgeUtils/IProcessBridge.h
-- [BuildModule]   Header Base  : C:/pw/TemplateTool/product/framework/utilities/extended/ProcessBridgeUtils/include
-- [BuildModule]   Link Private : LoggerUtils;magic_enum
-- [BuildModule]   Link Public  : UtilitiesCommonFile;NotificationHelper
-- [BuildModule]   Dependencies : 
-- [BuildModule]   Definitions  : Utilities_DLL
-- [BuildModule]   IDE Folder   : framework/utilities/ipc
-- [BuildModule]   Include Build: C:/pw/TemplateTool/product/framework/utilities/extended/ProcessBridgeUtils/include
-- [BuildModule]   Include Inst : include
-- [BuildModule]   Include Priv : src
-- [LinkTargetIncludeDirectories] ProcessBridgeUtils (PUBLIC)
-- [LinkTargetIncludeDirectories]   Build Interface  : C:/pw/TemplateTool/product/framework/utilities/extended/ProcessBridgeUtils/include
-- [LinkTargetIncludeDirectories]   Install Interface: include
-- [LinkTargetIncludeDirectories]   Private          : src
-- [BuildInstallModule] ProcessBridgeUtils
-- ====Start Build RC File Module====
-- Parse Args Results:
-- MODULE_NAME: ProcessBridgeUtils
-- FILE_DESCRIPTION: ProcessBridgeUtils Library
-- ***create rc file for: ProcessBridgeUtils***
-- 
-- ============================================================
-- [GenerateAppInfoFiles] Configuring app info file generation
-- ============================================================
--   Output File  : C:/pw/TemplateTool/build/windows-msvc-release/product/framework/utilities/extended/ProcessBridgeUtils/ProcessBridgeUtils_resource.rc
--   Template     : C:/pw/TemplateTool/product/framework/version/templates/app_resource.rc.in
--   Input JSON   : C:/pw/TemplateTool/build/windows-msvc-release/product/framework/version/version_meta.json
--   JSON Target  : generate_version_meta_8fa5974c
--   Target Name  : generate_ProcessBridgeUtils_resource_edb64dd1
--   Internal Name: ProcessBridgeUtils
--   Description  : ProcessBridgeUtils Library
--   Original Name: $<TARGET_FILE_NAME:ProcessBridgeUtils>
-- ------------------------------------------------------------
-- 
-- [BuildUnitTestModule] ProcessBridgeTests
-- [BuildUnitTestModule]   Sources      : ProcessBridgeTests.cpp
-- [BuildUnitTestModule]   Link Private : Catch2::Catch2WithMain;ProcessBridgeUtils
-- [BuildUnitTestModule]   Include Dirs : .
-- [BuildUnitTestModule]   IDE Folder   : framework/utilities/unit-test
-- [LinkTargetIncludeDirectories] ProcessBridgeTests (PUBLIC)
-- [LinkTargetIncludeDirectories]   Build Interface  : 
-- [LinkTargetIncludeDirectories]   Install Interface: 
-- [LinkTargetIncludeDirectories]   Private          : .
-- 
-- [BuildModule] FFmpegCliUtils (SHARED)
-- [BuildModule]   Sources      : src/FFmpegLogger.h;src/FFmpegLocatorPlatform.h;src/FFmpegLocator.cpp;src/FFmpegCli.cpp;src/FFmpegLocator_Win.cpp
-- [BuildModule]   Headers      : include/ucf/Utilities/FFmpegUtils/Cli/FFmpegExport.h;include/ucf/Utilities/FFmpegUtils/Cli/FFmpegLocator.h;include/ucf/Utilities/FFmpegUtils/Cli/FFmpegCli.h
-- [BuildModule]   Header Base  : C:/pw/TemplateTool/product/framework/utilities/extended/FFmpegUtils/cli/include
-- [BuildModule]   Link Private : LoggerUtils;ProcessBridgeUtils
-- [BuildModule]   Link Public  : UtilitiesCommonFile
-- [BuildModule]   Dependencies : 
-- [BuildModule]   Definitions  : Utilities_DLL
-- [BuildModule]   IDE Folder   : framework/utilities/media
-- [BuildModule]   Include Build: C:/pw/TemplateTool/product/framework/utilities/extended/FFmpegUtils/cli/include
-- [BuildModule]   Include Inst : include
-- [BuildModule]   Include Priv : src
-- [LinkTargetIncludeDirectories] FFmpegCliUtils (PUBLIC)
-- [LinkTargetIncludeDirectories]   Build Interface  : C:/pw/TemplateTool/product/framework/utilities/extended/FFmpegUtils/cli/include
-- [LinkTargetIncludeDirectories]   Install Interface: include
-- [LinkTargetIncludeDirectories]   Private          : src
-- [BuildInstallModule] FFmpegCliUtils
-- ====Start Build RC File Module====
-- Parse Args Results:
-- MODULE_NAME: FFmpegCliUtils
-- FILE_DESCRIPTION: FFmpegCliUtils Library
-- ***create rc file for: FFmpegCliUtils***
-- 
-- ============================================================
-- [GenerateAppInfoFiles] Configuring app info file generation
-- ============================================================
--   Output File  : C:/pw/TemplateTool/build/windows-msvc-release/product/framework/utilities/extended/FFmpegUtils/cli/FFmpegCliUtils_resource.rc
--   Template     : C:/pw/TemplateTool/product/framework/version/templates/app_resource.rc.in
--   Input JSON   : C:/pw/TemplateTool/build/windows-msvc-release/product/framework/version/version_meta.json
--   JSON Target  : generate_version_meta_8fa5974c
--   Target Name  : generate_FFmpegCliUtils_resource_bda50d21
--   Internal Name: FFmpegCliUtils
--   Description  : FFmpegCliUtils Library
--   Original Name: $<TARGET_FILE_NAME:FFmpegCliUtils>
-- ------------------------------------------------------------
-- 
-- [BuildModule] FFmpegLibUtils (SHARED)
-- [BuildModule]   Sources      : src/FFmpegLibLogger.h;src/FFmpegInternal.h;src/codecs/AudioDecoder.h;src/codecs/AudioDecoder.cpp;src/codecs/AudioEncoder.h;src/codecs/AudioEncoder.cpp;src/codecs/VideoDecoder.h;src/codecs/VideoDecoder.cpp;src/containers/Demuxer.h;src/containers/Demuxer.cpp;src/containers/Muxer.h;src/containers/Muxer.cpp;src/filters/Resampler.h;src/filters/Resampler.cpp;src/filters/Scaler.h;src/filters/Scaler.cpp;src/FFmpegLib.cpp;src/FFmpegSession.cpp;src/core/ErrorHandler.cpp;src/core/TranscodeSession.cpp;src/core/MediaMetadata.cpp;src/core/Core.cpp
-- [BuildModule]   Headers      : include/ucf/Utilities/FFmpegUtils/Lib/FFmpegExport.h;include/ucf/Utilities/FFmpegUtils/Lib/FFmpegTypes.h;include/ucf/Utilities/FFmpegUtils/Lib/FFmpegLib.h;include/ucf/Utilities/FFmpegUtils/Lib/FFmpegSession.h;include/ucf/Utilities/FFmpegUtils/Core.h;include/ucf/Utilities/FFmpegUtils/Core/ErrorHandler.h;include/ucf/Utilities/FFmpegUtils/Core/TranscodeSession.h;include/ucf/Utilities/FFmpegUtils/Core/MediaMetadata.h
-- [BuildModule]   Header Base  : C:/pw/TemplateTool/product/framework/utilities/extended/FFmpegUtils/lib/include
-- [BuildModule]   Link Private : LoggerUtils;ffmpeg_lib
-- [BuildModule]   Link Public  : UtilitiesCommonFile
-- [BuildModule]   Dependencies : 
-- [BuildModule]   Definitions  : Utilities_DLL
-- [BuildModule]   IDE Folder   : framework/utilities/media
-- [BuildModule]   Include Build: C:/pw/TemplateTool/product/framework/utilities/extended/FFmpegUtils/lib/include
-- [BuildModule]   Include Inst : include
-- [BuildModule]   Include Priv : src
-- [LinkTargetIncludeDirectories] FFmpegLibUtils (PUBLIC)
-- [LinkTargetIncludeDirectories]   Build Interface  : C:/pw/TemplateTool/product/framework/utilities/extended/FFmpegUtils/lib/include
-- [LinkTargetIncludeDirectories]   Install Interface: include
-- [LinkTargetIncludeDirectories]   Private          : src
-- [BuildInstallModule] FFmpegLibUtils
-- ====Start Build RC File Module====
-- Parse Args Results:
-- MODULE_NAME: FFmpegLibUtils
-- FILE_DESCRIPTION: FFmpegLibUtils Library
-- ***create rc file for: FFmpegLibUtils***
-- 
-- ============================================================
-- [GenerateAppInfoFiles] Configuring app info file generation
-- ============================================================
--   Output File  : C:/pw/TemplateTool/build/windows-msvc-release/product/framework/utilities/extended/FFmpegUtils/lib/FFmpegLibUtils_resource.rc
--   Template     : C:/pw/TemplateTool/product/framework/version/templates/app_resource.rc.in
--   Input JSON   : C:/pw/TemplateTool/build/windows-msvc-release/product/framework/version/version_meta.json
--   JSON Target  : generate_version_meta_8fa5974c
--   Target Name  : generate_FFmpegLibUtils_resource_0bed8195
--   Internal Name: FFmpegLibUtils
--   Description  : FFmpegLibUtils Library
--   Original Name: $<TARGET_FILE_NAME:FFmpegLibUtils>
-- ------------------------------------------------------------
-- 
-- [BuildUnitTestModule] FFmpegLibUtilsTests
-- [BuildUnitTestModule]   Sources      : FFmpegLib_tests.cpp
-- [BuildUnitTestModule]   Link Private : Catch2::Catch2WithMain;FFmpegLibUtils
-- [BuildUnitTestModule]   Include Dirs : .
-- [BuildUnitTestModule]   IDE Folder   : framework/utilities/unit-test
-- [LinkTargetIncludeDirectories] FFmpegLibUtilsTests (PUBLIC)
-- [LinkTargetIncludeDirectories]   Build Interface  : 
-- [LinkTargetIncludeDirectories]   Install Interface: 
-- [LinkTargetIncludeDirectories]   Private          : .
-- 
-- [BuildModule] ArchiveUtils (SHARED)
-- [BuildModule]   Sources      : src/ArchiveWrapper.cpp;src/ArchiveUtilsLogger.h
-- [BuildModule]   Headers      : include/ucf/Utilities/ArchiveUtils/ArchiveWrapper.h
-- [BuildModule]   Header Base  : C:/pw/TemplateTool/product/framework/utilities/extended/ArchiveUtils/include
-- [BuildModule]   Link Private : archive::zip;archive::multi;LoggerUtils;FilePathUtils
-- [BuildModule]   Link Public  : UtilitiesCommonFile
-- [BuildModule]   Dependencies : 
-- [BuildModule]   Definitions  : Utilities_DLL
-- [BuildModule]   IDE Folder   : framework/utilities/platform
-- [BuildModule]   Include Build: C:/pw/TemplateTool/product/framework/utilities/extended/ArchiveUtils/include
-- [BuildModule]   Include Inst : include
-- [BuildModule]   Include Priv : src
-- [LinkTargetIncludeDirectories] ArchiveUtils (PUBLIC)
-- [LinkTargetIncludeDirectories]   Build Interface  : C:/pw/TemplateTool/product/framework/utilities/extended/ArchiveUtils/include
-- [LinkTargetIncludeDirectories]   Install Interface: include
-- [LinkTargetIncludeDirectories]   Private          : src
-- [BuildInstallModule] ArchiveUtils
-- ====Start Build RC File Module====
-- Parse Args Results:
-- MODULE_NAME: ArchiveUtils
-- FILE_DESCRIPTION: ArchiveUtils Library
-- ***create rc file for: ArchiveUtils***
-- 
-- ============================================================
-- [GenerateAppInfoFiles] Configuring app info file generation
-- ============================================================
--   Output File  : C:/pw/TemplateTool/build/windows-msvc-release/product/framework/utilities/extended/ArchiveUtils/ArchiveUtils_resource.rc
--   Template     : C:/pw/TemplateTool/product/framework/version/templates/app_resource.rc.in
--   Input JSON   : C:/pw/TemplateTool/build/windows-msvc-release/product/framework/version/version_meta.json
--   JSON Target  : generate_version_meta_8fa5974c
--   Target Name  : generate_ArchiveUtils_resource_7aabcf71
--   Internal Name: ArchiveUtils
--   Description  : ArchiveUtils Library
--   Original Name: $<TARGET_FILE_NAME:ArchiveUtils>
-- ------------------------------------------------------------
-- 
-- [BuildUnitTestModule] ArchiveUtilsTests
-- [BuildUnitTestModule]   Sources      : ArchiveWrapper_tests.cpp
-- [BuildUnitTestModule]   Link Private : Catch2::Catch2WithMain;ArchiveUtils
-- [BuildUnitTestModule]   Include Dirs : .
-- [BuildUnitTestModule]   IDE Folder   : framework/utilities/unit-test
-- [LinkTargetIncludeDirectories] ArchiveUtilsTests (PUBLIC)
-- [LinkTargetIncludeDirectories]   Build Interface  : 
-- [LinkTargetIncludeDirectories]   Install Interface: 
-- [LinkTargetIncludeDirectories]   Private          : .
-- 
-- [BuildModule] ImageProcessUtils (SHARED)
-- [BuildModule]   Sources      : src/ImageProcessUtils.cpp
-- [BuildModule]   Headers      : include/ucf/Utilities/ImageProcessUtils/ImageProcessUtils.h
-- [BuildModule]   Header Base  : C:/pw/TemplateTool/product/framework/utilities/extended/ImageProcessUtils/include
-- [BuildModule]   Link Private : opencv;Base64Utils
-- [BuildModule]   Link Public  : UtilitiesCommonFile
-- [BuildModule]   Dependencies : 
-- [BuildModule]   Definitions  : Utilities_DLL
-- [BuildModule]   IDE Folder   : framework/utilities/platform
-- [BuildModule]   Include Build: C:/pw/TemplateTool/product/framework/utilities/extended/ImageProcessUtils/include
-- [BuildModule]   Include Inst : include
-- [BuildModule]   Include Priv : src
-- [LinkTargetIncludeDirectories] ImageProcessUtils (PUBLIC)
-- [LinkTargetIncludeDirectories]   Build Interface  : C:/pw/TemplateTool/product/framework/utilities/extended/ImageProcessUtils/include
-- [LinkTargetIncludeDirectories]   Install Interface: include
-- [LinkTargetIncludeDirectories]   Private          : src
-- [BuildInstallModule] ImageProcessUtils
-- ====Start Build RC File Module====
-- Parse Args Results:
-- MODULE_NAME: ImageProcessUtils
-- FILE_DESCRIPTION: ImageProcessUtils Library
-- ***create rc file for: ImageProcessUtils***
-- 
-- ============================================================
-- [GenerateAppInfoFiles] Configuring app info file generation
-- ============================================================
--   Output File  : C:/pw/TemplateTool/build/windows-msvc-release/product/framework/utilities/extended/ImageProcessUtils/ImageProcessUtils_resource.rc
--   Template     : C:/pw/TemplateTool/product/framework/version/templates/app_resource.rc.in
--   Input JSON   : C:/pw/TemplateTool/build/windows-msvc-release/product/framework/version/version_meta.json
--   JSON Target  : generate_version_meta_8fa5974c
--   Target Name  : generate_ImageProcessUtils_resource_b28b6e0b
--   Internal Name: ImageProcessUtils
--   Description  : ImageProcessUtils Library
--   Original Name: $<TARGET_FILE_NAME:ImageProcessUtils>
-- ------------------------------------------------------------
-- 
-- [BuildModule] ScreenCaptureUtils (SHARED)
-- [BuildModule]   Sources      : src/ScreenCaptureUtils.cpp;src/windows/ScreenCaptureUtils_Win.h;src/windows/ScreenCaptureUtils_Win.cpp
-- [BuildModule]   Headers      : include/ucf/Utilities/ScreenCaptureUtils/ScreenCaptureUtils.h
-- [BuildModule]   Header Base  : C:/pw/TemplateTool/product/framework/utilities/extended/ScreenCaptureUtils/include
-- [BuildModule]   Link Private : dwmapi;shcore
-- [BuildModule]   Link Public  : UtilitiesCommonFile
-- [BuildModule]   Dependencies : 
-- [BuildModule]   Definitions  : Utilities_DLL
-- [BuildModule]   IDE Folder   : framework/utilities/platform
-- [BuildModule]   Include Build: C:/pw/TemplateTool/product/framework/utilities/extended/ScreenCaptureUtils/include
-- [BuildModule]   Include Inst : include
-- [BuildModule]   Include Priv : src;src/windows
-- [LinkTargetIncludeDirectories] ScreenCaptureUtils (PUBLIC)
-- [LinkTargetIncludeDirectories]   Build Interface  : C:/pw/TemplateTool/product/framework/utilities/extended/ScreenCaptureUtils/include
-- [LinkTargetIncludeDirectories]   Install Interface: include
-- [LinkTargetIncludeDirectories]   Private          : src;src/windows
-- [BuildInstallModule] ScreenCaptureUtils
-- ====Start Build RC File Module====
-- Parse Args Results:
-- MODULE_NAME: ScreenCaptureUtils
-- FILE_DESCRIPTION: ScreenCaptureUtils Library
-- ***create rc file for: ScreenCaptureUtils***
-- 
-- ============================================================
-- [GenerateAppInfoFiles] Configuring app info file generation
-- ============================================================
--   Output File  : C:/pw/TemplateTool/build/windows-msvc-release/product/framework/utilities/extended/ScreenCaptureUtils/ScreenCaptureUtils_resource.rc
--   Template     : C:/pw/TemplateTool/product/framework/version/templates/app_resource.rc.in
--   Input JSON   : C:/pw/TemplateTool/build/windows-msvc-release/product/framework/version/version_meta.json
--   JSON Target  : generate_version_meta_8fa5974c
--   Target Name  : generate_ScreenCaptureUtils_resource_4b3cdfb4
--   Internal Name: ScreenCaptureUtils
--   Description  : ScreenCaptureUtils Library
--   Original Name: $<TARGET_FILE_NAME:ScreenCaptureUtils>
-- ------------------------------------------------------------
-- 
-- [BuildModule] ScreenRecordingUtils (SHARED)
-- [BuildModule]   Sources      : src/ScreenRecordingUtils.cpp;src/windows/ScreenRecorder_Win.h;src/windows/ScreenRecorder_Win.cpp;src/windows/WasapiLoopbackCapture.h;src/windows/WasapiLoopbackCapture.cpp;src/windows/WinEncodingUtils.h;src/windows/DShowDeviceHelper.h;src/windows/DShowDeviceHelper.cpp
-- [BuildModule]   Headers      : include/ucf/Utilities/ScreenRecordingUtils/ScreenRecordingUtils.h
-- [BuildModule]   Header Base  : C:/pw/TemplateTool/product/framework/utilities/extended/ScreenRecordingUtils/include
-- [BuildModule]   Link Private : LoggerUtils;ProcessBridgeUtils;FFmpegCliUtils;ole32;uuid;strmiids
-- [BuildModule]   Link Public  : UtilitiesCommonFile
-- [BuildModule]   Dependencies : FFmpegRuntime
-- [BuildModule]   Definitions  : Utilities_DLL
-- [BuildModule]   IDE Folder   : framework/utilities/platform
-- [BuildModule]   Include Build: C:/pw/TemplateTool/product/framework/utilities/extended/ScreenRecordingUtils/include
-- [BuildModule]   Include Inst : include
-- [BuildModule]   Include Priv : src;src/windows
-- [LinkTargetIncludeDirectories] ScreenRecordingUtils (PUBLIC)
-- [LinkTargetIncludeDirectories]   Build Interface  : C:/pw/TemplateTool/product/framework/utilities/extended/ScreenRecordingUtils/include
-- [LinkTargetIncludeDirectories]   Install Interface: include
-- [LinkTargetIncludeDirectories]   Private          : src;src/windows
-- [BuildInstallModule] ScreenRecordingUtils
-- ====Start Build RC File Module====
-- Parse Args Results:
-- MODULE_NAME: ScreenRecordingUtils
-- FILE_DESCRIPTION: ScreenRecordingUtils Library
-- ***create rc file for: ScreenRecordingUtils***
-- 
-- ============================================================
-- [GenerateAppInfoFiles] Configuring app info file generation
-- ============================================================
--   Output File  : C:/pw/TemplateTool/build/windows-msvc-release/product/framework/utilities/extended/ScreenRecordingUtils/ScreenRecordingUtils_resource.rc
--   Template     : C:/pw/TemplateTool/product/framework/version/templates/app_resource.rc.in
--   Input JSON   : C:/pw/TemplateTool/build/windows-msvc-release/product/framework/version/version_meta.json
--   JSON Target  : generate_version_meta_8fa5974c
--   Target Name  : generate_ScreenRecordingUtils_resource_1c83550a
--   Internal Name: ScreenRecordingUtils
--   Description  : ScreenRecordingUtils Library
--   Original Name: $<TARGET_FILE_NAME:ScreenRecordingUtils>
-- ------------------------------------------------------------
-- 
-- [BuildInterface] InfrastructureCommonFile
-- [BuildInterface]   Headers      : include/ucf/Infrastructure/InfrastructureCommonFile/InfrastructureExport.h
-- [BuildInterface]   Header Base  : C:/pw/TemplateTool/product/framework/infrastructure/common_file/InfrastructureCommonFile/include
-- [BuildInterface]   Link Public  : 
-- [BuildInterface]   Dependencies : 
-- [BuildInterface]   IDE Folder   : framework/infrastructure/common_file
-- [BuildInterface]   Include Build: C:/pw/TemplateTool/product/framework/infrastructure/common_file/InfrastructureCommonFile/include
-- [BuildInterface]   Include Inst : include
-- [LinkTargetIncludeDirectories] InfrastructureCommonFile (INTERFACE)
-- [LinkTargetIncludeDirectories]   Build Interface  : C:/pw/TemplateTool/product/framework/infrastructure/common_file/InfrastructureCommonFile/include
-- [LinkTargetIncludeDirectories]   Install Interface: include
-- [LinkTargetIncludeDirectories]   Private          : 
-- [BuildInstallModule] InfrastructureCommonFile
-- 
-- [BuildModule] DatabaseClient (SHARED)
-- [BuildModule]   Sources      : src/DatabaseClientLogger.h;src/DatabaseFactory.cpp;src/DatabaseDataRecord.cpp;src/DatabaseSchema.cpp;src/DatabaseDataValue.cpp;src/SqliteWrapper/SqliteDatabaseWrapper.h;src/SqliteWrapper/SqliteDatabaseWrapper.cpp
-- [BuildModule]   Headers      : include/ucf/Infrastructure/DatabaseClient/IDatabaseWrapper.h;include/ucf/Infrastructure/DatabaseClient/DatabaseConfig.h;include/ucf/Infrastructure/DatabaseClient/DatabaseFactory.h;include/ucf/Infrastructure/DatabaseClient/DatabaseSchema.h;include/ucf/Infrastructure/DatabaseClient/DatabaseDataValue.h;include/ucf/Infrastructure/DatabaseClient/DatabaseDataRecord.h
-- [BuildModule]   Header Base  : C:/pw/TemplateTool/product/framework/infrastructure/foundation/DatabaseClient/include
-- [BuildModule]   Link Private : UUIDUtils;Sqlite3;LoggerUtils
-- [BuildModule]   Link Public  : InfrastructureCommonFile
-- [BuildModule]   Dependencies : 
-- [BuildModule]   Definitions  : Infrastructure_DLL
-- [BuildModule]   IDE Folder   : framework/infrastructure/foundation
-- [BuildModule]   Include Build: C:/pw/TemplateTool/product/framework/infrastructure/foundation/DatabaseClient/include
-- [BuildModule]   Include Inst : include
-- [BuildModule]   Include Priv : src
-- [LinkTargetIncludeDirectories] DatabaseClient (PUBLIC)
-- [LinkTargetIncludeDirectories]   Build Interface  : C:/pw/TemplateTool/product/framework/infrastructure/foundation/DatabaseClient/include
-- [LinkTargetIncludeDirectories]   Install Interface: include
-- [LinkTargetIncludeDirectories]   Private          : src
-- [BuildInstallModule] DatabaseClient
-- ====Start Build RC File Module====
-- Parse Args Results:
-- MODULE_NAME: DatabaseClient
-- FILE_DESCRIPTION: DatabaseClient Library
-- ***create rc file for: DatabaseClient***
-- 
-- ============================================================
-- [GenerateAppInfoFiles] Configuring app info file generation
-- ============================================================
--   Output File  : C:/pw/TemplateTool/build/windows-msvc-release/product/framework/infrastructure/foundation/DatabaseClient/DatabaseClient_resource.rc
--   Template     : C:/pw/TemplateTool/product/framework/version/templates/app_resource.rc.in
--   Input JSON   : C:/pw/TemplateTool/build/windows-msvc-release/product/framework/version/version_meta.json
--   JSON Target  : generate_version_meta_8fa5974c
--   Target Name  : generate_DatabaseClient_resource_b0b6a2e1
--   Internal Name: DatabaseClient
--   Description  : DatabaseClient Library
--   Original Name: $<TARGET_FILE_NAME:DatabaseClient>
-- ------------------------------------------------------------
-- 
-- [BuildModule] NetworkModelTypes (SHARED)
-- [BuildModule]   Sources      : src/NetworkHttpRequest.cpp;src/NetworkHttpResponse.cpp
-- [BuildModule]   Headers      : include/ucf/Infrastructure/NetworkClient/NetworkModelTypes/Http/NetworkHttpRequest.h;include/ucf/Infrastructure/NetworkClient/NetworkModelTypes/Http/NetworkHttpResponse.h;include/ucf/Infrastructure/NetworkClient/NetworkModelTypes/Http/NetworkHttpTypes.h;include/ucf/Infrastructure/NetworkClient/NetworkModelTypes/Http/INetworkHttpClient.h
-- [BuildModule]   Header Base  : C:/pw/TemplateTool/product/framework/infrastructure/foundation/NetworkClient/NetworkModelTypes/include
-- [BuildModule]   Link Private : UUIDUtils
-- [BuildModule]   Link Public  : InfrastructureCommonFile
-- [BuildModule]   Dependencies : 
-- [BuildModule]   Definitions  : Infrastructure_DLL
-- [BuildModule]   IDE Folder   : framework/infrastructure/foundation/NetworkClient
-- [BuildModule]   Include Build: C:/pw/TemplateTool/product/framework/infrastructure/foundation/NetworkClient/NetworkModelTypes/include
-- [BuildModule]   Include Inst : include
-- [BuildModule]   Include Priv : src
-- [LinkTargetIncludeDirectories] NetworkModelTypes (PUBLIC)
-- [LinkTargetIncludeDirectories]   Build Interface  : C:/pw/TemplateTool/product/framework/infrastructure/foundation/NetworkClient/NetworkModelTypes/include
-- [LinkTargetIncludeDirectories]   Install Interface: include
-- [LinkTargetIncludeDirectories]   Private          : src
-- [BuildInstallModule] NetworkModelTypes
-- ====Start Build RC File Module====
-- Parse Args Results:
-- MODULE_NAME: NetworkModelTypes
-- FILE_DESCRIPTION: NetworkModelTypes Library
-- ***create rc file for: NetworkModelTypes***
-- 
-- ============================================================
-- [GenerateAppInfoFiles] Configuring app info file generation
-- ============================================================
--   Output File  : C:/pw/TemplateTool/build/windows-msvc-release/product/framework/infrastructure/foundation/NetworkClient/NetworkModelTypes/NetworkModelTypes_resource.rc
--   Template     : C:/pw/TemplateTool/product/framework/version/templates/app_resource.rc.in
--   Input JSON   : C:/pw/TemplateTool/build/windows-msvc-release/product/framework/version/version_meta.json
--   JSON Target  : generate_version_meta_8fa5974c
--   Target Name  : generate_NetworkModelTypes_resource_2da8a245
--   Internal Name: NetworkModelTypes
--   Description  : NetworkModelTypes Library
--   Original Name: $<TARGET_FILE_NAME:NetworkModelTypes>
-- ------------------------------------------------------------
-- 
-- [BuildModule] LibCurlClient (SHARED)
-- [BuildModule]   Sources      : src/LibCurlClient.cpp;src/LibCurlClientLogger.h;src/LibCurlMultiHandleManager.h;src/LibCurlMultiHandleManager.cpp;src/LibCurlMultiHandle.h;src/LibCurlMultiHandle.cpp;src/LibCurlEasyHandle.h;src/LibCurlEasyHandle.cpp;src/LibCurlPayloadData.h;src/LibCurlPayloadData.cpp
-- [BuildModule]   Headers      : include/ucf/Infrastructure/NetworkClient/LibCurlClient/LibCurlClient.h
-- [BuildModule]   Header Base  : C:/pw/TemplateTool/product/framework/infrastructure/foundation/NetworkClient/LibCurlClient/include
-- [BuildModule]   Link Private : LoggerUtils;openssl;curl
-- [BuildModule]   Link Public  : InfrastructureCommonFile;NetworkModelTypes;StringUtils
-- [BuildModule]   Dependencies : 
-- [BuildModule]   Definitions  : Infrastructure_DLL
-- [BuildModule]   IDE Folder   : framework/infrastructure/foundation/NetworkClient
-- [BuildModule]   Include Build: C:/pw/TemplateTool/product/framework/infrastructure/foundation/NetworkClient/LibCurlClient/include
-- [BuildModule]   Include Inst : include
-- [BuildModule]   Include Priv : src
-- [LinkTargetIncludeDirectories] LibCurlClient (PUBLIC)
-- [LinkTargetIncludeDirectories]   Build Interface  : C:/pw/TemplateTool/product/framework/infrastructure/foundation/NetworkClient/LibCurlClient/include
-- [LinkTargetIncludeDirectories]   Install Interface: include
-- [LinkTargetIncludeDirectories]   Private          : src
-- [BuildInstallModule] LibCurlClient
-- ====Start Build RC File Module====
-- Parse Args Results:
-- MODULE_NAME: LibCurlClient
-- FILE_DESCRIPTION: LibCurlClient Library
-- ***create rc file for: LibCurlClient***
-- 
-- ============================================================
-- [GenerateAppInfoFiles] Configuring app info file generation
-- ============================================================
--   Output File  : C:/pw/TemplateTool/build/windows-msvc-release/product/framework/infrastructure/foundation/NetworkClient/LibCurlClient/LibCurlClient_resource.rc
--   Template     : C:/pw/TemplateTool/product/framework/version/templates/app_resource.rc.in
--   Input JSON   : C:/pw/TemplateTool/build/windows-msvc-release/product/framework/version/version_meta.json
--   JSON Target  : generate_version_meta_8fa5974c
--   Target Name  : generate_LibCurlClient_resource_e066fbfc
--   Internal Name: LibCurlClient
--   Description  : LibCurlClient Library
--   Original Name: $<TARGET_FILE_NAME:LibCurlClient>
-- ------------------------------------------------------------
-- 
-- [BuildModule] TimerScheduler (SHARED)
-- [BuildModule]   Sources      : src/TimerSchedulerLogger.h;src/TimerSchedulerImpl.h;src/TimerSchedulerImpl.cpp;src/TimerSchedulerFactory.cpp
-- [BuildModule]   Headers      : include/ucf/Infrastructure/TimerScheduler/TimerHandle.h;include/ucf/Infrastructure/TimerScheduler/ITimerScheduler.h;include/ucf/Infrastructure/TimerScheduler/TimerSchedulerFactory.h
-- [BuildModule]   Header Base  : C:/pw/TemplateTool/product/framework/infrastructure/foundation/TimerScheduler/include
-- [BuildModule]   Link Private : LoggerUtils
-- [BuildModule]   Link Public  : InfrastructureCommonFile
-- [BuildModule]   Dependencies : 
-- [BuildModule]   Definitions  : Infrastructure_DLL
-- [BuildModule]   IDE Folder   : framework/infrastructure/foundation
-- [BuildModule]   Include Build: C:/pw/TemplateTool/product/framework/infrastructure/foundation/TimerScheduler/include
-- [BuildModule]   Include Inst : include
-- [BuildModule]   Include Priv : src
-- [LinkTargetIncludeDirectories] TimerScheduler (PUBLIC)
-- [LinkTargetIncludeDirectories]   Build Interface  : C:/pw/TemplateTool/product/framework/infrastructure/foundation/TimerScheduler/include
-- [LinkTargetIncludeDirectories]   Install Interface: include
-- [LinkTargetIncludeDirectories]   Private          : src
-- [BuildInstallModule] TimerScheduler
-- ====Start Build RC File Module====
-- Parse Args Results:
-- MODULE_NAME: TimerScheduler
-- FILE_DESCRIPTION: TimerScheduler Library
-- ***create rc file for: TimerScheduler***
-- 
-- ============================================================
-- [GenerateAppInfoFiles] Configuring app info file generation
-- ============================================================
--   Output File  : C:/pw/TemplateTool/build/windows-msvc-release/product/framework/infrastructure/foundation/TimerScheduler/TimerScheduler_resource.rc
--   Template     : C:/pw/TemplateTool/product/framework/version/templates/app_resource.rc.in
--   Input JSON   : C:/pw/TemplateTool/build/windows-msvc-release/product/framework/version/version_meta.json
--   JSON Target  : generate_version_meta_8fa5974c
--   Target Name  : generate_TimerScheduler_resource_2abbf4db
--   Internal Name: TimerScheduler
--   Description  : TimerScheduler Library
--   Original Name: $<TARGET_FILE_NAME:TimerScheduler>
-- ------------------------------------------------------------
-- 
-- [BuildUnitTestModule] TimerSchedulerTests
-- [BuildUnitTestModule]   Sources      : TimerScheduler_tests.cpp
-- [BuildUnitTestModule]   Link Private : Catch2::Catch2WithMain;TimerScheduler
-- [BuildUnitTestModule]   Include Dirs : .
-- [BuildUnitTestModule]   IDE Folder   : framework/infrastructure/unit-test
-- [LinkTargetIncludeDirectories] TimerSchedulerTests (PUBLIC)
-- [LinkTargetIncludeDirectories]   Build Interface  : 
-- [LinkTargetIncludeDirectories]   Install Interface: 
-- [LinkTargetIncludeDirectories]   Private          : .
-- 
-- [BuildModule] WebViewEngine (SHARED)
-- [BuildModule]   Sources      : src/InterceptorDispatcher.h;src/InterceptorDispatcher.cpp;src/WebViewSchemeUtils.h;src/WebViewSchemeUtils.cpp;src/WebViewContentPolicy.h;src/WebViewContentPolicy.cpp;src/WebViewBase.h;src/WebViewBase.cpp;src/StubWebView.h;src/StubWebView.cpp;src/WebViewFactory.cpp;src/windows/Win32WebView.h;src/windows/Win32WebViewImpl.h;src/windows/Win32WebView.cpp;src/windows/Win32WebViewLifecycle.cpp;src/windows/Win32WebViewResourceHandler.cpp
-- [BuildModule]   Headers      : include/ucf/Infrastructure/WebViewEngine/WebViewTypes.h;include/ucf/Infrastructure/WebViewEngine/WebViewInitOptions.h;include/ucf/Infrastructure/WebViewEngine/IWebViewCallback.h;include/ucf/Infrastructure/WebViewEngine/IRequestInterceptor.h;include/ucf/Infrastructure/WebViewEngine/IWebView.h;include/ucf/Infrastructure/WebViewEngine/WebViewFactory.h
-- [BuildModule]   Header Base  : C:/pw/TemplateTool/product/framework/infrastructure/foundation/WebViewEngine/include
-- [BuildModule]   Link Private : StringUtils;webview2
-- [BuildModule]   Link Public  : InfrastructureCommonFile;NotificationHelper
-- [BuildModule]   Dependencies : 
-- [BuildModule]   Definitions  : Infrastructure_DLL
-- [BuildModule]   IDE Folder   : framework/infrastructure/foundation
-- [BuildModule]   Include Build: C:/pw/TemplateTool/product/framework/infrastructure/foundation/WebViewEngine/include
-- [BuildModule]   Include Inst : include
-- [BuildModule]   Include Priv : src;src/windows;src/mac;src/linux
-- [LinkTargetIncludeDirectories] WebViewEngine (PUBLIC)
-- [LinkTargetIncludeDirectories]   Build Interface  : C:/pw/TemplateTool/product/framework/infrastructure/foundation/WebViewEngine/include
-- [LinkTargetIncludeDirectories]   Install Interface: include
-- [LinkTargetIncludeDirectories]   Private          : src;src/windows;src/mac;src/linux
-- [BuildInstallModule] WebViewEngine
-- ====Start Build RC File Module====
-- Parse Args Results:
-- MODULE_NAME: WebViewEngine
-- FILE_DESCRIPTION: WebViewEngine Library
-- ***create rc file for: WebViewEngine***
-- 
-- ============================================================
-- [GenerateAppInfoFiles] Configuring app info file generation
-- ============================================================
--   Output File  : C:/pw/TemplateTool/build/windows-msvc-release/product/framework/infrastructure/foundation/WebViewEngine/WebViewEngine_resource.rc
--   Template     : C:/pw/TemplateTool/product/framework/version/templates/app_resource.rc.in
--   Input JSON   : C:/pw/TemplateTool/build/windows-msvc-release/product/framework/version/version_meta.json
--   JSON Target  : generate_version_meta_8fa5974c
--   Target Name  : generate_WebViewEngine_resource_4c621ed2
--   Internal Name: WebViewEngine
--   Description  : WebViewEngine Library
--   Original Name: $<TARGET_FILE_NAME:WebViewEngine>
-- ------------------------------------------------------------
-- 
-- [BuildModule] NetworkProxyAgent (SHARED)
-- [BuildModule]   Sources      : src/NetworkProxyAgent.h;src/NetworkProxyAgent.cpp;src/NetworkProxyAgentLogger.h;src/AddonLocator.h;src/AddonLocator.cpp;src/AddonProtocol.h;src/AddonProtocol.cpp
-- [BuildModule]   Headers      : include/ucf/Agents/NetworkProxyAgent/NetworkProxyAgentTypes.h;include/ucf/Agents/NetworkProxyAgent/INetworkProxyAgentCallback.h;include/ucf/Agents/NetworkProxyAgent/INetworkProxyAgent.h
-- [BuildModule]   Header Base  : C:/pw/TemplateTool/product/framework/infrastructure/extended/NetworkProxyAgent/include
-- [BuildModule]   Link Private : ProcessBridgeUtils;TcpChannelUtils;SystemUtils;JsonUtils;LoggerUtils;magic_enum
-- [BuildModule]   Link Public  : InfrastructureCommonFile;NotificationHelper
-- [BuildModule]   Dependencies : ProxyAddonRuntime
-- [BuildModule]   Definitions  : Infrastructure_DLL
-- [BuildModule]   IDE Folder   : framework/infrastructure/extended/NetworkProxyAgent
-- [BuildModule]   Include Build: C:/pw/TemplateTool/product/framework/infrastructure/extended/NetworkProxyAgent/include
-- [BuildModule]   Include Inst : include
-- [BuildModule]   Include Priv : src
-- [LinkTargetIncludeDirectories] NetworkProxyAgent (PUBLIC)
-- [LinkTargetIncludeDirectories]   Build Interface  : C:/pw/TemplateTool/product/framework/infrastructure/extended/NetworkProxyAgent/include
-- [LinkTargetIncludeDirectories]   Install Interface: include
-- [LinkTargetIncludeDirectories]   Private          : src
-- [BuildInstallModule] NetworkProxyAgent
-- ====Start Build RC File Module====
-- Parse Args Results:
-- MODULE_NAME: NetworkProxyAgent
-- FILE_DESCRIPTION: NetworkProxyAgent Library
-- ***create rc file for: NetworkProxyAgent***
-- 
-- ============================================================
-- [GenerateAppInfoFiles] Configuring app info file generation
-- ============================================================
--   Output File  : C:/pw/TemplateTool/build/windows-msvc-release/product/framework/infrastructure/extended/NetworkProxyAgent/NetworkProxyAgent_resource.rc
--   Template     : C:/pw/TemplateTool/product/framework/version/templates/app_resource.rc.in
--   Input JSON   : C:/pw/TemplateTool/build/windows-msvc-release/product/framework/version/version_meta.json
--   JSON Target  : generate_version_meta_8fa5974c
--   Target Name  : generate_NetworkProxyAgent_resource_e3fd7a4e
--   Internal Name: NetworkProxyAgent
--   Description  : NetworkProxyAgent Library
--   Original Name: $<TARGET_FILE_NAME:NetworkProxyAgent>
-- ------------------------------------------------------------
-- 
-- [BuildModule] ScreenRecordingAgent (SHARED)
-- [BuildModule]   Sources      : src/ScreenRecordingAgent.h;src/ScreenRecordingAgent.cpp;src/LoggerDefine.h
-- [BuildModule]   Headers      : include/ucf/Agents/ScreenRecordingAgent/ScreenRecordingAgentTypes.h;include/ucf/Agents/ScreenRecordingAgent/IScreenRecordingAgentCallback.h;include/ucf/Agents/ScreenRecordingAgent/IScreenRecordingAgent.h
-- [BuildModule]   Header Base  : C:/pw/TemplateTool/product/framework/infrastructure/extended/ScreenRecordingAgent/include
-- [BuildModule]   Link Private : ScreenRecordingUtils;LoggerUtils;magic_enum;FilePathUtils
-- [BuildModule]   Link Public  : InfrastructureCommonFile;NotificationHelper
-- [BuildModule]   Dependencies : 
-- [BuildModule]   Definitions  : Infrastructure_DLL
-- [BuildModule]   IDE Folder   : framework/infrastructure/extended
-- [BuildModule]   Include Build: C:/pw/TemplateTool/product/framework/infrastructure/extended/ScreenRecordingAgent/include
-- [BuildModule]   Include Inst : include
-- [BuildModule]   Include Priv : src
-- [LinkTargetIncludeDirectories] ScreenRecordingAgent (PUBLIC)
-- [LinkTargetIncludeDirectories]   Build Interface  : C:/pw/TemplateTool/product/framework/infrastructure/extended/ScreenRecordingAgent/include
-- [LinkTargetIncludeDirectories]   Install Interface: include
-- [LinkTargetIncludeDirectories]   Private          : src
-- [BuildInstallModule] ScreenRecordingAgent
-- ====Start Build RC File Module====
-- Parse Args Results:
-- MODULE_NAME: ScreenRecordingAgent
-- FILE_DESCRIPTION: ScreenRecordingAgent Library
-- ***create rc file for: ScreenRecordingAgent***
-- 
-- ============================================================
-- [GenerateAppInfoFiles] Configuring app info file generation
-- ============================================================
--   Output File  : C:/pw/TemplateTool/build/windows-msvc-release/product/framework/infrastructure/extended/ScreenRecordingAgent/ScreenRecordingAgent_resource.rc
--   Template     : C:/pw/TemplateTool/product/framework/version/templates/app_resource.rc.in
--   Input JSON   : C:/pw/TemplateTool/build/windows-msvc-release/product/framework/version/version_meta.json
--   JSON Target  : generate_version_meta_8fa5974c
--   Target Name  : generate_ScreenRecordingAgent_resource_1efd967f
--   Internal Name: ScreenRecordingAgent
--   Description  : ScreenRecordingAgent Library
--   Original Name: $<TARGET_FILE_NAME:ScreenRecordingAgent>
-- ------------------------------------------------------------
-- 
-- [BuildModule] MiniAppRuntimeAgent (SHARED)
-- [BuildModule]   Sources      : src/MiniAppSdk.h;src/MiniAppBridgeCore.h;src/MiniAppBridgeCore.cpp;src/RuntimeResourceResolver.h;src/RuntimeResourceResolver.cpp;src/RuntimeRequestInterceptor.h;src/RuntimeRequestInterceptor.cpp;src/MiniAppRuntimeAgent.h;src/MiniAppRuntimeAgent.cpp
-- [BuildModule]   Headers      : include/ucf/Agents/MiniAppRuntimeAgent/MiniAppRuntimeAgentTypes.h;include/ucf/Agents/MiniAppRuntimeAgent/MiniAppRuntimeAgentConfig.h;include/ucf/Agents/MiniAppRuntimeAgent/IMiniAppRuntimeAgentCallback.h;include/ucf/Agents/MiniAppRuntimeAgent/IMiniAppRuntimeAgent.h;include/ucf/Agents/MiniAppRuntimeAgent/MiniAppRuntimeAgentFactory.h;include/ucf/Agents/MiniAppRuntimeAgent/IBridgeMethodHandler.h
-- [BuildModule]   Header Base  : C:/pw/TemplateTool/product/framework/infrastructure/extended/MiniAppRuntimeAgent/include
-- [BuildModule]   Link Private : 
-- [BuildModule]   Link Public  : InfrastructureCommonFile;NotificationHelper;JsonUtils;WebViewEngine
-- [BuildModule]   Dependencies : 
-- [BuildModule]   Definitions  : Infrastructure_DLL
-- [BuildModule]   IDE Folder   : framework/infrastructure/extended/MiniAppRuntimeAgent
-- [BuildModule]   Include Build: C:/pw/TemplateTool/product/framework/infrastructure/extended/MiniAppRuntimeAgent/include
-- [BuildModule]   Include Inst : include
-- [BuildModule]   Include Priv : src
-- [LinkTargetIncludeDirectories] MiniAppRuntimeAgent (PUBLIC)
-- [LinkTargetIncludeDirectories]   Build Interface  : C:/pw/TemplateTool/product/framework/infrastructure/extended/MiniAppRuntimeAgent/include
-- [LinkTargetIncludeDirectories]   Install Interface: include
-- [LinkTargetIncludeDirectories]   Private          : src
-- [BuildInstallModule] MiniAppRuntimeAgent
-- ====Start Build RC File Module====
-- Parse Args Results:
-- MODULE_NAME: MiniAppRuntimeAgent
-- FILE_DESCRIPTION: MiniAppRuntimeAgent Library
-- ***create rc file for: MiniAppRuntimeAgent***
-- 
-- ============================================================
-- [GenerateAppInfoFiles] Configuring app info file generation
-- ============================================================
--   Output File  : C:/pw/TemplateTool/build/windows-msvc-release/product/framework/infrastructure/extended/MiniAppRuntimeAgent/MiniAppRuntimeAgent_resource.rc
--   Template     : C:/pw/TemplateTool/product/framework/version/templates/app_resource.rc.in
--   Input JSON   : C:/pw/TemplateTool/build/windows-msvc-release/product/framework/version/version_meta.json
--   JSON Target  : generate_version_meta_8fa5974c
--   Target Name  : generate_MiniAppRuntimeAgent_resource_0752f8b4
--   Internal Name: MiniAppRuntimeAgent
--   Description  : MiniAppRuntimeAgent Library
--   Original Name: $<TARGET_FILE_NAME:MiniAppRuntimeAgent>
-- ------------------------------------------------------------
-- 
-- [BuildInterface] ServiceExportMacro
-- [BuildInterface]   Headers      : include/ucf/Services/ServiceExportMacro/ServiceExport.h
-- [BuildInterface]   Header Base  : C:/pw/TemplateTool/product/framework/services/ServiceExportMacro/include
-- [BuildInterface]   Link Public  : 
-- [BuildInterface]   Dependencies : 
-- [BuildInterface]   IDE Folder   : framework/Services
-- [BuildInterface]   Include Build: C:/pw/TemplateTool/product/framework/services/ServiceExportMacro/include
-- [BuildInterface]   Include Inst : include
-- [LinkTargetIncludeDirectories] ServiceExportMacro (INTERFACE)
-- [LinkTargetIncludeDirectories]   Build Interface  : C:/pw/TemplateTool/product/framework/services/ServiceExportMacro/include
-- [LinkTargetIncludeDirectories]   Install Interface: include
-- [LinkTargetIncludeDirectories]   Private          : 
-- [BuildInstallModule] ServiceExportMacro
-- 
-- [BuildModule] ServiceDeclaration (SHARED)
-- [BuildModule]   Sources      : src/IService.cpp
-- [BuildModule]   Headers      : include/ucf/Services/ServiceDeclaration/IService.h;include/ucf/Services/ServiceDeclaration/Function.h
-- [BuildModule]   Header Base  : C:/pw/TemplateTool/product/framework/services/ServiceDeclaration/include
-- [BuildModule]   Link Private : 
-- [BuildModule]   Link Public  : ServiceExportMacro
-- [BuildModule]   Dependencies : 
-- [BuildModule]   Definitions  : SERVICE_DLL
-- [BuildModule]   IDE Folder   : framework/Services
-- [BuildModule]   Include Build: C:/pw/TemplateTool/product/framework/services/ServiceDeclaration/include
-- [BuildModule]   Include Inst : include
-- [BuildModule]   Include Priv : src
-- [LinkTargetIncludeDirectories] ServiceDeclaration (PUBLIC)
-- [LinkTargetIncludeDirectories]   Build Interface  : C:/pw/TemplateTool/product/framework/services/ServiceDeclaration/include
-- [LinkTargetIncludeDirectories]   Install Interface: include
-- [LinkTargetIncludeDirectories]   Private          : src
-- [BuildInstallModule] ServiceDeclaration
-- ====Start Build RC File Module====
-- Parse Args Results:
-- MODULE_NAME: ServiceDeclaration
-- FILE_DESCRIPTION: ServiceDeclaration Library
-- ***create rc file for: ServiceDeclaration***
-- 
-- ============================================================
-- [GenerateAppInfoFiles] Configuring app info file generation
-- ============================================================
--   Output File  : C:/pw/TemplateTool/build/windows-msvc-release/product/framework/services/ServiceDeclaration/ServiceDeclaration_resource.rc
--   Template     : C:/pw/TemplateTool/product/framework/version/templates/app_resource.rc.in
--   Input JSON   : C:/pw/TemplateTool/build/windows-msvc-release/product/framework/version/version_meta.json
--   JSON Target  : generate_version_meta_8fa5974c
--   Target Name  : generate_ServiceDeclaration_resource_838dbb41
--   Internal Name: ServiceDeclaration
--   Description  : ServiceDeclaration Library
--   Original Name: $<TARGET_FILE_NAME:ServiceDeclaration>
-- ------------------------------------------------------------
-- 
-- [BuildModule] CoreFramework (SHARED)
-- [BuildModule]   Sources      : src/CoreframeworkLogger.h;src/ServiceAccessor.h;src/ServiceAccessor.cpp;src/CoreFramework.h;src/CoreFramework.cpp
-- [BuildModule]   Headers      : include/ucf/CoreFramework/ICoreFramework.h;include/ucf/CoreFramework/ICoreFramework.h;include/ucf/CoreFramework/IServiceAccessor.h;include/ucf/CoreFramework/ICoreFrameworkCallback.h;include/ucf/CoreFramework/CoreFrameworkCallbackDefault.h
-- [BuildModule]   Header Base  : C:/pw/TemplateTool/product/framework/services/CoreFramework/include
-- [BuildModule]   Link Private : LoggerUtils
-- [BuildModule]   Link Public  : ServiceExportMacro;NotificationHelper;ServiceDeclaration
-- [BuildModule]   Dependencies : 
-- [BuildModule]   Definitions  : SERVICE_DLL
-- [BuildModule]   IDE Folder   : framework/Services
-- [BuildModule]   Include Build: C:/pw/TemplateTool/product/framework/services/CoreFramework/include;C:/pw/TemplateTool/product/framework/services/CoreFramework/src
-- [BuildModule]   Include Inst : include
-- [BuildModule]   Include Priv : src
-- [LinkTargetIncludeDirectories] CoreFramework (PUBLIC)
-- [LinkTargetIncludeDirectories]   Build Interface  : C:/pw/TemplateTool/product/framework/services/CoreFramework/include;C:/pw/TemplateTool/product/framework/services/CoreFramework/src
-- [LinkTargetIncludeDirectories]   Install Interface: include
-- [LinkTargetIncludeDirectories]   Private          : src
-- [BuildInstallModule] CoreFramework
-- ====Start Build RC File Module====
-- Parse Args Results:
-- MODULE_NAME: CoreFramework
-- FILE_DESCRIPTION: CoreFramework Library
-- ***create rc file for: CoreFramework***
-- 
-- ============================================================
-- [GenerateAppInfoFiles] Configuring app info file generation
-- ============================================================
--   Output File  : C:/pw/TemplateTool/build/windows-msvc-release/product/framework/services/CoreFramework/CoreFramework_resource.rc
--   Template     : C:/pw/TemplateTool/product/framework/version/templates/app_resource.rc.in
--   Input JSON   : C:/pw/TemplateTool/build/windows-msvc-release/product/framework/version/version_meta.json
--   JSON Target  : generate_version_meta_8fa5974c
--   Target Name  : generate_CoreFramework_resource_f29a79aa
--   Internal Name: CoreFramework
--   Description  : CoreFramework Library
--   Original Name: $<TARGET_FILE_NAME:CoreFramework>
-- ------------------------------------------------------------
-- 
-- [BuildModule] FakeCoreFramework (SHARED)
-- [BuildModule]   Sources      : src/FakeCoreFramework.cpp
-- [BuildModule]   Headers      : include/fakes/ucf/CoreFramework/FakeCoreFramework.h;include/fakes/ucf/CoreFramework/FakeServiceAccessor.h
-- [BuildModule]   Header Base  : C:/pw/TemplateTool/product/framework/services/CoreFramework/test/fakes/include
-- [BuildModule]   Link Private : 
-- [BuildModule]   Link Public  : CoreFramework;trompeloeil
-- [BuildModule]   Dependencies : 
-- [BuildModule]   Definitions  : SERVICE_DLL
-- [BuildModule]   IDE Folder   : framework/Services/unit-test
-- [BuildModule]   Include Build: C:/pw/TemplateTool/product/framework/services/CoreFramework/test/fakes/src
-- [BuildModule]   Include Inst : 
-- [BuildModule]   Include Priv : src
-- [LinkTargetIncludeDirectories] FakeCoreFramework (PUBLIC)
-- [LinkTargetIncludeDirectories]   Build Interface  : C:/pw/TemplateTool/product/framework/services/CoreFramework/test/fakes/src
-- [LinkTargetIncludeDirectories]   Install Interface: 
-- [LinkTargetIncludeDirectories]   Private          : src
-- ====Start Build RC File Module====
-- Parse Args Results:
-- MODULE_NAME: FakeCoreFramework
-- FILE_DESCRIPTION: FakeCoreFramework Library
-- ***create rc file for: FakeCoreFramework***
-- 
-- ============================================================
-- [GenerateAppInfoFiles] Configuring app info file generation
-- ============================================================
--   Output File  : C:/pw/TemplateTool/build/windows-msvc-release/product/framework/services/CoreFramework/test/fakes/FakeCoreFramework_resource.rc
--   Template     : C:/pw/TemplateTool/product/framework/version/templates/app_resource.rc.in
--   Input JSON   : C:/pw/TemplateTool/build/windows-msvc-release/product/framework/version/version_meta.json
--   JSON Target  : generate_version_meta_8fa5974c
--   Target Name  : generate_FakeCoreFramework_resource_9b2b068e
--   Internal Name: FakeCoreFramework
--   Description  : FakeCoreFramework Library
--   Original Name: $<TARGET_FILE_NAME:FakeCoreFramework>
-- ------------------------------------------------------------
-- 
-- [BuildUnitTestModule] CoreFrameworkTests
-- [BuildUnitTestModule]   Sources      : CoreFrameworkTests.cpp
-- [BuildUnitTestModule]   Link Private : Catch2::Catch2WithMain;CoreFramework;FakeCoreFramework
-- [BuildUnitTestModule]   Include Dirs : .
-- [BuildUnitTestModule]   IDE Folder   : framework/Services/unit-test
-- [LinkTargetIncludeDirectories] CoreFrameworkTests (PUBLIC)
-- [LinkTargetIncludeDirectories]   Build Interface  : 
-- [LinkTargetIncludeDirectories]   Install Interface: 
-- [LinkTargetIncludeDirectories]   Private          : .
-- 
-- [BuildInterface] InvocationServiceApi
-- [BuildInterface]   Headers      : include/ucf/Services/InvocationService/IInvocationService.h;include/ucf/Services/InvocationService/IInvocationServiceCallback.h
-- [BuildInterface]   Header Base  : C:/pw/TemplateTool/product/framework/services/InvocationService/InvocationServiceApi/include
-- [BuildInterface]   Link Public  : ServiceDeclaration;NotificationHelper
-- [BuildInterface]   Dependencies : 
-- [BuildInterface]   IDE Folder   : framework/Services
-- [BuildInterface]   Include Build: C:/pw/TemplateTool/product/framework/services/InvocationService/InvocationServiceApi/include
-- [BuildInterface]   Include Inst : include
-- [LinkTargetIncludeDirectories] InvocationServiceApi (INTERFACE)
-- [LinkTargetIncludeDirectories]   Build Interface  : C:/pw/TemplateTool/product/framework/services/InvocationService/InvocationServiceApi/include
-- [LinkTargetIncludeDirectories]   Install Interface: include
-- [LinkTargetIncludeDirectories]   Private          : 
-- [BuildInstallModule] InvocationServiceApi
-- 
-- [BuildModule] InvocationServiceImpl (SHARED)
-- [BuildModule]   Sources      : src/InvocationServiceLogger.h;src/InvocationService.h;src/InvocationService.cpp;src/InvocationManager.h;src/InvocationManager.cpp
-- [BuildModule]   Headers      : include/ucf/Services/InvocationService/InvocationServiceCreator.h
-- [BuildModule]   Header Base  : C:/pw/TemplateTool/product/framework/services/InvocationService/InvocationServiceImpl/include
-- [BuildModule]   Link Private : CoreFramework;TimeUtils;OSUtils;StringUtils;UUIDUtils;LoggerUtils
-- [BuildModule]   Link Public  : InvocationServiceApi;ServiceExportMacro
-- [BuildModule]   Dependencies : 
-- [BuildModule]   Definitions  : SERVICE_DLL
-- [BuildModule]   IDE Folder   : framework/Services
-- [BuildModule]   Include Build: C:/pw/TemplateTool/product/framework/services/InvocationService/InvocationServiceImpl/include;C:/pw/TemplateTool/product/framework/services/InvocationService/InvocationServiceImpl/src
-- [BuildModule]   Include Inst : include
-- [BuildModule]   Include Priv : src
-- [LinkTargetIncludeDirectories] InvocationServiceImpl (PUBLIC)
-- [LinkTargetIncludeDirectories]   Build Interface  : C:/pw/TemplateTool/product/framework/services/InvocationService/InvocationServiceImpl/include;C:/pw/TemplateTool/product/framework/services/InvocationService/InvocationServiceImpl/src
-- [LinkTargetIncludeDirectories]   Install Interface: include
-- [LinkTargetIncludeDirectories]   Private          : src
-- [BuildInstallModule] InvocationServiceImpl
-- ====Start Build RC File Module====
-- Parse Args Results:
-- MODULE_NAME: InvocationServiceImpl
-- FILE_DESCRIPTION: InvocationServiceImpl Library
-- ***create rc file for: InvocationServiceImpl***
-- 
-- ============================================================
-- [GenerateAppInfoFiles] Configuring app info file generation
-- ============================================================
--   Output File  : C:/pw/TemplateTool/build/windows-msvc-release/product/framework/services/InvocationService/InvocationServiceImpl/InvocationServiceImpl_resource.rc
--   Template     : C:/pw/TemplateTool/product/framework/version/templates/app_resource.rc.in
--   Input JSON   : C:/pw/TemplateTool/build/windows-msvc-release/product/framework/version/version_meta.json
--   JSON Target  : generate_version_meta_8fa5974c
--   Target Name  : generate_InvocationServiceImpl_resource_8e379536
--   Internal Name: InvocationServiceImpl
--   Description  : InvocationServiceImpl Library
--   Original Name: $<TARGET_FILE_NAME:InvocationServiceImpl>
-- ------------------------------------------------------------
-- 
-- [BuildModule] FakeInvocationService (SHARED)
-- [BuildModule]   Sources      : src/FakeInvocationService.cpp
-- [BuildModule]   Headers      : include/fakes/ucf/Services/FakeInvocationService.h
-- [BuildModule]   Header Base  : C:/pw/TemplateTool/product/framework/services/InvocationService/InvocationServiceImpl/test/fakes/include
-- [BuildModule]   Link Private : 
-- [BuildModule]   Link Public  : InvocationServiceApi;trompeloeil
-- [BuildModule]   Dependencies : 
-- [BuildModule]   Definitions  : SERVICE_DLL
-- [BuildModule]   IDE Folder   : framework/Services/unit-test
-- [BuildModule]   Include Build: C:/pw/TemplateTool/product/framework/services/InvocationService/InvocationServiceImpl/test/fakes/src
-- [BuildModule]   Include Inst : 
-- [BuildModule]   Include Priv : src
-- [LinkTargetIncludeDirectories] FakeInvocationService (PUBLIC)
-- [LinkTargetIncludeDirectories]   Build Interface  : C:/pw/TemplateTool/product/framework/services/InvocationService/InvocationServiceImpl/test/fakes/src
-- [LinkTargetIncludeDirectories]   Install Interface: 
-- [LinkTargetIncludeDirectories]   Private          : src
-- ====Start Build RC File Module====
-- Parse Args Results:
-- MODULE_NAME: FakeInvocationService
-- FILE_DESCRIPTION: FakeInvocationService Library
-- ***create rc file for: FakeInvocationService***
-- 
-- ============================================================
-- [GenerateAppInfoFiles] Configuring app info file generation
-- ============================================================
--   Output File  : C:/pw/TemplateTool/build/windows-msvc-release/product/framework/services/InvocationService/InvocationServiceImpl/test/fakes/FakeInvocationService_resource.rc
--   Template     : C:/pw/TemplateTool/product/framework/version/templates/app_resource.rc.in
--   Input JSON   : C:/pw/TemplateTool/build/windows-msvc-release/product/framework/version/version_meta.json
--   JSON Target  : generate_version_meta_8fa5974c
--   Target Name  : generate_FakeInvocationService_resource_bb4924fe
--   Internal Name: FakeInvocationService
--   Description  : FakeInvocationService Library
--   Original Name: $<TARGET_FILE_NAME:FakeInvocationService>
-- ------------------------------------------------------------
-- 
-- [BuildUnitTestModule] InvocationServiceTests
-- [BuildUnitTestModule]   Sources      : InvocationServiceTests.cpp
-- [BuildUnitTestModule]   Link Private : InvocationServiceImpl;FakeInvocationService;Catch2::Catch2WithMain
-- [BuildUnitTestModule]   Include Dirs : .
-- [BuildUnitTestModule]   IDE Folder   : framework/Services/unit-test
-- [LinkTargetIncludeDirectories] InvocationServiceTests (PUBLIC)
-- [LinkTargetIncludeDirectories]   Build Interface  : 
-- [LinkTargetIncludeDirectories]   Install Interface: 
-- [LinkTargetIncludeDirectories]   Private          : .
-- 
-- ============================================================
-- [GenerateAppVersionHeader] Configuring version header generation
-- ============================================================
--   Output File  : C:/pw/TemplateTool/build/windows-msvc-release/codegen/AppVersion/appVersion.h
--   Template     : C:/pw/TemplateTool/product/framework/services/ClientInfoService/version/templates/appVersion.h.in
--   Input JSON   : C:/pw/TemplateTool/build/windows-msvc-release/product/framework/version/version_meta.json
--   JSON Target  : generate_version_meta_8fa5974c
--   Target Name  : generate_appVersion_d1949160
-- ------------------------------------------------------------
-- 
-- [BuildInterface] AppVersionHeader
-- [BuildInterface]   Headers      : C:/pw/TemplateTool/build/windows-msvc-release/codegen/AppVersion/appVersion.h
-- [BuildInterface]   Header Base  : C:/pw/TemplateTool/build/windows-msvc-release/codegen/AppVersion
-- [BuildInterface]   Link Public  : 
-- [BuildInterface]   Dependencies : generate_appVersion_d1949160
-- [BuildInterface]   IDE Folder   : codegen
-- [BuildInterface]   Include Build: C:/pw/TemplateTool/build/windows-msvc-release/codegen/AppVersion
-- [BuildInterface]   Include Inst : AppVersion
-- [LinkTargetIncludeDirectories] AppVersionHeader (INTERFACE)
-- [LinkTargetIncludeDirectories]   Build Interface  : C:/pw/TemplateTool/build/windows-msvc-release/codegen/AppVersion
-- [LinkTargetIncludeDirectories]   Install Interface: AppVersion
-- [LinkTargetIncludeDirectories]   Private          : 
-- [BuildInstallModule] AppVersionHeader
-- 
-- [BuildModule] ClientInfoServiceTypes (SHARED)
-- [BuildModule]   Sources      : src/ClientInfoTypes.cpp
-- [BuildModule]   Headers      : include/ucf/Services/ClientInfoService/ClientInfoTypes.h
-- [BuildModule]   Header Base  : C:/pw/TemplateTool/product/framework/services/ClientInfoService/ClientInfoServiceTypes/include
-- [BuildModule]   Link Private : 
-- [BuildModule]   Link Public  : ServiceExportMacro
-- [BuildModule]   Dependencies : 
-- [BuildModule]   Definitions  : SERVICE_DLL
-- [BuildModule]   IDE Folder   : framework/Services
-- [BuildModule]   Include Build: C:/pw/TemplateTool/product/framework/services/ClientInfoService/ClientInfoServiceTypes/include
-- [BuildModule]   Include Inst : include
-- [BuildModule]   Include Priv : 
-- [LinkTargetIncludeDirectories] ClientInfoServiceTypes (PUBLIC)
-- [LinkTargetIncludeDirectories]   Build Interface  : C:/pw/TemplateTool/product/framework/services/ClientInfoService/ClientInfoServiceTypes/include
-- [LinkTargetIncludeDirectories]   Install Interface: include
-- [LinkTargetIncludeDirectories]   Private          : 
-- [BuildInstallModule] ClientInfoServiceTypes
-- ====Start Build RC File Module====
-- Parse Args Results:
-- MODULE_NAME: ClientInfoServiceTypes
-- FILE_DESCRIPTION: ClientInfoServiceTypes Library
-- ***create rc file for: ClientInfoServiceTypes***
-- 
-- ============================================================
-- [GenerateAppInfoFiles] Configuring app info file generation
-- ============================================================
--   Output File  : C:/pw/TemplateTool/build/windows-msvc-release/product/framework/services/ClientInfoService/ClientInfoServiceTypes/ClientInfoServiceTypes_resource.rc
--   Template     : C:/pw/TemplateTool/product/framework/version/templates/app_resource.rc.in
--   Input JSON   : C:/pw/TemplateTool/build/windows-msvc-release/product/framework/version/version_meta.json
--   JSON Target  : generate_version_meta_8fa5974c
--   Target Name  : generate_ClientInfoServiceTypes_resource_c7bc3358
--   Internal Name: ClientInfoServiceTypes
--   Description  : ClientInfoServiceTypes Library
--   Original Name: $<TARGET_FILE_NAME:ClientInfoServiceTypes>
-- ------------------------------------------------------------
-- 
-- [BuildInterface] ClientInfoServiceApi
-- [BuildInterface]   Headers      : include/ucf/Services/ClientInfoService/IClientInfoService.h;include/ucf/Services/ClientInfoService/IClientInfoServiceCallback.h
-- [BuildInterface]   Header Base  : C:/pw/TemplateTool/product/framework/services/ClientInfoService/ClientInfoServiceApi/include
-- [BuildInterface]   Link Public  : ServiceDeclaration;NotificationHelper;ClientInfoServiceTypes
-- [BuildInterface]   Dependencies : 
-- [BuildInterface]   IDE Folder   : framework/Services
-- [BuildInterface]   Include Build: C:/pw/TemplateTool/product/framework/services/ClientInfoService/ClientInfoServiceApi/include
-- [BuildInterface]   Include Inst : include
-- [LinkTargetIncludeDirectories] ClientInfoServiceApi (INTERFACE)
-- [LinkTargetIncludeDirectories]   Build Interface  : C:/pw/TemplateTool/product/framework/services/ClientInfoService/ClientInfoServiceApi/include
-- [LinkTargetIncludeDirectories]   Install Interface: include
-- [LinkTargetIncludeDirectories]   Private          : 
-- [BuildInstallModule] ClientInfoServiceApi
-- 
-- [BuildModule] ClientInfoServiceImpl (SHARED)
-- [BuildModule]   Sources      : src/ClientInfoServiceLogger.h;src/ClientInfoNotificationSink.h;src/ClientInfoDBAccess.h;src/ClientInfoDBAccess.cpp;src/ClientInfoModel.h;src/ClientInfoModel.cpp;src/ClientInfoService.h;src/ClientInfoService.cpp;src/ClientInfoManager.h;src/ClientInfoManager.cpp
-- [BuildModule]   Headers      : include/ucf/Services/ClientInfoService/ClientInfoServiceCreator.h
-- [BuildModule]   Header Base  : C:/pw/TemplateTool/product/framework/services/ClientInfoService/ClientInfoServiceImpl/include
-- [BuildModule]   Link Private : DataWarehouseServiceApi;CoreFramework;DataWarehouseSchema;AppVersionHeader;LoggerUtils;TimeUtils;OSUtils;StringUtils;UUIDUtils;FilePathUtils;SystemUtils;magic_enum;SinkNotifier
-- [BuildModule]   Link Public  : ClientInfoServiceApi;ServiceExportMacro
-- [BuildModule]   Dependencies : 
-- [BuildModule]   Definitions  : SERVICE_DLL
-- [BuildModule]   IDE Folder   : framework/Services
-- [BuildModule]   Include Build: C:/pw/TemplateTool/product/framework/services/ClientInfoService/ClientInfoServiceImpl/include;C:/pw/TemplateTool/product/framework/services/ClientInfoService/ClientInfoServiceImpl/src
-- [BuildModule]   Include Inst : include
-- [BuildModule]   Include Priv : src
-- [LinkTargetIncludeDirectories] ClientInfoServiceImpl (PUBLIC)
-- [LinkTargetIncludeDirectories]   Build Interface  : C:/pw/TemplateTool/product/framework/services/ClientInfoService/ClientInfoServiceImpl/include;C:/pw/TemplateTool/product/framework/services/ClientInfoService/ClientInfoServiceImpl/src
-- [LinkTargetIncludeDirectories]   Install Interface: include
-- [LinkTargetIncludeDirectories]   Private          : src
-- [BuildInstallModule] ClientInfoServiceImpl
-- ====Start Build RC File Module====
-- Parse Args Results:
-- MODULE_NAME: ClientInfoServiceImpl
-- FILE_DESCRIPTION: ClientInfoServiceImpl Library
-- ***create rc file for: ClientInfoServiceImpl***
-- 
-- ============================================================
-- [GenerateAppInfoFiles] Configuring app info file generation
-- ============================================================
--   Output File  : C:/pw/TemplateTool/build/windows-msvc-release/product/framework/services/ClientInfoService/ClientInfoServiceImpl/ClientInfoServiceImpl_resource.rc
--   Template     : C:/pw/TemplateTool/product/framework/version/templates/app_resource.rc.in
--   Input JSON   : C:/pw/TemplateTool/build/windows-msvc-release/product/framework/version/version_meta.json
--   JSON Target  : generate_version_meta_8fa5974c
--   Target Name  : generate_ClientInfoServiceImpl_resource_d456c739
--   Internal Name: ClientInfoServiceImpl
--   Description  : ClientInfoServiceImpl Library
--   Original Name: $<TARGET_FILE_NAME:ClientInfoServiceImpl>
-- ------------------------------------------------------------
-- 
-- [BuildModule] FakeClientInfoService (SHARED)
-- [BuildModule]   Sources      : src/FakeClientInfoService.cpp
-- [BuildModule]   Headers      : include/fakes/ucf/Services/FakeClientInfoService.h
-- [BuildModule]   Header Base  : C:/pw/TemplateTool/product/framework/services/ClientInfoService/ClientInfoServiceImpl/test/fakes/include
-- [BuildModule]   Link Private : 
-- [BuildModule]   Link Public  : ClientInfoServiceApi;DataWarehouseServiceApi;trompeloeil
-- [BuildModule]   Dependencies : 
-- [BuildModule]   Definitions  : SERVICE_DLL
-- [BuildModule]   IDE Folder   : framework/Services/unit-test
-- [BuildModule]   Include Build: C:/pw/TemplateTool/product/framework/services/ClientInfoService/ClientInfoServiceImpl/test/fakes/src
-- [BuildModule]   Include Inst : 
-- [BuildModule]   Include Priv : src
-- [LinkTargetIncludeDirectories] FakeClientInfoService (PUBLIC)
-- [LinkTargetIncludeDirectories]   Build Interface  : C:/pw/TemplateTool/product/framework/services/ClientInfoService/ClientInfoServiceImpl/test/fakes/src
-- [LinkTargetIncludeDirectories]   Install Interface: 
-- [LinkTargetIncludeDirectories]   Private          : src
-- ====Start Build RC File Module====
-- Parse Args Results:
-- MODULE_NAME: FakeClientInfoService
-- FILE_DESCRIPTION: FakeClientInfoService Library
-- ***create rc file for: FakeClientInfoService***
-- 
-- ============================================================
-- [GenerateAppInfoFiles] Configuring app info file generation
-- ============================================================
--   Output File  : C:/pw/TemplateTool/build/windows-msvc-release/product/framework/services/ClientInfoService/ClientInfoServiceImpl/test/fakes/FakeClientInfoService_resource.rc
--   Template     : C:/pw/TemplateTool/product/framework/version/templates/app_resource.rc.in
--   Input JSON   : C:/pw/TemplateTool/build/windows-msvc-release/product/framework/version/version_meta.json
--   JSON Target  : generate_version_meta_8fa5974c
--   Target Name  : generate_FakeClientInfoService_resource_8cf194c5
--   Internal Name: FakeClientInfoService
--   Description  : FakeClientInfoService Library
--   Original Name: $<TARGET_FILE_NAME:FakeClientInfoService>
-- ------------------------------------------------------------
-- 
-- [BuildUnitTestModule] ClientInfoServiceTests
-- [BuildUnitTestModule]   Sources      : ClientInfoServiceTests.cpp
-- [BuildUnitTestModule]   Link Private : DataWarehouseServiceApi;ClientInfoServiceImpl;CoreFramework;FakeCoreFramework;Catch2::Catch2WithMain
-- [BuildUnitTestModule]   Include Dirs : .
-- [BuildUnitTestModule]   IDE Folder   : framework/Services/unit-test
-- [LinkTargetIncludeDirectories] ClientInfoServiceTests (PUBLIC)
-- [LinkTargetIncludeDirectories]   Build Interface  : 
-- [LinkTargetIncludeDirectories]   Install Interface: 
-- [LinkTargetIncludeDirectories]   Private          : .
-- 
-- [BuildModule] DataWarehouseTypes (SHARED)
-- [BuildModule]   Sources      : src/DatabaseDataValue.cpp;src/DatabaseDataRecord.cpp;src/DatabaseTableModel.cpp;src/DatabaseConfig.cpp
-- [BuildModule]   Headers      : include/ucf/Services/DataWarehouseService/DatabaseDataValue.h;include/ucf/Services/DataWarehouseService/DatabaseDataRecord.h;include/ucf/Services/DataWarehouseService/DatabaseTableModel.h;include/ucf/Services/DataWarehouseService/DatabaseConfig.h;include/ucf/Services/DataWarehouseService/DatabaseModelDeclare.h
-- [BuildModule]   Header Base  : C:/pw/TemplateTool/product/framework/services/DataWarehouseService/DataWarehouseTypes/include
-- [BuildModule]   Link Private : 
-- [BuildModule]   Link Public  : ServiceExportMacro
-- [BuildModule]   Dependencies : 
-- [BuildModule]   Definitions  : SERVICE_DLL
-- [BuildModule]   IDE Folder   : framework/Services
-- [BuildModule]   Include Build: C:/pw/TemplateTool/product/framework/services/DataWarehouseService/DataWarehouseTypes/include
-- [BuildModule]   Include Inst : include
-- [BuildModule]   Include Priv : 
-- [LinkTargetIncludeDirectories] DataWarehouseTypes (PUBLIC)
-- [LinkTargetIncludeDirectories]   Build Interface  : C:/pw/TemplateTool/product/framework/services/DataWarehouseService/DataWarehouseTypes/include
-- [LinkTargetIncludeDirectories]   Install Interface: include
-- [LinkTargetIncludeDirectories]   Private          : 
-- [BuildInstallModule] DataWarehouseTypes
-- ====Start Build RC File Module====
-- Parse Args Results:
-- MODULE_NAME: DataWarehouseTypes
-- FILE_DESCRIPTION: DataWarehouseTypes Library
-- ***create rc file for: DataWarehouseTypes***
-- 
-- ============================================================
-- [GenerateAppInfoFiles] Configuring app info file generation
-- ============================================================
--   Output File  : C:/pw/TemplateTool/build/windows-msvc-release/product/framework/services/DataWarehouseService/DataWarehouseTypes/DataWarehouseTypes_resource.rc
--   Template     : C:/pw/TemplateTool/product/framework/version/templates/app_resource.rc.in
--   Input JSON   : C:/pw/TemplateTool/build/windows-msvc-release/product/framework/version/version_meta.json
--   JSON Target  : generate_version_meta_8fa5974c
--   Target Name  : generate_DataWarehouseTypes_resource_41157639
--   Internal Name: DataWarehouseTypes
--   Description  : DataWarehouseTypes Library
--   Original Name: $<TARGET_FILE_NAME:DataWarehouseTypes>
-- ------------------------------------------------------------
-- 
-- [BuildInterface] DataWarehouseServiceApi
-- [BuildInterface]   Headers      : include/ucf/Services/DataWarehouseService/IDataWarehouseService.h;include/ucf/Services/DataWarehouseService/IDataWarehouseServiceCallback.h
-- [BuildInterface]   Header Base  : C:/pw/TemplateTool/product/framework/services/DataWarehouseService/DataWarehouseServiceApi/include
-- [BuildInterface]   Link Public  : DataWarehouseTypes;ServiceDeclaration;NotificationHelper
-- [BuildInterface]   Dependencies : 
-- [BuildInterface]   IDE Folder   : framework/Services
-- [BuildInterface]   Include Build: C:/pw/TemplateTool/product/framework/services/DataWarehouseService/DataWarehouseServiceApi/include
-- [BuildInterface]   Include Inst : include
-- [LinkTargetIncludeDirectories] DataWarehouseServiceApi (INTERFACE)
-- [LinkTargetIncludeDirectories]   Build Interface  : C:/pw/TemplateTool/product/framework/services/DataWarehouseService/DataWarehouseServiceApi/include
-- [LinkTargetIncludeDirectories]   Install Interface: include
-- [LinkTargetIncludeDirectories]   Private          : 
-- [BuildInstallModule] DataWarehouseServiceApi
-- 
-- [BuildModule] DataWarehouseServiceImpl (SHARED)
-- [BuildModule]   Sources      : src/DataWarehouseServiceLogger.h;src/DataWarehouseService.h;src/DataWarehouseService.cpp;src/DataWarehouseManager.h;src/DataWarehouseManager.cpp
-- [BuildModule]   Headers      : include/ucf/Services/DataWarehouseService/DataWarehouseServiceCreator.h
-- [BuildModule]   Header Base  : C:/pw/TemplateTool/product/framework/services/DataWarehouseService/DataWarehouseServiceImpl/include
-- [BuildModule]   Link Private : NetworkService;DatabaseClient;CoreFramework;LoggerUtils
-- [BuildModule]   Link Public  : DataWarehouseServiceApi;ServiceExportMacro
-- [BuildModule]   Dependencies : 
-- [BuildModule]   Definitions  : SERVICE_DLL
-- [BuildModule]   IDE Folder   : framework/Services
-- [BuildModule]   Include Build: C:/pw/TemplateTool/product/framework/services/DataWarehouseService/DataWarehouseServiceImpl/include;C:/pw/TemplateTool/product/framework/services/DataWarehouseService/DataWarehouseServiceImpl/src
-- [BuildModule]   Include Inst : include
-- [BuildModule]   Include Priv : src
-- [LinkTargetIncludeDirectories] DataWarehouseServiceImpl (PUBLIC)
-- [LinkTargetIncludeDirectories]   Build Interface  : C:/pw/TemplateTool/product/framework/services/DataWarehouseService/DataWarehouseServiceImpl/include;C:/pw/TemplateTool/product/framework/services/DataWarehouseService/DataWarehouseServiceImpl/src
-- [LinkTargetIncludeDirectories]   Install Interface: include
-- [LinkTargetIncludeDirectories]   Private          : src
-- [BuildInstallModule] DataWarehouseServiceImpl
-- ====Start Build RC File Module====
-- Parse Args Results:
-- MODULE_NAME: DataWarehouseServiceImpl
-- FILE_DESCRIPTION: DataWarehouseServiceImpl Library
-- ***create rc file for: DataWarehouseServiceImpl***
-- 
-- ============================================================
-- [GenerateAppInfoFiles] Configuring app info file generation
-- ============================================================
--   Output File  : C:/pw/TemplateTool/build/windows-msvc-release/product/framework/services/DataWarehouseService/DataWarehouseServiceImpl/DataWarehouseServiceImpl_resource.rc
--   Template     : C:/pw/TemplateTool/product/framework/version/templates/app_resource.rc.in
--   Input JSON   : C:/pw/TemplateTool/build/windows-msvc-release/product/framework/version/version_meta.json
--   JSON Target  : generate_version_meta_8fa5974c
--   Target Name  : generate_DataWarehouseServiceImpl_resource_13545f44
--   Internal Name: DataWarehouseServiceImpl
--   Description  : DataWarehouseServiceImpl Library
--   Original Name: $<TARGET_FILE_NAME:DataWarehouseServiceImpl>
-- ------------------------------------------------------------
-- 
-- [BuildModule] FakeDataWarehouseService (SHARED)
-- [BuildModule]   Sources      : src/FakeDataWarehouseService.cpp
-- [BuildModule]   Headers      : include/fakes/ucf/Services/FakeDataWarehouseService.h
-- [BuildModule]   Header Base  : C:/pw/TemplateTool/product/framework/services/DataWarehouseService/DataWarehouseServiceImpl/test/fakes/include
-- [BuildModule]   Link Private : 
-- [BuildModule]   Link Public  : DataWarehouseServiceApi;trompeloeil
-- [BuildModule]   Dependencies : 
-- [BuildModule]   Definitions  : SERVICE_DLL
-- [BuildModule]   IDE Folder   : framework/Services/unit-test
-- [BuildModule]   Include Build: C:/pw/TemplateTool/product/framework/services/DataWarehouseService/DataWarehouseServiceImpl/test/fakes/src
-- [BuildModule]   Include Inst : 
-- [BuildModule]   Include Priv : src
-- [LinkTargetIncludeDirectories] FakeDataWarehouseService (PUBLIC)
-- [LinkTargetIncludeDirectories]   Build Interface  : C:/pw/TemplateTool/product/framework/services/DataWarehouseService/DataWarehouseServiceImpl/test/fakes/src
-- [LinkTargetIncludeDirectories]   Install Interface: 
-- [LinkTargetIncludeDirectories]   Private          : src
-- ====Start Build RC File Module====
-- Parse Args Results:
-- MODULE_NAME: FakeDataWarehouseService
-- FILE_DESCRIPTION: FakeDataWarehouseService Library
-- ***create rc file for: FakeDataWarehouseService***
-- 
-- ============================================================
-- [GenerateAppInfoFiles] Configuring app info file generation
-- ============================================================
--   Output File  : C:/pw/TemplateTool/build/windows-msvc-release/product/framework/services/DataWarehouseService/DataWarehouseServiceImpl/test/fakes/FakeDataWarehouseService_resource.rc
--   Template     : C:/pw/TemplateTool/product/framework/version/templates/app_resource.rc.in
--   Input JSON   : C:/pw/TemplateTool/build/windows-msvc-release/product/framework/version/version_meta.json
--   JSON Target  : generate_version_meta_8fa5974c
--   Target Name  : generate_FakeDataWarehouseService_resource_1172c473
--   Internal Name: FakeDataWarehouseService
--   Description  : FakeDataWarehouseService Library
--   Original Name: $<TARGET_FILE_NAME:FakeDataWarehouseService>
-- ------------------------------------------------------------
-- 
-- [BuildUnitTestModule] DataWarehouseServiceTests
-- [BuildUnitTestModule]   Sources      : DataWarehouseServiceTests.cpp
-- [BuildUnitTestModule]   Link Private : DataWarehouseServiceImpl;FakeDataWarehouseService;Catch2::Catch2WithMain
-- [BuildUnitTestModule]   Include Dirs : .
-- [BuildUnitTestModule]   IDE Folder   : framework/Services/unit-test
-- [LinkTargetIncludeDirectories] DataWarehouseServiceTests (PUBLIC)
-- [LinkTargetIncludeDirectories]   Build Interface  : 
-- [LinkTargetIncludeDirectories]   Install Interface: 
-- [LinkTargetIncludeDirectories]   Private          : .
-- 
-- [BuildModule] DataWarehouseSchema (SHARED)
-- [BuildModule]   Sources      : src/DataWarehouseSchemas.cpp
-- [BuildModule]   Headers      : include/ucf/Services/DataWarehouseSchema/DataWarehouseSchemas.h
-- [BuildModule]   Header Base  : C:/pw/TemplateTool/product/framework/services/DataWarehouseService/DataWarehouseSchema/include
-- [BuildModule]   Link Private : DataWarehouseTypes
-- [BuildModule]   Link Public  : ServiceExportMacro
-- [BuildModule]   Dependencies : 
-- [BuildModule]   Definitions  : SERVICE_DLL
-- [BuildModule]   IDE Folder   : framework/Services
-- [BuildModule]   Include Build: C:/pw/TemplateTool/product/framework/services/DataWarehouseService/DataWarehouseSchema/include
-- [BuildModule]   Include Inst : include
-- [BuildModule]   Include Priv : src
-- [LinkTargetIncludeDirectories] DataWarehouseSchema (PUBLIC)
-- [LinkTargetIncludeDirectories]   Build Interface  : C:/pw/TemplateTool/product/framework/services/DataWarehouseService/DataWarehouseSchema/include
-- [LinkTargetIncludeDirectories]   Install Interface: include
-- [LinkTargetIncludeDirectories]   Private          : src
-- [BuildInstallModule] DataWarehouseSchema
-- ====Start Build RC File Module====
-- Parse Args Results:
-- MODULE_NAME: DataWarehouseSchema
-- FILE_DESCRIPTION: DataWarehouseSchema Library
-- ***create rc file for: DataWarehouseSchema***
-- 
-- ============================================================
-- [GenerateAppInfoFiles] Configuring app info file generation
-- ============================================================
--   Output File  : C:/pw/TemplateTool/build/windows-msvc-release/product/framework/services/DataWarehouseService/DataWarehouseSchema/DataWarehouseSchema_resource.rc
--   Template     : C:/pw/TemplateTool/product/framework/version/templates/app_resource.rc.in
--   Input JSON   : C:/pw/TemplateTool/build/windows-msvc-release/product/framework/version/version_meta.json
--   JSON Target  : generate_version_meta_8fa5974c
--   Target Name  : generate_DataWarehouseSchema_resource_01469a79
--   Internal Name: DataWarehouseSchema
--   Description  : DataWarehouseSchema Library
--   Original Name: $<TARGET_FILE_NAME:DataWarehouseSchema>
-- ------------------------------------------------------------
-- 
-- [BuildModule] NetworkService (SHARED)
-- [BuildModule]   Sources      : src/NetworkServiceLogger.h;src/NetworkService.h;src/NetworkService.cpp;src/NetworkHttpManager.h;src/NetworkHttpManager.cpp;src/NetworkHttpHandler/INetworkHttpHandler.h;src/NetworkHttpHandler/NetworkHttpRestHandler.h;src/NetworkHttpHandler/NetworkHttpRestHandler.cpp;src/NetworkHttpHandler/NetworkHttpRawHandler.h;src/NetworkHttpHandler/NetworkHttpRawHandler.cpp;src/NetworkHttpHandler/NetworkHttpDownloadToMemoryHandler.h;src/NetworkHttpHandler/NetworkHttpDownloadToMemoryHandler.cpp;src/NetworkHttpHandler/NetworkHttpDownloadToFileHandler.h;src/NetworkHttpHandler/NetworkHttpDownloadToFileHandler.cpp;src/HttpRestRequest.cpp;src/HttpRestResponse.cpp;src/HttpRawRequest.cpp;src/HttpRawResponse.cpp;src/HttpDownloadToMemoryRequest.cpp;src/HttpDownloadToMemoryResponse.cpp;src/HttpDownloadToFileRequest.cpp;src/HttpDownloadToFileResponse.cpp
-- [BuildModule]   Headers      : include/ucf/Services/NetworkService/INetworkService.h;include/ucf/Services/NetworkService/INetworkServiceCallback.h;include/ucf/Services/NetworkService/Http/INetworkHttpManager.h;include/ucf/Services/NetworkService/Model/HttpRestRequest.h;include/ucf/Services/NetworkService/Model/HttpRestResponse.h;include/ucf/Services/NetworkService/Model/HttpDeclareTypes.h;include/ucf/Services/NetworkService/Model/HttpRawRequest.h;include/ucf/Services/NetworkService/Model/HttpRawResponse.h;include/ucf/Services/NetworkService/Model/HttpDownloadToMemoryRequest.h;include/ucf/Services/NetworkService/Model/HttpDownloadToMemoryResponse.h;include/ucf/Services/NetworkService/Model/HttpDownloadToFileRequest.h;include/ucf/Services/NetworkService/Model/HttpDownloadToFileResponse.h
-- [BuildModule]   Header Base  : C:/pw/TemplateTool/product/framework/services/NetworkService/include
-- [BuildModule]   Link Private : CoreFramework;UUIDUtils;OSUtils;LibCurlClient;LoggerUtils
-- [BuildModule]   Link Public  : ServiceExportMacro;NotificationHelper;ServiceDeclaration
-- [BuildModule]   Dependencies : 
-- [BuildModule]   Definitions  : SERVICE_DLL
-- [BuildModule]   IDE Folder   : framework/Services
-- [BuildModule]   Include Build: C:/pw/TemplateTool/product/framework/services/NetworkService/include;C:/pw/TemplateTool/product/framework/services/NetworkService/src
-- [BuildModule]   Include Inst : include
-- [BuildModule]   Include Priv : src
-- [LinkTargetIncludeDirectories] NetworkService (PUBLIC)
-- [LinkTargetIncludeDirectories]   Build Interface  : C:/pw/TemplateTool/product/framework/services/NetworkService/include;C:/pw/TemplateTool/product/framework/services/NetworkService/src
-- [LinkTargetIncludeDirectories]   Install Interface: include
-- [LinkTargetIncludeDirectories]   Private          : src
-- [BuildInstallModule] NetworkService
-- ====Start Build RC File Module====
-- Parse Args Results:
-- MODULE_NAME: NetworkService
-- FILE_DESCRIPTION: NetworkService Library
-- ***create rc file for: NetworkService***
-- 
-- ============================================================
-- [GenerateAppInfoFiles] Configuring app info file generation
-- ============================================================
--   Output File  : C:/pw/TemplateTool/build/windows-msvc-release/product/framework/services/NetworkService/NetworkService_resource.rc
--   Template     : C:/pw/TemplateTool/product/framework/version/templates/app_resource.rc.in
--   Input JSON   : C:/pw/TemplateTool/build/windows-msvc-release/product/framework/version/version_meta.json
--   JSON Target  : generate_version_meta_8fa5974c
--   Target Name  : generate_NetworkService_resource_eac812c2
--   Internal Name: NetworkService
--   Description  : NetworkService Library
--   Original Name: $<TARGET_FILE_NAME:NetworkService>
-- ------------------------------------------------------------
-- 
-- [BuildModule] FakeNetworkService (SHARED)
-- [BuildModule]   Sources      : src/FakeNetworkService.cpp
-- [BuildModule]   Headers      : include/fakes/ucf/Services/FakeNetworkService.h
-- [BuildModule]   Header Base  : C:/pw/TemplateTool/product/framework/services/NetworkService/test/fakes/include
-- [BuildModule]   Link Private : 
-- [BuildModule]   Link Public  : NetworkService;trompeloeil
-- [BuildModule]   Dependencies : 
-- [BuildModule]   Definitions  : SERVICE_DLL
-- [BuildModule]   IDE Folder   : framework/Services/unit-test
-- [BuildModule]   Include Build: C:/pw/TemplateTool/product/framework/services/NetworkService/test/fakes/src
-- [BuildModule]   Include Inst : 
-- [BuildModule]   Include Priv : src
-- [LinkTargetIncludeDirectories] FakeNetworkService (PUBLIC)
-- [LinkTargetIncludeDirectories]   Build Interface  : C:/pw/TemplateTool/product/framework/services/NetworkService/test/fakes/src
-- [LinkTargetIncludeDirectories]   Install Interface: 
-- [LinkTargetIncludeDirectories]   Private          : src
-- ====Start Build RC File Module====
-- Parse Args Results:
-- MODULE_NAME: FakeNetworkService
-- FILE_DESCRIPTION: FakeNetworkService Library
-- ***create rc file for: FakeNetworkService***
-- 
-- ============================================================
-- [GenerateAppInfoFiles] Configuring app info file generation
-- ============================================================
--   Output File  : C:/pw/TemplateTool/build/windows-msvc-release/product/framework/services/NetworkService/test/fakes/FakeNetworkService_resource.rc
--   Template     : C:/pw/TemplateTool/product/framework/version/templates/app_resource.rc.in
--   Input JSON   : C:/pw/TemplateTool/build/windows-msvc-release/product/framework/version/version_meta.json
--   JSON Target  : generate_version_meta_8fa5974c
--   Target Name  : generate_FakeNetworkService_resource_9c28b72d
--   Internal Name: FakeNetworkService
--   Description  : FakeNetworkService Library
--   Original Name: $<TARGET_FILE_NAME:FakeNetworkService>
-- ------------------------------------------------------------
-- 
-- [BuildUnitTestModule] NetworkServiceTests
-- [BuildUnitTestModule]   Sources      : NetworkServiceTests.cpp
-- [BuildUnitTestModule]   Link Private : NetworkService;FakeNetworkService;Catch2::Catch2WithMain
-- [BuildUnitTestModule]   Include Dirs : .
-- [BuildUnitTestModule]   IDE Folder   : framework/Services/unit-test
-- [LinkTargetIncludeDirectories] NetworkServiceTests (PUBLIC)
-- [LinkTargetIncludeDirectories]   Build Interface  : 
-- [LinkTargetIncludeDirectories]   Install Interface: 
-- [LinkTargetIncludeDirectories]   Private          : .
-- 
-- [BuildModule] ImageServiceTypes (SHARED)
-- [BuildModule]   Sources      : src/ImageTypes.cpp
-- [BuildModule]   Headers      : include/ucf/Services/ImageService/ImageServiceTypesExport.h;include/ucf/Services/ImageService/ImageTypes.h
-- [BuildModule]   Header Base  : C:/pw/TemplateTool/product/framework/services/ImageService/ImageServiceTypes/include
-- [BuildModule]   Link Private : 
-- [BuildModule]   Link Public  : 
-- [BuildModule]   Dependencies : 
-- [BuildModule]   Definitions  : IMAGE_SERVICE_TYPES_DLL
-- [BuildModule]   IDE Folder   : framework/Services
-- [BuildModule]   Include Build: C:/pw/TemplateTool/product/framework/services/ImageService/ImageServiceTypes/include
-- [BuildModule]   Include Inst : include
-- [BuildModule]   Include Priv : 
-- [LinkTargetIncludeDirectories] ImageServiceTypes (PUBLIC)
-- [LinkTargetIncludeDirectories]   Build Interface  : C:/pw/TemplateTool/product/framework/services/ImageService/ImageServiceTypes/include
-- [LinkTargetIncludeDirectories]   Install Interface: include
-- [LinkTargetIncludeDirectories]   Private          : 
-- [BuildInstallModule] ImageServiceTypes
-- ====Start Build RC File Module====
-- Parse Args Results:
-- MODULE_NAME: ImageServiceTypes
-- FILE_DESCRIPTION: ImageServiceTypes Library
-- ***create rc file for: ImageServiceTypes***
-- 
-- ============================================================
-- [GenerateAppInfoFiles] Configuring app info file generation
-- ============================================================
--   Output File  : C:/pw/TemplateTool/build/windows-msvc-release/product/framework/services/ImageService/ImageServiceTypes/ImageServiceTypes_resource.rc
--   Template     : C:/pw/TemplateTool/product/framework/version/templates/app_resource.rc.in
--   Input JSON   : C:/pw/TemplateTool/build/windows-msvc-release/product/framework/version/version_meta.json
--   JSON Target  : generate_version_meta_8fa5974c
--   Target Name  : generate_ImageServiceTypes_resource_684aa48f
--   Internal Name: ImageServiceTypes
--   Description  : ImageServiceTypes Library
--   Original Name: $<TARGET_FILE_NAME:ImageServiceTypes>
-- ------------------------------------------------------------
-- 
-- [BuildInterface] ImageServiceApi
-- [BuildInterface]   Headers      : include/ucf/Services/ImageService/IImageService.h
-- [BuildInterface]   Header Base  : C:/pw/TemplateTool/product/framework/services/ImageService/ImageServiceApi/include
-- [BuildInterface]   Link Public  : ServiceDeclaration;NotificationHelper;ImageServiceTypes
-- [BuildInterface]   Dependencies : 
-- [BuildInterface]   IDE Folder   : framework/Services
-- [BuildInterface]   Include Build: C:/pw/TemplateTool/product/framework/services/ImageService/ImageServiceApi/include
-- [BuildInterface]   Include Inst : include
-- [LinkTargetIncludeDirectories] ImageServiceApi (INTERFACE)
-- [LinkTargetIncludeDirectories]   Build Interface  : C:/pw/TemplateTool/product/framework/services/ImageService/ImageServiceApi/include
-- [LinkTargetIncludeDirectories]   Install Interface: include
-- [LinkTargetIncludeDirectories]   Private          : 
-- [BuildInstallModule] ImageServiceApi
-- 
-- [BuildModule] ImageServiceImpl (SHARED)
-- [BuildModule]   Sources      : src/ImageServiceLogger.h;src/ImageService.h;src/ImageService.cpp
-- [BuildModule]   Headers      : include/ucf/Services/ImageService/ImageServiceImplExport.h;include/ucf/Services/ImageService/ImageServiceCreator.h
-- [BuildModule]   Header Base  : C:/pw/TemplateTool/product/framework/services/ImageService/ImageServiceImpl/include
-- [BuildModule]   Link Private : CoreFramework;LoggerUtils
-- [BuildModule]   Link Public  : ImageServiceApi
-- [BuildModule]   Dependencies : 
-- [BuildModule]   Definitions  : IMAGE_SERVICE_IMPL_DLL
-- [BuildModule]   IDE Folder   : framework/Services
-- [BuildModule]   Include Build: C:/pw/TemplateTool/product/framework/services/ImageService/ImageServiceImpl/include;C:/pw/TemplateTool/product/framework/services/ImageService/ImageServiceImpl/src
-- [BuildModule]   Include Inst : include
-- [BuildModule]   Include Priv : src
-- [LinkTargetIncludeDirectories] ImageServiceImpl (PUBLIC)
-- [LinkTargetIncludeDirectories]   Build Interface  : C:/pw/TemplateTool/product/framework/services/ImageService/ImageServiceImpl/include;C:/pw/TemplateTool/product/framework/services/ImageService/ImageServiceImpl/src
-- [LinkTargetIncludeDirectories]   Install Interface: include
-- [LinkTargetIncludeDirectories]   Private          : src
-- [BuildInstallModule] ImageServiceImpl
-- ====Start Build RC File Module====
-- Parse Args Results:
-- MODULE_NAME: ImageServiceImpl
-- FILE_DESCRIPTION: ImageServiceImpl Library
-- ***create rc file for: ImageServiceImpl***
-- 
-- ============================================================
-- [GenerateAppInfoFiles] Configuring app info file generation
-- ============================================================
--   Output File  : C:/pw/TemplateTool/build/windows-msvc-release/product/framework/services/ImageService/ImageServiceImpl/ImageServiceImpl_resource.rc
--   Template     : C:/pw/TemplateTool/product/framework/version/templates/app_resource.rc.in
--   Input JSON   : C:/pw/TemplateTool/build/windows-msvc-release/product/framework/version/version_meta.json
--   JSON Target  : generate_version_meta_8fa5974c
--   Target Name  : generate_ImageServiceImpl_resource_9fc8a9c9
--   Internal Name: ImageServiceImpl
--   Description  : ImageServiceImpl Library
--   Original Name: $<TARGET_FILE_NAME:ImageServiceImpl>
-- ------------------------------------------------------------
-- 
-- [BuildModule] FakeImageService (SHARED)
-- [BuildModule]   Sources      : src/FakeImageService.cpp
-- [BuildModule]   Headers      : include/fakes/ucf/Services/FakeImageService.h
-- [BuildModule]   Header Base  : C:/pw/TemplateTool/product/framework/services/ImageService/ImageServiceImpl/test/fakes/include
-- [BuildModule]   Link Private : 
-- [BuildModule]   Link Public  : ImageServiceApi;trompeloeil
-- [BuildModule]   Dependencies : 
-- [BuildModule]   Definitions  : SERVICE_DLL
-- [BuildModule]   IDE Folder   : framework/Services/unit-test
-- [BuildModule]   Include Build: C:/pw/TemplateTool/product/framework/services/ImageService/ImageServiceImpl/test/fakes/src
-- [BuildModule]   Include Inst : 
-- [BuildModule]   Include Priv : src
-- [LinkTargetIncludeDirectories] FakeImageService (PUBLIC)
-- [LinkTargetIncludeDirectories]   Build Interface  : C:/pw/TemplateTool/product/framework/services/ImageService/ImageServiceImpl/test/fakes/src
-- [LinkTargetIncludeDirectories]   Install Interface: 
-- [LinkTargetIncludeDirectories]   Private          : src
-- ====Start Build RC File Module====
-- Parse Args Results:
-- MODULE_NAME: FakeImageService
-- FILE_DESCRIPTION: FakeImageService Library
-- ***create rc file for: FakeImageService***
-- 
-- ============================================================
-- [GenerateAppInfoFiles] Configuring app info file generation
-- ============================================================
--   Output File  : C:/pw/TemplateTool/build/windows-msvc-release/product/framework/services/ImageService/ImageServiceImpl/test/fakes/FakeImageService_resource.rc
--   Template     : C:/pw/TemplateTool/product/framework/version/templates/app_resource.rc.in
--   Input JSON   : C:/pw/TemplateTool/build/windows-msvc-release/product/framework/version/version_meta.json
--   JSON Target  : generate_version_meta_8fa5974c
--   Target Name  : generate_FakeImageService_resource_966e39ff
--   Internal Name: FakeImageService
--   Description  : FakeImageService Library
--   Original Name: $<TARGET_FILE_NAME:FakeImageService>
-- ------------------------------------------------------------
-- 
-- [BuildUnitTestModule] ImageServiceTests
-- [BuildUnitTestModule]   Sources      : ImageServiceTests.cpp
-- [BuildUnitTestModule]   Link Private : ImageServiceImpl;FakeImageService;Catch2::Catch2WithMain
-- [BuildUnitTestModule]   Include Dirs : .
-- [BuildUnitTestModule]   IDE Folder   : framework/Services/unit-test
-- [LinkTargetIncludeDirectories] ImageServiceTests (PUBLIC)
-- [LinkTargetIncludeDirectories]   Build Interface  : 
-- [LinkTargetIncludeDirectories]   Install Interface: 
-- [LinkTargetIncludeDirectories]   Private          : .
-- 
-- [BuildModule] ContactServiceTypes (SHARED)
-- [BuildModule]   Sources      : src/ContactTypes.cpp
-- [BuildModule]   Headers      : include/ucf/Services/ContactService/IContactEntities.h
-- [BuildModule]   Header Base  : C:/pw/TemplateTool/product/framework/services/ContactService/ContactServiceTypes/include
-- [BuildModule]   Link Private : 
-- [BuildModule]   Link Public  : ServiceExportMacro
-- [BuildModule]   Dependencies : 
-- [BuildModule]   Definitions  : SERVICE_DLL
-- [BuildModule]   IDE Folder   : framework/Services
-- [BuildModule]   Include Build: C:/pw/TemplateTool/product/framework/services/ContactService/ContactServiceTypes/include
-- [BuildModule]   Include Inst : include
-- [BuildModule]   Include Priv : 
-- [LinkTargetIncludeDirectories] ContactServiceTypes (PUBLIC)
-- [LinkTargetIncludeDirectories]   Build Interface  : C:/pw/TemplateTool/product/framework/services/ContactService/ContactServiceTypes/include
-- [LinkTargetIncludeDirectories]   Install Interface: include
-- [LinkTargetIncludeDirectories]   Private          : 
-- [BuildInstallModule] ContactServiceTypes
-- ====Start Build RC File Module====
-- Parse Args Results:
-- MODULE_NAME: ContactServiceTypes
-- FILE_DESCRIPTION: ContactServiceTypes Library
-- ***create rc file for: ContactServiceTypes***
-- 
-- ============================================================
-- [GenerateAppInfoFiles] Configuring app info file generation
-- ============================================================
--   Output File  : C:/pw/TemplateTool/build/windows-msvc-release/product/framework/services/ContactService/ContactServiceTypes/ContactServiceTypes_resource.rc
--   Template     : C:/pw/TemplateTool/product/framework/version/templates/app_resource.rc.in
--   Input JSON   : C:/pw/TemplateTool/build/windows-msvc-release/product/framework/version/version_meta.json
--   JSON Target  : generate_version_meta_8fa5974c
--   Target Name  : generate_ContactServiceTypes_resource_7858c8cf
--   Internal Name: ContactServiceTypes
--   Description  : ContactServiceTypes Library
--   Original Name: $<TARGET_FILE_NAME:ContactServiceTypes>
-- ------------------------------------------------------------
-- 
-- [BuildInterface] ContactServiceApi
-- [BuildInterface]   Headers      : include/ucf/Services/ContactService/IContactService.h;include/ucf/Services/ContactService/IContactServiceCallback.h
-- [BuildInterface]   Header Base  : C:/pw/TemplateTool/product/framework/services/ContactService/ContactServiceApi/include
-- [BuildInterface]   Link Public  : ServiceDeclaration;NotificationHelper;ContactServiceTypes
-- [BuildInterface]   Dependencies : 
-- [BuildInterface]   IDE Folder   : framework/Services
-- [BuildInterface]   Include Build: C:/pw/TemplateTool/product/framework/services/ContactService/ContactServiceApi/include
-- [BuildInterface]   Include Inst : include
-- [LinkTargetIncludeDirectories] ContactServiceApi (INTERFACE)
-- [LinkTargetIncludeDirectories]   Build Interface  : C:/pw/TemplateTool/product/framework/services/ContactService/ContactServiceApi/include
-- [LinkTargetIncludeDirectories]   Install Interface: include
-- [LinkTargetIncludeDirectories]   Private          : 
-- [BuildInstallModule] ContactServiceApi
-- 
-- [BuildModule] ContactServiceImpl (SHARED)
-- [BuildModule]   Sources      : src/ContactServiceLogger.h;src/ContactService.h;src/ContactService.cpp;src/ContactNotificationSink.h;src/ContactModel.h;src/ContactModel.cpp;src/ContactEntities.h;src/ContactEntities.cpp;src/ContactManager.h;src/ContactManager.cpp;src/ContactDBAccess.h;src/ContactDBAccess.cpp;src/Adapters/ContactAdapter.h;src/Adapters/ContactAdapter.cpp
-- [BuildModule]   Headers      : include/ucf/Services/ContactService/ContactServiceCreator.h
-- [BuildModule]   Header Base  : C:/pw/TemplateTool/product/framework/services/ContactService/ContactServiceImpl/include
-- [BuildModule]   Link Private : NetworkService;DatabaseClient;DataWarehouseServiceApi;DataWarehouseSchema;ClientInfoServiceApi;CoreFramework;LoggerUtils;ThreadPool;UUIDUtils;SinkNotifier
-- [BuildModule]   Link Public  : ContactServiceApi;ServiceExportMacro
-- [BuildModule]   Dependencies : 
-- [BuildModule]   Definitions  : SERVICE_DLL
-- [BuildModule]   IDE Folder   : framework/Services
-- [BuildModule]   Include Build: C:/pw/TemplateTool/product/framework/services/ContactService/ContactServiceImpl/include;C:/pw/TemplateTool/product/framework/services/ContactService/ContactServiceImpl/src
-- [BuildModule]   Include Inst : include
-- [BuildModule]   Include Priv : src
-- [LinkTargetIncludeDirectories] ContactServiceImpl (PUBLIC)
-- [LinkTargetIncludeDirectories]   Build Interface  : C:/pw/TemplateTool/product/framework/services/ContactService/ContactServiceImpl/include;C:/pw/TemplateTool/product/framework/services/ContactService/ContactServiceImpl/src
-- [LinkTargetIncludeDirectories]   Install Interface: include
-- [LinkTargetIncludeDirectories]   Private          : src
-- [BuildInstallModule] ContactServiceImpl
-- ====Start Build RC File Module====
-- Parse Args Results:
-- MODULE_NAME: ContactServiceImpl
-- FILE_DESCRIPTION: ContactServiceImpl Library
-- ***create rc file for: ContactServiceImpl***
-- 
-- ============================================================
-- [GenerateAppInfoFiles] Configuring app info file generation
-- ============================================================
--   Output File  : C:/pw/TemplateTool/build/windows-msvc-release/product/framework/services/ContactService/ContactServiceImpl/ContactServiceImpl_resource.rc
--   Template     : C:/pw/TemplateTool/product/framework/version/templates/app_resource.rc.in
--   Input JSON   : C:/pw/TemplateTool/build/windows-msvc-release/product/framework/version/version_meta.json
--   JSON Target  : generate_version_meta_8fa5974c
--   Target Name  : generate_ContactServiceImpl_resource_1fa8afc6
--   Internal Name: ContactServiceImpl
--   Description  : ContactServiceImpl Library
--   Original Name: $<TARGET_FILE_NAME:ContactServiceImpl>
-- ------------------------------------------------------------
-- 
-- [BuildModule] FakeContactService (SHARED)
-- [BuildModule]   Sources      : src/FakeContactService.cpp
-- [BuildModule]   Headers      : include/fakes/ucf/Services/FakeContactService.h
-- [BuildModule]   Header Base  : C:/pw/TemplateTool/product/framework/services/ContactService/ContactServiceImpl/test/fakes/include
-- [BuildModule]   Link Private : 
-- [BuildModule]   Link Public  : ContactServiceApi;trompeloeil
-- [BuildModule]   Dependencies : 
-- [BuildModule]   Definitions  : SERVICE_DLL
-- [BuildModule]   IDE Folder   : framework/Services/unit-test
-- [BuildModule]   Include Build: C:/pw/TemplateTool/product/framework/services/ContactService/ContactServiceImpl/test/fakes/src
-- [BuildModule]   Include Inst : 
-- [BuildModule]   Include Priv : src
-- [LinkTargetIncludeDirectories] FakeContactService (PUBLIC)
-- [LinkTargetIncludeDirectories]   Build Interface  : C:/pw/TemplateTool/product/framework/services/ContactService/ContactServiceImpl/test/fakes/src
-- [LinkTargetIncludeDirectories]   Install Interface: 
-- [LinkTargetIncludeDirectories]   Private          : src
-- ====Start Build RC File Module====
-- Parse Args Results:
-- MODULE_NAME: FakeContactService
-- FILE_DESCRIPTION: FakeContactService Library
-- ***create rc file for: FakeContactService***
-- 
-- ============================================================
-- [GenerateAppInfoFiles] Configuring app info file generation
-- ============================================================
--   Output File  : C:/pw/TemplateTool/build/windows-msvc-release/product/framework/services/ContactService/ContactServiceImpl/test/fakes/FakeContactService_resource.rc
--   Template     : C:/pw/TemplateTool/product/framework/version/templates/app_resource.rc.in
--   Input JSON   : C:/pw/TemplateTool/build/windows-msvc-release/product/framework/version/version_meta.json
--   JSON Target  : generate_version_meta_8fa5974c
--   Target Name  : generate_FakeContactService_resource_06c4cb16
--   Internal Name: FakeContactService
--   Description  : FakeContactService Library
--   Original Name: $<TARGET_FILE_NAME:FakeContactService>
-- ------------------------------------------------------------
-- 
-- [BuildUnitTestModule] ContactServiceTests
-- [BuildUnitTestModule]   Sources      : ContactServiceTests.cpp
-- [BuildUnitTestModule]   Link Private : ContactServiceImpl;FakeContactService;Catch2::Catch2WithMain
-- [BuildUnitTestModule]   Include Dirs : .
-- [BuildUnitTestModule]   IDE Folder   : framework/Services/unit-test
-- [LinkTargetIncludeDirectories] ContactServiceTests (PUBLIC)
-- [LinkTargetIncludeDirectories]   Build Interface  : 
-- [LinkTargetIncludeDirectories]   Install Interface: 
-- [LinkTargetIncludeDirectories]   Private          : .
-- 
-- [BuildModule] MediaService (SHARED)
-- [BuildModule]   Sources      : src/MediaServiceLogger.h;src/MediaService.h;src/MediaService.cpp;src/CameraDevice.h;src/CameraDevice.cpp;src/CameraManager.h;src/CameraManager.cpp;src/CameraVideoCapture.h;src/CameraVideoCapture.cpp;src/VideoFrame.h;src/VideoFrame.cpp
-- [BuildModule]   Headers      : include/ucf/Services/MediaService/IMediaService.h;include/ucf/Services/MediaService/IMediaServiceCallback.h;include/ucf/Services/MediaService/MediaTypes.h
-- [BuildModule]   Header Base  : C:/pw/TemplateTool/product/framework/services/MediaService/include
-- [BuildModule]   Link Private : CoreFramework;UUIDUtils;OSUtils;LoggerUtils;opencv
-- [BuildModule]   Link Public  : ServiceExportMacro;NotificationHelper;ServiceDeclaration
-- [BuildModule]   Dependencies : 
-- [BuildModule]   Definitions  : SERVICE_DLL
-- [BuildModule]   IDE Folder   : framework/Services
-- [BuildModule]   Include Build: C:/pw/TemplateTool/product/framework/services/MediaService/include;C:/pw/TemplateTool/product/framework/services/MediaService/src
-- [BuildModule]   Include Inst : include
-- [BuildModule]   Include Priv : src
-- [LinkTargetIncludeDirectories] MediaService (PUBLIC)
-- [LinkTargetIncludeDirectories]   Build Interface  : C:/pw/TemplateTool/product/framework/services/MediaService/include;C:/pw/TemplateTool/product/framework/services/MediaService/src
-- [LinkTargetIncludeDirectories]   Install Interface: include
-- [LinkTargetIncludeDirectories]   Private          : src
-- [BuildInstallModule] MediaService
-- ====Start Build RC File Module====
-- Parse Args Results:
-- MODULE_NAME: MediaService
-- FILE_DESCRIPTION: MediaService Library
-- ***create rc file for: MediaService***
-- 
-- ============================================================
-- [GenerateAppInfoFiles] Configuring app info file generation
-- ============================================================
--   Output File  : C:/pw/TemplateTool/build/windows-msvc-release/product/framework/services/MediaService/MediaService_resource.rc
--   Template     : C:/pw/TemplateTool/product/framework/version/templates/app_resource.rc.in
--   Input JSON   : C:/pw/TemplateTool/build/windows-msvc-release/product/framework/version/version_meta.json
--   JSON Target  : generate_version_meta_8fa5974c
--   Target Name  : generate_MediaService_resource_18941300
--   Internal Name: MediaService
--   Description  : MediaService Library
--   Original Name: $<TARGET_FILE_NAME:MediaService>
-- ------------------------------------------------------------
-- 
-- [BuildModule] FakeMediaService (SHARED)
-- [BuildModule]   Sources      : src/FakeMediaService.cpp
-- [BuildModule]   Headers      : include/fakes/ucf/Services/FakeMediaService.h
-- [BuildModule]   Header Base  : C:/pw/TemplateTool/product/framework/services/MediaService/test/fakes/include
-- [BuildModule]   Link Private : 
-- [BuildModule]   Link Public  : MediaService;trompeloeil
-- [BuildModule]   Dependencies : 
-- [BuildModule]   Definitions  : SERVICE_DLL
-- [BuildModule]   IDE Folder   : framework/Services/unit-test
-- [BuildModule]   Include Build: C:/pw/TemplateTool/product/framework/services/MediaService/test/fakes/src
-- [BuildModule]   Include Inst : 
-- [BuildModule]   Include Priv : src
-- [LinkTargetIncludeDirectories] FakeMediaService (PUBLIC)
-- [LinkTargetIncludeDirectories]   Build Interface  : C:/pw/TemplateTool/product/framework/services/MediaService/test/fakes/src
-- [LinkTargetIncludeDirectories]   Install Interface: 
-- [LinkTargetIncludeDirectories]   Private          : src
-- ====Start Build RC File Module====
-- Parse Args Results:
-- MODULE_NAME: FakeMediaService
-- FILE_DESCRIPTION: FakeMediaService Library
-- ***create rc file for: FakeMediaService***
-- 
-- ============================================================
-- [GenerateAppInfoFiles] Configuring app info file generation
-- ============================================================
--   Output File  : C:/pw/TemplateTool/build/windows-msvc-release/product/framework/services/MediaService/test/fakes/FakeMediaService_resource.rc
--   Template     : C:/pw/TemplateTool/product/framework/version/templates/app_resource.rc.in
--   Input JSON   : C:/pw/TemplateTool/build/windows-msvc-release/product/framework/version/version_meta.json
--   JSON Target  : generate_version_meta_8fa5974c
--   Target Name  : generate_FakeMediaService_resource_1d5e312e
--   Internal Name: FakeMediaService
--   Description  : FakeMediaService Library
--   Original Name: $<TARGET_FILE_NAME:FakeMediaService>
-- ------------------------------------------------------------
-- 
-- [BuildUnitTestModule] MediaServiceTests
-- [BuildUnitTestModule]   Sources      : MediaServiceTests.cpp
-- [BuildUnitTestModule]   Link Private : MediaService;FakeMediaService;Catch2::Catch2WithMain
-- [BuildUnitTestModule]   Include Dirs : .
-- [BuildUnitTestModule]   IDE Folder   : framework/Services/unit-test
-- [LinkTargetIncludeDirectories] MediaServiceTests (PUBLIC)
-- [LinkTargetIncludeDirectories]   Build Interface  : 
-- [LinkTargetIncludeDirectories]   Install Interface: 
-- [LinkTargetIncludeDirectories]   Private          : .
-- 
-- [BuildModule] StabilityServiceTypes (SHARED)
-- [BuildModule]   Sources      : src/StabilityTypes.cpp
-- [BuildModule]   Headers      : include/ucf/Services/StabilityService/CrashInfo.h;include/ucf/Services/StabilityService/HangInfo.h
-- [BuildModule]   Header Base  : C:/pw/TemplateTool/product/framework/services/StabilityService/StabilityServiceTypes/include
-- [BuildModule]   Link Private : 
-- [BuildModule]   Link Public  : ServiceExportMacro
-- [BuildModule]   Dependencies : 
-- [BuildModule]   Definitions  : SERVICE_DLL
-- [BuildModule]   IDE Folder   : framework/Services
-- [BuildModule]   Include Build: C:/pw/TemplateTool/product/framework/services/StabilityService/StabilityServiceTypes/include
-- [BuildModule]   Include Inst : include
-- [BuildModule]   Include Priv : 
-- [LinkTargetIncludeDirectories] StabilityServiceTypes (PUBLIC)
-- [LinkTargetIncludeDirectories]   Build Interface  : C:/pw/TemplateTool/product/framework/services/StabilityService/StabilityServiceTypes/include
-- [LinkTargetIncludeDirectories]   Install Interface: include
-- [LinkTargetIncludeDirectories]   Private          : 
-- [BuildInstallModule] StabilityServiceTypes
-- ====Start Build RC File Module====
-- Parse Args Results:
-- MODULE_NAME: StabilityServiceTypes
-- FILE_DESCRIPTION: StabilityServiceTypes Library
-- ***create rc file for: StabilityServiceTypes***
-- 
-- ============================================================
-- [GenerateAppInfoFiles] Configuring app info file generation
-- ============================================================
--   Output File  : C:/pw/TemplateTool/build/windows-msvc-release/product/framework/services/StabilityService/StabilityServiceTypes/StabilityServiceTypes_resource.rc
--   Template     : C:/pw/TemplateTool/product/framework/version/templates/app_resource.rc.in
--   Input JSON   : C:/pw/TemplateTool/build/windows-msvc-release/product/framework/version/version_meta.json
--   JSON Target  : generate_version_meta_8fa5974c
--   Target Name  : generate_StabilityServiceTypes_resource_7011d5e3
--   Internal Name: StabilityServiceTypes
--   Description  : StabilityServiceTypes Library
--   Original Name: $<TARGET_FILE_NAME:StabilityServiceTypes>
-- ------------------------------------------------------------
-- 
-- [BuildInterface] StabilityServiceApi
-- [BuildInterface]   Headers      : include/ucf/Services/StabilityService/IStabilityService.h
-- [BuildInterface]   Header Base  : C:/pw/TemplateTool/product/framework/services/StabilityService/StabilityServiceApi/include
-- [BuildInterface]   Link Public  : ServiceDeclaration;StabilityServiceTypes
-- [BuildInterface]   Dependencies : 
-- [BuildInterface]   IDE Folder   : framework/Services
-- [BuildInterface]   Include Build: C:/pw/TemplateTool/product/framework/services/StabilityService/StabilityServiceApi/include
-- [BuildInterface]   Include Inst : include
-- [LinkTargetIncludeDirectories] StabilityServiceApi (INTERFACE)
-- [LinkTargetIncludeDirectories]   Build Interface  : C:/pw/TemplateTool/product/framework/services/StabilityService/StabilityServiceApi/include
-- [LinkTargetIncludeDirectories]   Install Interface: include
-- [LinkTargetIncludeDirectories]   Private          : 
-- [BuildInstallModule] StabilityServiceApi
-- 
-- [BuildModule] StabilityServiceImpl (SHARED)
-- [BuildModule]   Sources      : src/StabilityService.h;src/StabilityService.cpp;src/StabilityServiceLogger.h;src/crash/CrashManager.h;src/crash/CrashManager.cpp;src/crash/IPlatformCrashHandler.h;src/crash/IPlatformCrashHandler.cpp;src/hang/HangManager.h;src/hang/HangManager.cpp;src/hang/IPlatformHangHandler.h;src/hang/IPlatformHangHandler.cpp;src/crash/platform/WindowsCrashHandler.h;src/crash/platform/WindowsCrashHandler.cpp;src/hang/platform/WindowsHangHandler.h;src/hang/platform/WindowsHangHandler.cpp
-- [BuildModule]   Headers      : include/ucf/Services/StabilityService/StabilityServiceCreator.h
-- [BuildModule]   Header Base  : C:/pw/TemplateTool/product/framework/services/StabilityService/StabilityServiceImpl/include
-- [BuildModule]   Link Private : CoreFramework;LoggerUtils;FilePathUtils;ClientInfoServiceApi;TimeUtils
-- [BuildModule]   Link Public  : StabilityServiceApi;ServiceExportMacro
-- [BuildModule]   Dependencies : 
-- [BuildModule]   Definitions  : SERVICE_DLL
-- [BuildModule]   IDE Folder   : framework/Services
-- [BuildModule]   Include Build: C:/pw/TemplateTool/product/framework/services/StabilityService/StabilityServiceImpl/include
-- [BuildModule]   Include Inst : include
-- [BuildModule]   Include Priv : C:/pw/TemplateTool/product/framework/services/StabilityService/StabilityServiceImpl/src
-- [LinkTargetIncludeDirectories] StabilityServiceImpl (PUBLIC)
-- [LinkTargetIncludeDirectories]   Build Interface  : C:/pw/TemplateTool/product/framework/services/StabilityService/StabilityServiceImpl/include
-- [LinkTargetIncludeDirectories]   Install Interface: include
-- [LinkTargetIncludeDirectories]   Private          : C:/pw/TemplateTool/product/framework/services/StabilityService/StabilityServiceImpl/src
-- [BuildInstallModule] StabilityServiceImpl
-- ====Start Build RC File Module====
-- Parse Args Results:
-- MODULE_NAME: StabilityServiceImpl
-- FILE_DESCRIPTION: StabilityServiceImpl Library
-- ***create rc file for: StabilityServiceImpl***
-- 
-- ============================================================
-- [GenerateAppInfoFiles] Configuring app info file generation
-- ============================================================
--   Output File  : C:/pw/TemplateTool/build/windows-msvc-release/product/framework/services/StabilityService/StabilityServiceImpl/StabilityServiceImpl_resource.rc
--   Template     : C:/pw/TemplateTool/product/framework/version/templates/app_resource.rc.in
--   Input JSON   : C:/pw/TemplateTool/build/windows-msvc-release/product/framework/version/version_meta.json
--   JSON Target  : generate_version_meta_8fa5974c
--   Target Name  : generate_StabilityServiceImpl_resource_49e41e53
--   Internal Name: StabilityServiceImpl
--   Description  : StabilityServiceImpl Library
--   Original Name: $<TARGET_FILE_NAME:StabilityServiceImpl>
-- ------------------------------------------------------------
-- 
-- [BuildUnitTestModule] StabilityServiceTests
-- [BuildUnitTestModule]   Sources      : StabilityServiceTests.cpp
-- [BuildUnitTestModule]   Link Private : StabilityServiceImpl;ClientInfoServiceApi;CoreFramework;FakeCoreFramework;FakeClientInfoService;Catch2::Catch2WithMain
-- [BuildUnitTestModule]   Include Dirs : .;C:/pw/TemplateTool/product/framework/services/StabilityService/StabilityServiceImpl/test/../src
-- [BuildUnitTestModule]   IDE Folder   : framework/Services/unit-test
-- [LinkTargetIncludeDirectories] StabilityServiceTests (PUBLIC)
-- [LinkTargetIncludeDirectories]   Build Interface  : 
-- [LinkTargetIncludeDirectories]   Install Interface: 
-- [LinkTargetIncludeDirectories]   Private          : .;C:/pw/TemplateTool/product/framework/services/StabilityService/StabilityServiceImpl/test/../src
-- 
-- [BuildModule] PerformanceServiceTypes (SHARED)
-- [BuildModule]   Sources      : src/PerformanceInfo.cpp
-- [BuildModule]   Headers      : include/ucf/Services/PerformanceService/PerformanceInfo.h
-- [BuildModule]   Header Base  : C:/pw/TemplateTool/product/framework/services/PerformanceService/PerformanceServiceTypes/include
-- [BuildModule]   Link Private : 
-- [BuildModule]   Link Public  : ServiceExportMacro
-- [BuildModule]   Dependencies : 
-- [BuildModule]   Definitions  : SERVICE_DLL
-- [BuildModule]   IDE Folder   : framework/Services
-- [BuildModule]   Include Build: C:/pw/TemplateTool/product/framework/services/PerformanceService/PerformanceServiceTypes/include
-- [BuildModule]   Include Inst : include
-- [BuildModule]   Include Priv : 
-- [LinkTargetIncludeDirectories] PerformanceServiceTypes (PUBLIC)
-- [LinkTargetIncludeDirectories]   Build Interface  : C:/pw/TemplateTool/product/framework/services/PerformanceService/PerformanceServiceTypes/include
-- [LinkTargetIncludeDirectories]   Install Interface: include
-- [LinkTargetIncludeDirectories]   Private          : 
-- [BuildInstallModule] PerformanceServiceTypes
-- ====Start Build RC File Module====
-- Parse Args Results:
-- MODULE_NAME: PerformanceServiceTypes
-- FILE_DESCRIPTION: PerformanceServiceTypes Library
-- ***create rc file for: PerformanceServiceTypes***
-- 
-- ============================================================
-- [GenerateAppInfoFiles] Configuring app info file generation
-- ============================================================
--   Output File  : C:/pw/TemplateTool/build/windows-msvc-release/product/framework/services/PerformanceService/PerformanceServiceTypes/PerformanceServiceTypes_resource.rc
--   Template     : C:/pw/TemplateTool/product/framework/version/templates/app_resource.rc.in
--   Input JSON   : C:/pw/TemplateTool/build/windows-msvc-release/product/framework/version/version_meta.json
--   JSON Target  : generate_version_meta_8fa5974c
--   Target Name  : generate_PerformanceServiceTypes_resource_e5308f89
--   Internal Name: PerformanceServiceTypes
--   Description  : PerformanceServiceTypes Library
--   Original Name: $<TARGET_FILE_NAME:PerformanceServiceTypes>
-- ------------------------------------------------------------
-- 
-- [BuildInterface] PerformanceServiceApi
-- [BuildInterface]   Headers      : include/ucf/Services/PerformanceService/IPerformanceService.h;include/ucf/Services/PerformanceService/IPerformanceServiceCallback.h
-- [BuildInterface]   Header Base  : C:/pw/TemplateTool/product/framework/services/PerformanceService/PerformanceServiceApi/include
-- [BuildInterface]   Link Public  : ServiceDeclaration;NotificationHelper;PerformanceServiceTypes
-- [BuildInterface]   Dependencies : 
-- [BuildInterface]   IDE Folder   : framework/Services
-- [BuildInterface]   Include Build: C:/pw/TemplateTool/product/framework/services/PerformanceService/PerformanceServiceApi/include
-- [BuildInterface]   Include Inst : include
-- [LinkTargetIncludeDirectories] PerformanceServiceApi (INTERFACE)
-- [LinkTargetIncludeDirectories]   Build Interface  : C:/pw/TemplateTool/product/framework/services/PerformanceService/PerformanceServiceApi/include
-- [LinkTargetIncludeDirectories]   Install Interface: include
-- [LinkTargetIncludeDirectories]   Private          : 
-- [BuildInstallModule] PerformanceServiceApi
-- 
-- [BuildModule] PerformanceServiceImpl (SHARED)
-- [BuildModule]   Sources      : src/PerformanceServiceLogger.h;src/PerformanceService.h;src/PerformanceService.cpp;src/PerformanceNotificationSink.h;src/PerformanceManager.h;src/PerformanceManager.cpp;src/TimingTracker.h;src/TimingTracker.cpp;src/IMemoryMonitor.h;src/IMemoryMonitor.cpp;src/ICPUMonitor.h;src/ICPUMonitor.cpp;src/platform/WindowsMemoryMonitor.h;src/platform/WindowsMemoryMonitor.cpp;src/platform/WindowsCPUMonitor.h;src/platform/WindowsCPUMonitor.cpp
-- [BuildModule]   Headers      : include/ucf/Services/PerformanceService/PerformanceServiceCreator.h
-- [BuildModule]   Header Base  : C:/pw/TemplateTool/product/framework/services/PerformanceService/PerformanceServiceImpl/include
-- [BuildModule]   Link Private : CoreFramework;LoggerUtils;JsonUtils;SinkNotifier
-- [BuildModule]   Link Public  : PerformanceServiceApi;ServiceExportMacro
-- [BuildModule]   Dependencies : 
-- [BuildModule]   Definitions  : SERVICE_DLL
-- [BuildModule]   IDE Folder   : framework/Services
-- [BuildModule]   Include Build: C:/pw/TemplateTool/product/framework/services/PerformanceService/PerformanceServiceImpl/include;C:/pw/TemplateTool/product/framework/services/PerformanceService/PerformanceServiceImpl/src
-- [BuildModule]   Include Inst : include
-- [BuildModule]   Include Priv : src
-- [LinkTargetIncludeDirectories] PerformanceServiceImpl (PUBLIC)
-- [LinkTargetIncludeDirectories]   Build Interface  : C:/pw/TemplateTool/product/framework/services/PerformanceService/PerformanceServiceImpl/include;C:/pw/TemplateTool/product/framework/services/PerformanceService/PerformanceServiceImpl/src
-- [LinkTargetIncludeDirectories]   Install Interface: include
-- [LinkTargetIncludeDirectories]   Private          : src
-- [BuildInstallModule] PerformanceServiceImpl
-- ====Start Build RC File Module====
-- Parse Args Results:
-- MODULE_NAME: PerformanceServiceImpl
-- FILE_DESCRIPTION: PerformanceServiceImpl Library
-- ***create rc file for: PerformanceServiceImpl***
-- 
-- ============================================================
-- [GenerateAppInfoFiles] Configuring app info file generation
-- ============================================================
--   Output File  : C:/pw/TemplateTool/build/windows-msvc-release/product/framework/services/PerformanceService/PerformanceServiceImpl/PerformanceServiceImpl_resource.rc
--   Template     : C:/pw/TemplateTool/product/framework/version/templates/app_resource.rc.in
--   Input JSON   : C:/pw/TemplateTool/build/windows-msvc-release/product/framework/version/version_meta.json
--   JSON Target  : generate_version_meta_8fa5974c
--   Target Name  : generate_PerformanceServiceImpl_resource_2cd548b8
--   Internal Name: PerformanceServiceImpl
--   Description  : PerformanceServiceImpl Library
--   Original Name: $<TARGET_FILE_NAME:PerformanceServiceImpl>
-- ------------------------------------------------------------
-- 
-- [BuildUnitTestModule] PerformanceServiceTests
-- [BuildUnitTestModule]   Sources      : PerformanceServiceTests.cpp
-- [BuildUnitTestModule]   Link Private : PerformanceServiceImpl;CoreFramework;FakeCoreFramework;SinkNotifier;Catch2::Catch2WithMain
-- [BuildUnitTestModule]   Include Dirs : .;C:/pw/TemplateTool/product/framework/services/PerformanceService/PerformanceServiceImpl/test/../src
-- [BuildUnitTestModule]   IDE Folder   : framework/Services/unit-test
-- [LinkTargetIncludeDirectories] PerformanceServiceTests (PUBLIC)
-- [LinkTargetIncludeDirectories]   Build Interface  : 
-- [LinkTargetIncludeDirectories]   Install Interface: 
-- [LinkTargetIncludeDirectories]   Private          : .;C:/pw/TemplateTool/product/framework/services/PerformanceService/PerformanceServiceImpl/test/../src
-- 
-- [BuildModule] FeatureSettingsServiceTypes (SHARED)
-- [BuildModule]   Sources      : src/FeatureSettingsModel.cpp
-- [BuildModule]   Headers      : include/ucf/Services/FeatureSettingsService/FeatureSettingsModel.h
-- [BuildModule]   Header Base  : C:/pw/TemplateTool/product/framework/services/FeatureSettingsService/FeatureSettingsServiceTypes/include
-- [BuildModule]   Link Private : 
-- [BuildModule]   Link Public  : ServiceExportMacro
-- [BuildModule]   Dependencies : 
-- [BuildModule]   Definitions  : SERVICE_DLL
-- [BuildModule]   IDE Folder   : framework/Services
-- [BuildModule]   Include Build: C:/pw/TemplateTool/product/framework/services/FeatureSettingsService/FeatureSettingsServiceTypes/include
-- [BuildModule]   Include Inst : include
-- [BuildModule]   Include Priv : 
-- [LinkTargetIncludeDirectories] FeatureSettingsServiceTypes (PUBLIC)
-- [LinkTargetIncludeDirectories]   Build Interface  : C:/pw/TemplateTool/product/framework/services/FeatureSettingsService/FeatureSettingsServiceTypes/include
-- [LinkTargetIncludeDirectories]   Install Interface: include
-- [LinkTargetIncludeDirectories]   Private          : 
-- [BuildInstallModule] FeatureSettingsServiceTypes
-- ====Start Build RC File Module====
-- Parse Args Results:
-- MODULE_NAME: FeatureSettingsServiceTypes
-- FILE_DESCRIPTION: FeatureSettingsServiceTypes Library
-- ***create rc file for: FeatureSettingsServiceTypes***
-- 
-- ============================================================
-- [GenerateAppInfoFiles] Configuring app info file generation
-- ============================================================
--   Output File  : C:/pw/TemplateTool/build/windows-msvc-release/product/framework/services/FeatureSettingsService/FeatureSettingsServiceTypes/FeatureSettingsServiceTypes_resource.rc
--   Template     : C:/pw/TemplateTool/product/framework/version/templates/app_resource.rc.in
--   Input JSON   : C:/pw/TemplateTool/build/windows-msvc-release/product/framework/version/version_meta.json
--   JSON Target  : generate_version_meta_8fa5974c
--   Target Name  : generate_FeatureSettingsServiceTypes_resource_ec46b571
--   Internal Name: FeatureSettingsServiceTypes
--   Description  : FeatureSettingsServiceTypes Library
--   Original Name: $<TARGET_FILE_NAME:FeatureSettingsServiceTypes>
-- ------------------------------------------------------------
-- 
-- [BuildInterface] FeatureSettingsServiceApi
-- [BuildInterface]   Headers      : include/ucf/Services/FeatureSettingsService/IFeatureSettingsService.h;include/ucf/Services/FeatureSettingsService/IFeatureSettingsServiceCallback.h
-- [BuildInterface]   Header Base  : C:/pw/TemplateTool/product/framework/services/FeatureSettingsService/FeatureSettingsServiceApi/include
-- [BuildInterface]   Link Public  : ServiceDeclaration;NotificationHelper;FeatureSettingsServiceTypes
-- [BuildInterface]   Dependencies : 
-- [BuildInterface]   IDE Folder   : framework/Services
-- [BuildInterface]   Include Build: C:/pw/TemplateTool/product/framework/services/FeatureSettingsService/FeatureSettingsServiceApi/include
-- [BuildInterface]   Include Inst : include
-- [LinkTargetIncludeDirectories] FeatureSettingsServiceApi (INTERFACE)
-- [LinkTargetIncludeDirectories]   Build Interface  : C:/pw/TemplateTool/product/framework/services/FeatureSettingsService/FeatureSettingsServiceApi/include
-- [LinkTargetIncludeDirectories]   Install Interface: include
-- [LinkTargetIncludeDirectories]   Private          : 
-- [BuildInstallModule] FeatureSettingsServiceApi
-- 
-- [BuildModule] FeatureSettingsServiceImpl (SHARED)
-- [BuildModule]   Sources      : src/FeatureSettingsServiceLogger.h;src/FeatureSettingsService.h;src/FeatureSettingsService.cpp;src/FeatureSettingsManager.h;src/FeatureSettingsManager.cpp
-- [BuildModule]   Headers      : include/ucf/Services/FeatureSettingsService/FeatureSettingsServiceCreator.h
-- [BuildModule]   Header Base  : C:/pw/TemplateTool/product/framework/services/FeatureSettingsService/FeatureSettingsServiceImpl/include
-- [BuildModule]   Link Private : DataWarehouseServiceApi;CoreFramework;DataWarehouseSchema;ClientInfoServiceApi;LoggerUtils
-- [BuildModule]   Link Public  : FeatureSettingsServiceApi;ServiceExportMacro
-- [BuildModule]   Dependencies : 
-- [BuildModule]   Definitions  : SERVICE_DLL
-- [BuildModule]   IDE Folder   : framework/Services
-- [BuildModule]   Include Build: C:/pw/TemplateTool/product/framework/services/FeatureSettingsService/FeatureSettingsServiceImpl/include;C:/pw/TemplateTool/product/framework/services/FeatureSettingsService/FeatureSettingsServiceImpl/src
-- [BuildModule]   Include Inst : include
-- [BuildModule]   Include Priv : src
-- [LinkTargetIncludeDirectories] FeatureSettingsServiceImpl (PUBLIC)
-- [LinkTargetIncludeDirectories]   Build Interface  : C:/pw/TemplateTool/product/framework/services/FeatureSettingsService/FeatureSettingsServiceImpl/include;C:/pw/TemplateTool/product/framework/services/FeatureSettingsService/FeatureSettingsServiceImpl/src
-- [LinkTargetIncludeDirectories]   Install Interface: include
-- [LinkTargetIncludeDirectories]   Private          : src
-- [BuildInstallModule] FeatureSettingsServiceImpl
-- ====Start Build RC File Module====
-- Parse Args Results:
-- MODULE_NAME: FeatureSettingsServiceImpl
-- FILE_DESCRIPTION: FeatureSettingsServiceImpl Library
-- ***create rc file for: FeatureSettingsServiceImpl***
-- 
-- ============================================================
-- [GenerateAppInfoFiles] Configuring app info file generation
-- ============================================================
--   Output File  : C:/pw/TemplateTool/build/windows-msvc-release/product/framework/services/FeatureSettingsService/FeatureSettingsServiceImpl/FeatureSettingsServiceImpl_resource.rc
--   Template     : C:/pw/TemplateTool/product/framework/version/templates/app_resource.rc.in
--   Input JSON   : C:/pw/TemplateTool/build/windows-msvc-release/product/framework/version/version_meta.json
--   JSON Target  : generate_version_meta_8fa5974c
--   Target Name  : generate_FeatureSettingsServiceImpl_resource_00dd2dc1
--   Internal Name: FeatureSettingsServiceImpl
--   Description  : FeatureSettingsServiceImpl Library
--   Original Name: $<TARGET_FILE_NAME:FeatureSettingsServiceImpl>
-- ------------------------------------------------------------
-- 
-- [BuildModule] FakeFeatureSettingsService (SHARED)
-- [BuildModule]   Sources      : src/FakeFeatureSettingsService.cpp
-- [BuildModule]   Headers      : include/fakes/ucf/Services/FakeFeatureSettingsService.h
-- [BuildModule]   Header Base  : C:/pw/TemplateTool/product/framework/services/FeatureSettingsService/FeatureSettingsServiceImpl/test/fakes/include
-- [BuildModule]   Link Private : 
-- [BuildModule]   Link Public  : FeatureSettingsServiceApi;trompeloeil
-- [BuildModule]   Dependencies : 
-- [BuildModule]   Definitions  : SERVICE_DLL
-- [BuildModule]   IDE Folder   : framework/Services/unit-test
-- [BuildModule]   Include Build: C:/pw/TemplateTool/product/framework/services/FeatureSettingsService/FeatureSettingsServiceImpl/test/fakes/src
-- [BuildModule]   Include Inst : 
-- [BuildModule]   Include Priv : src
-- [LinkTargetIncludeDirectories] FakeFeatureSettingsService (PUBLIC)
-- [LinkTargetIncludeDirectories]   Build Interface  : C:/pw/TemplateTool/product/framework/services/FeatureSettingsService/FeatureSettingsServiceImpl/test/fakes/src
-- [LinkTargetIncludeDirectories]   Install Interface: 
-- [LinkTargetIncludeDirectories]   Private          : src
-- ====Start Build RC File Module====
-- Parse Args Results:
-- MODULE_NAME: FakeFeatureSettingsService
-- FILE_DESCRIPTION: FakeFeatureSettingsService Library
-- ***create rc file for: FakeFeatureSettingsService***
-- 
-- ============================================================
-- [GenerateAppInfoFiles] Configuring app info file generation
-- ============================================================
--   Output File  : C:/pw/TemplateTool/build/windows-msvc-release/product/framework/services/FeatureSettingsService/FeatureSettingsServiceImpl/test/fakes/FakeFeatureSettingsService_resource.rc
--   Template     : C:/pw/TemplateTool/product/framework/version/templates/app_resource.rc.in
--   Input JSON   : C:/pw/TemplateTool/build/windows-msvc-release/product/framework/version/version_meta.json
--   JSON Target  : generate_version_meta_8fa5974c
--   Target Name  : generate_FakeFeatureSettingsService_resource_98c356e4
--   Internal Name: FakeFeatureSettingsService
--   Description  : FakeFeatureSettingsService Library
--   Original Name: $<TARGET_FILE_NAME:FakeFeatureSettingsService>
-- ------------------------------------------------------------
-- 
-- [BuildUnitTestModule] FeatureSettingsServiceTests
-- [BuildUnitTestModule]   Sources      : FeatureSettingsServiceTests.cpp
-- [BuildUnitTestModule]   Link Private : FeatureSettingsServiceImpl;FakeFeatureSettingsService;Catch2::Catch2WithMain
-- [BuildUnitTestModule]   Include Dirs : .
-- [BuildUnitTestModule]   IDE Folder   : framework/Services/unit-test
-- [LinkTargetIncludeDirectories] FeatureSettingsServiceTests (PUBLIC)
-- [LinkTargetIncludeDirectories]   Build Interface  : 
-- [LinkTargetIncludeDirectories]   Install Interface: 
-- [LinkTargetIncludeDirectories]   Private          : .
-- 
-- [BuildModule] CameraDirectoryServiceTypes (SHARED)
-- [BuildModule]   Sources      : src/CameraDirectoryTypes.cpp
-- [BuildModule]   Headers      : include/ucf/Services/CameraDirectoryService/ICameraDirectoryEntities.h
-- [BuildModule]   Header Base  : C:/pw/TemplateTool/product/framework/services/CameraDirectoryService/CameraDirectoryServiceTypes/include
-- [BuildModule]   Link Private : 
-- [BuildModule]   Link Public  : ServiceExportMacro;MediaService
-- [BuildModule]   Dependencies : 
-- [BuildModule]   Definitions  : SERVICE_DLL
-- [BuildModule]   IDE Folder   : framework/Services
-- [BuildModule]   Include Build: C:/pw/TemplateTool/product/framework/services/CameraDirectoryService/CameraDirectoryServiceTypes/include
-- [BuildModule]   Include Inst : include
-- [BuildModule]   Include Priv : 
-- [LinkTargetIncludeDirectories] CameraDirectoryServiceTypes (PUBLIC)
-- [LinkTargetIncludeDirectories]   Build Interface  : C:/pw/TemplateTool/product/framework/services/CameraDirectoryService/CameraDirectoryServiceTypes/include
-- [LinkTargetIncludeDirectories]   Install Interface: include
-- [LinkTargetIncludeDirectories]   Private          : 
-- [BuildInstallModule] CameraDirectoryServiceTypes
-- ====Start Build RC File Module====
-- Parse Args Results:
-- MODULE_NAME: CameraDirectoryServiceTypes
-- FILE_DESCRIPTION: CameraDirectoryServiceTypes Library
-- ***create rc file for: CameraDirectoryServiceTypes***
-- 
-- ============================================================
-- [GenerateAppInfoFiles] Configuring app info file generation
-- ============================================================
--   Output File  : C:/pw/TemplateTool/build/windows-msvc-release/product/framework/services/CameraDirectoryService/CameraDirectoryServiceTypes/CameraDirectoryServiceTypes_resource.rc
--   Template     : C:/pw/TemplateTool/product/framework/version/templates/app_resource.rc.in
--   Input JSON   : C:/pw/TemplateTool/build/windows-msvc-release/product/framework/version/version_meta.json
--   JSON Target  : generate_version_meta_8fa5974c
--   Target Name  : generate_CameraDirectoryServiceTypes_resource_f58dd74e
--   Internal Name: CameraDirectoryServiceTypes
--   Description  : CameraDirectoryServiceTypes Library
--   Original Name: $<TARGET_FILE_NAME:CameraDirectoryServiceTypes>
-- ------------------------------------------------------------
-- 
-- [BuildInterface] CameraDirectoryServiceApi
-- [BuildInterface]   Headers      : include/ucf/Services/CameraDirectoryService/ICameraDirectoryService.h;include/ucf/Services/CameraDirectoryService/ICameraDirectoryServiceCallback.h
-- [BuildInterface]   Header Base  : C:/pw/TemplateTool/product/framework/services/CameraDirectoryService/CameraDirectoryServiceApi/include
-- [BuildInterface]   Link Public  : ServiceDeclaration;NotificationHelper;MediaService;CameraDirectoryServiceTypes
-- [BuildInterface]   Dependencies : 
-- [BuildInterface]   IDE Folder   : framework/Services
-- [BuildInterface]   Include Build: C:/pw/TemplateTool/product/framework/services/CameraDirectoryService/CameraDirectoryServiceApi/include
-- [BuildInterface]   Include Inst : include
-- [LinkTargetIncludeDirectories] CameraDirectoryServiceApi (INTERFACE)
-- [LinkTargetIncludeDirectories]   Build Interface  : C:/pw/TemplateTool/product/framework/services/CameraDirectoryService/CameraDirectoryServiceApi/include
-- [LinkTargetIncludeDirectories]   Install Interface: include
-- [LinkTargetIncludeDirectories]   Private          : 
-- [BuildInstallModule] CameraDirectoryServiceApi
-- 
-- [BuildModule] CameraDirectoryServiceImpl (SHARED)
-- [BuildModule]   Sources      : src/CameraDirectoryServiceLogger.h;src/CameraDirectoryEntities.h;src/CameraDirectoryEntities.cpp;src/CameraDirectoryNotificationSink.h;src/CameraDirectoryModel.h;src/CameraDirectoryModel.cpp;src/CameraDirectoryDBAccess.h;src/CameraDirectoryDBAccess.cpp;src/CameraDirectoryManager.h;src/CameraDirectoryManager.cpp;src/CameraDirectoryService.h;src/CameraDirectoryService.cpp
-- [BuildModule]   Headers      : include/ucf/Services/CameraDirectoryService/CameraDirectoryServiceCreator.h
-- [BuildModule]   Header Base  : C:/pw/TemplateTool/product/framework/services/CameraDirectoryService/CameraDirectoryServiceImpl/include
-- [BuildModule]   Link Private : DataWarehouseServiceApi;DataWarehouseSchema;ClientInfoServiceApi;CoreFramework;LoggerUtils;UUIDUtils;SinkNotifier
-- [BuildModule]   Link Public  : CameraDirectoryServiceApi;ServiceExportMacro
-- [BuildModule]   Dependencies : 
-- [BuildModule]   Definitions  : SERVICE_DLL
-- [BuildModule]   IDE Folder   : framework/Services
-- [BuildModule]   Include Build: C:/pw/TemplateTool/product/framework/services/CameraDirectoryService/CameraDirectoryServiceImpl/include;C:/pw/TemplateTool/product/framework/services/CameraDirectoryService/CameraDirectoryServiceImpl/src
-- [BuildModule]   Include Inst : include
-- [BuildModule]   Include Priv : src
-- [LinkTargetIncludeDirectories] CameraDirectoryServiceImpl (PUBLIC)
-- [LinkTargetIncludeDirectories]   Build Interface  : C:/pw/TemplateTool/product/framework/services/CameraDirectoryService/CameraDirectoryServiceImpl/include;C:/pw/TemplateTool/product/framework/services/CameraDirectoryService/CameraDirectoryServiceImpl/src
-- [LinkTargetIncludeDirectories]   Install Interface: include
-- [LinkTargetIncludeDirectories]   Private          : src
-- [BuildInstallModule] CameraDirectoryServiceImpl
-- ====Start Build RC File Module====
-- Parse Args Results:
-- MODULE_NAME: CameraDirectoryServiceImpl
-- FILE_DESCRIPTION: CameraDirectoryServiceImpl Library
-- ***create rc file for: CameraDirectoryServiceImpl***
-- 
-- ============================================================
-- [GenerateAppInfoFiles] Configuring app info file generation
-- ============================================================
--   Output File  : C:/pw/TemplateTool/build/windows-msvc-release/product/framework/services/CameraDirectoryService/CameraDirectoryServiceImpl/CameraDirectoryServiceImpl_resource.rc
--   Template     : C:/pw/TemplateTool/product/framework/version/templates/app_resource.rc.in
--   Input JSON   : C:/pw/TemplateTool/build/windows-msvc-release/product/framework/version/version_meta.json
--   JSON Target  : generate_version_meta_8fa5974c
--   Target Name  : generate_CameraDirectoryServiceImpl_resource_32cf7469
--   Internal Name: CameraDirectoryServiceImpl
--   Description  : CameraDirectoryServiceImpl Library
--   Original Name: $<TARGET_FILE_NAME:CameraDirectoryServiceImpl>
-- ------------------------------------------------------------
-- 
-- [BuildModule] FakeCameraDirectoryService (SHARED)
-- [BuildModule]   Sources      : src/FakeCameraDirectoryService.cpp
-- [BuildModule]   Headers      : include/fakes/ucf/Services/FakeCameraDirectoryService.h
-- [BuildModule]   Header Base  : C:/pw/TemplateTool/product/framework/services/CameraDirectoryService/CameraDirectoryServiceImpl/test/fakes/include
-- [BuildModule]   Link Private : 
-- [BuildModule]   Link Public  : CameraDirectoryServiceApi;trompeloeil
-- [BuildModule]   Dependencies : 
-- [BuildModule]   Definitions  : SERVICE_DLL
-- [BuildModule]   IDE Folder   : framework/Services/unit-test
-- [BuildModule]   Include Build: C:/pw/TemplateTool/product/framework/services/CameraDirectoryService/CameraDirectoryServiceImpl/test/fakes/src
-- [BuildModule]   Include Inst : 
-- [BuildModule]   Include Priv : src
-- [LinkTargetIncludeDirectories] FakeCameraDirectoryService (PUBLIC)
-- [LinkTargetIncludeDirectories]   Build Interface  : C:/pw/TemplateTool/product/framework/services/CameraDirectoryService/CameraDirectoryServiceImpl/test/fakes/src
-- [LinkTargetIncludeDirectories]   Install Interface: 
-- [LinkTargetIncludeDirectories]   Private          : src
-- ====Start Build RC File Module====
-- Parse Args Results:
-- MODULE_NAME: FakeCameraDirectoryService
-- FILE_DESCRIPTION: FakeCameraDirectoryService Library
-- ***create rc file for: FakeCameraDirectoryService***
-- 
-- ============================================================
-- [GenerateAppInfoFiles] Configuring app info file generation
-- ============================================================
--   Output File  : C:/pw/TemplateTool/build/windows-msvc-release/product/framework/services/CameraDirectoryService/CameraDirectoryServiceImpl/test/fakes/FakeCameraDirectoryService_resource.rc
--   Template     : C:/pw/TemplateTool/product/framework/version/templates/app_resource.rc.in
--   Input JSON   : C:/pw/TemplateTool/build/windows-msvc-release/product/framework/version/version_meta.json
--   JSON Target  : generate_version_meta_8fa5974c
--   Target Name  : generate_FakeCameraDirectoryService_resource_64a0c551
--   Internal Name: FakeCameraDirectoryService
--   Description  : FakeCameraDirectoryService Library
--   Original Name: $<TARGET_FILE_NAME:FakeCameraDirectoryService>
-- ------------------------------------------------------------
-- 
-- [BuildUnitTestModule] CameraDirectoryServiceTests
-- [BuildUnitTestModule]   Sources      : CameraDirectoryServiceTests.cpp
-- [BuildUnitTestModule]   Link Private : CameraDirectoryServiceImpl;FakeCameraDirectoryService;Catch2::Catch2WithMain
-- [BuildUnitTestModule]   Include Dirs : .
-- [BuildUnitTestModule]   IDE Folder   : framework/Services/unit-test
-- [LinkTargetIncludeDirectories] CameraDirectoryServiceTests (PUBLIC)
-- [LinkTargetIncludeDirectories]   Build Interface  : 
-- [LinkTargetIncludeDirectories]   Install Interface: 
-- [LinkTargetIncludeDirectories]   Private          : .
-- 
-- [BuildModule] UpgradeServiceTypes (SHARED)
-- [BuildModule]   Sources      : src/UpgradeModel.cpp
-- [BuildModule]   Headers      : include/ucf/Services/UpgradeService/UpgradeModel.h
-- [BuildModule]   Header Base  : C:/pw/TemplateTool/product/framework/services/UpgradeService/UpgradeServiceTypes/include
-- [BuildModule]   Link Private : 
-- [BuildModule]   Link Public  : ServiceExportMacro
-- [BuildModule]   Dependencies : 
-- [BuildModule]   Definitions  : SERVICE_DLL
-- [BuildModule]   IDE Folder   : framework/Services
-- [BuildModule]   Include Build: C:/pw/TemplateTool/product/framework/services/UpgradeService/UpgradeServiceTypes/include
-- [BuildModule]   Include Inst : include
-- [BuildModule]   Include Priv : 
-- [LinkTargetIncludeDirectories] UpgradeServiceTypes (PUBLIC)
-- [LinkTargetIncludeDirectories]   Build Interface  : C:/pw/TemplateTool/product/framework/services/UpgradeService/UpgradeServiceTypes/include
-- [LinkTargetIncludeDirectories]   Install Interface: include
-- [LinkTargetIncludeDirectories]   Private          : 
-- [BuildInstallModule] UpgradeServiceTypes
-- ====Start Build RC File Module====
-- Parse Args Results:
-- MODULE_NAME: UpgradeServiceTypes
-- FILE_DESCRIPTION: UpgradeServiceTypes Library
-- ***create rc file for: UpgradeServiceTypes***
-- 
-- ============================================================
-- [GenerateAppInfoFiles] Configuring app info file generation
-- ============================================================
--   Output File  : C:/pw/TemplateTool/build/windows-msvc-release/product/framework/services/UpgradeService/UpgradeServiceTypes/UpgradeServiceTypes_resource.rc
--   Template     : C:/pw/TemplateTool/product/framework/version/templates/app_resource.rc.in
--   Input JSON   : C:/pw/TemplateTool/build/windows-msvc-release/product/framework/version/version_meta.json
--   JSON Target  : generate_version_meta_8fa5974c
--   Target Name  : generate_UpgradeServiceTypes_resource_d935af57
--   Internal Name: UpgradeServiceTypes
--   Description  : UpgradeServiceTypes Library
--   Original Name: $<TARGET_FILE_NAME:UpgradeServiceTypes>
-- ------------------------------------------------------------
-- 
-- [BuildInterface] UpgradeServiceApi
-- [BuildInterface]   Headers      : include/ucf/Services/UpgradeService/IUpgradeService.h;include/ucf/Services/UpgradeService/IUpgradeServiceCallback.h
-- [BuildInterface]   Header Base  : C:/pw/TemplateTool/product/framework/services/UpgradeService/UpgradeServiceApi/include
-- [BuildInterface]   Link Public  : ServiceDeclaration;NotificationHelper;UpgradeServiceTypes
-- [BuildInterface]   Dependencies : 
-- [BuildInterface]   IDE Folder   : framework/Services
-- [BuildInterface]   Include Build: C:/pw/TemplateTool/product/framework/services/UpgradeService/UpgradeServiceApi/include
-- [BuildInterface]   Include Inst : include
-- [LinkTargetIncludeDirectories] UpgradeServiceApi (INTERFACE)
-- [LinkTargetIncludeDirectories]   Build Interface  : C:/pw/TemplateTool/product/framework/services/UpgradeService/UpgradeServiceApi/include
-- [LinkTargetIncludeDirectories]   Install Interface: include
-- [LinkTargetIncludeDirectories]   Private          : 
-- [BuildInstallModule] UpgradeServiceApi
-- 
-- [BuildModule] UpgradeServiceImpl (SHARED)
-- [BuildModule]   Sources      : src/UpgradeService.h;src/UpgradeService.cpp;src/UpgradeServiceLogger.h;src/UpgradeManager.h;src/UpgradeManager.cpp;src/fsm/UpgradeContext.h;src/fsm/UpgradeEvents.h;src/fsm/UpgradeStates.h;src/fsm/UpgradeTransitions.inl;src/check/UpgradeCheckManager.h;src/check/UpgradeCheckManager.cpp;src/download/UpgradeDownloadManager.h;src/download/UpgradeDownloadManager.cpp;src/install/UpgradeInstallManager.h;src/install/UpgradeInstallManager.cpp
-- [BuildModule]   Headers      : include/ucf/Services/UpgradeService/UpgradeServiceCreator.h
-- [BuildModule]   Header Base  : C:/pw/TemplateTool/product/framework/services/UpgradeService/UpgradeServiceImpl/include
-- [BuildModule]   Link Private : CoreFramework;NetworkService;ClientInfoServiceApi;ArchiveUtils;FilePathUtils;JsonUtils;VersionUtils;OSUtils;LoggerUtils;CompressionUtils;StateMachineUtils;NotificationHelper;ProcessBridgeUtils;openssl
-- [BuildModule]   Link Public  : UpgradeServiceApi;ServiceExportMacro
-- [BuildModule]   Dependencies : 
-- [BuildModule]   Definitions  : SERVICE_DLL
-- [BuildModule]   IDE Folder   : framework/Services
-- [BuildModule]   Include Build: C:/pw/TemplateTool/product/framework/services/UpgradeService/UpgradeServiceImpl/include
-- [BuildModule]   Include Inst : include
-- [BuildModule]   Include Priv : C:/pw/TemplateTool/product/framework/services/UpgradeService/UpgradeServiceImpl/src
-- [LinkTargetIncludeDirectories] UpgradeServiceImpl (PUBLIC)
-- [LinkTargetIncludeDirectories]   Build Interface  : C:/pw/TemplateTool/product/framework/services/UpgradeService/UpgradeServiceImpl/include
-- [LinkTargetIncludeDirectories]   Install Interface: include
-- [LinkTargetIncludeDirectories]   Private          : C:/pw/TemplateTool/product/framework/services/UpgradeService/UpgradeServiceImpl/src
-- [BuildInstallModule] UpgradeServiceImpl
-- ====Start Build RC File Module====
-- Parse Args Results:
-- MODULE_NAME: UpgradeServiceImpl
-- FILE_DESCRIPTION: UpgradeServiceImpl Library
-- ***create rc file for: UpgradeServiceImpl***
-- 
-- ============================================================
-- [GenerateAppInfoFiles] Configuring app info file generation
-- ============================================================
--   Output File  : C:/pw/TemplateTool/build/windows-msvc-release/product/framework/services/UpgradeService/UpgradeServiceImpl/UpgradeServiceImpl_resource.rc
--   Template     : C:/pw/TemplateTool/product/framework/version/templates/app_resource.rc.in
--   Input JSON   : C:/pw/TemplateTool/build/windows-msvc-release/product/framework/version/version_meta.json
--   JSON Target  : generate_version_meta_8fa5974c
--   Target Name  : generate_UpgradeServiceImpl_resource_622aaca9
--   Internal Name: UpgradeServiceImpl
--   Description  : UpgradeServiceImpl Library
--   Original Name: $<TARGET_FILE_NAME:UpgradeServiceImpl>
-- ------------------------------------------------------------
-- 
-- [BuildUnitTestModule] UpgradeServiceTests
-- [BuildUnitTestModule]   Sources      : UpgradeServiceTests.cpp
-- [BuildUnitTestModule]   Link Private : UpgradeServiceImpl;CoreFramework;FakeCoreFramework;NetworkService;ClientInfoServiceApi;StateMachineUtils;FilePathUtils;Catch2::Catch2WithMain
-- [BuildUnitTestModule]   Include Dirs : .;C:/pw/TemplateTool/product/framework/services/UpgradeService/UpgradeServiceImpl/test/../src
-- [BuildUnitTestModule]   IDE Folder   : framework/Services/unit-test
-- [LinkTargetIncludeDirectories] UpgradeServiceTests (PUBLIC)
-- [LinkTargetIncludeDirectories]   Build Interface  : 
-- [LinkTargetIncludeDirectories]   Install Interface: 
-- [LinkTargetIncludeDirectories]   Private          : .;C:/pw/TemplateTool/product/framework/services/UpgradeService/UpgradeServiceImpl/test/../src
-- 
-- [BuildModule] MiniAppServiceTypes (SHARED)
-- [BuildModule]   Sources      : src/MiniAppManifest.cpp
-- [BuildModule]   Headers      : include/ucf/Services/MiniAppService/MiniAppManifest.h
-- [BuildModule]   Header Base  : C:/pw/TemplateTool/product/framework/services/MiniAppService/MiniAppServiceTypes/include
-- [BuildModule]   Link Private : 
-- [BuildModule]   Link Public  : ServiceExportMacro
-- [BuildModule]   Dependencies : 
-- [BuildModule]   Definitions  : SERVICE_DLL
-- [BuildModule]   IDE Folder   : framework/Services
-- [BuildModule]   Include Build: C:/pw/TemplateTool/product/framework/services/MiniAppService/MiniAppServiceTypes/include
-- [BuildModule]   Include Inst : include
-- [BuildModule]   Include Priv : 
-- [LinkTargetIncludeDirectories] MiniAppServiceTypes (PUBLIC)
-- [LinkTargetIncludeDirectories]   Build Interface  : C:/pw/TemplateTool/product/framework/services/MiniAppService/MiniAppServiceTypes/include
-- [LinkTargetIncludeDirectories]   Install Interface: include
-- [LinkTargetIncludeDirectories]   Private          : 
-- [BuildInstallModule] MiniAppServiceTypes
-- ====Start Build RC File Module====
-- Parse Args Results:
-- MODULE_NAME: MiniAppServiceTypes
-- FILE_DESCRIPTION: MiniAppServiceTypes Library
-- ***create rc file for: MiniAppServiceTypes***
-- 
-- ============================================================
-- [GenerateAppInfoFiles] Configuring app info file generation
-- ============================================================
--   Output File  : C:/pw/TemplateTool/build/windows-msvc-release/product/framework/services/MiniAppService/MiniAppServiceTypes/MiniAppServiceTypes_resource.rc
--   Template     : C:/pw/TemplateTool/product/framework/version/templates/app_resource.rc.in
--   Input JSON   : C:/pw/TemplateTool/build/windows-msvc-release/product/framework/version/version_meta.json
--   JSON Target  : generate_version_meta_8fa5974c
--   Target Name  : generate_MiniAppServiceTypes_resource_a18fcc91
--   Internal Name: MiniAppServiceTypes
--   Description  : MiniAppServiceTypes Library
--   Original Name: $<TARGET_FILE_NAME:MiniAppServiceTypes>
-- ------------------------------------------------------------
-- 
-- [BuildInterface] MiniAppServiceApi
-- [BuildInterface]   Headers      : include/ucf/Services/MiniAppService/IMiniAppService.h;include/ucf/Services/MiniAppService/IMiniAppServiceCallback.h
-- [BuildInterface]   Header Base  : C:/pw/TemplateTool/product/framework/services/MiniAppService/MiniAppServiceApi/include
-- [BuildInterface]   Link Public  : ServiceDeclaration;NotificationHelper;MiniAppServiceTypes
-- [BuildInterface]   Dependencies : 
-- [BuildInterface]   IDE Folder   : framework/Services
-- [BuildInterface]   Include Build: C:/pw/TemplateTool/product/framework/services/MiniAppService/MiniAppServiceApi/include
-- [BuildInterface]   Include Inst : include
-- [LinkTargetIncludeDirectories] MiniAppServiceApi (INTERFACE)
-- [LinkTargetIncludeDirectories]   Build Interface  : C:/pw/TemplateTool/product/framework/services/MiniAppService/MiniAppServiceApi/include
-- [LinkTargetIncludeDirectories]   Install Interface: include
-- [LinkTargetIncludeDirectories]   Private          : 
-- [BuildInstallModule] MiniAppServiceApi
-- 
-- [BuildModule] MiniAppServiceImpl (SHARED)
-- [BuildModule]   Sources      : src/MiniAppServiceLogger.h;src/MiniAppService.h;src/MiniAppService.cpp;src/MiniAppNotificationSink.h;src/MiniAppManager.h;src/MiniAppManager.cpp
-- [BuildModule]   Headers      : include/ucf/Services/MiniAppService/MiniAppServiceCreator.h
-- [BuildModule]   Header Base  : C:/pw/TemplateTool/product/framework/services/MiniAppService/MiniAppServiceImpl/include
-- [BuildModule]   Link Private : CoreFramework;ClientInfoServiceApi;FilePathUtils;JsonUtils;SinkNotifier;LoggerUtils
-- [BuildModule]   Link Public  : MiniAppServiceApi;ServiceExportMacro
-- [BuildModule]   Dependencies : 
-- [BuildModule]   Definitions  : SERVICE_DLL
-- [BuildModule]   IDE Folder   : framework/Services
-- [BuildModule]   Include Build: C:/pw/TemplateTool/product/framework/services/MiniAppService/MiniAppServiceImpl/include;C:/pw/TemplateTool/product/framework/services/MiniAppService/MiniAppServiceImpl/src
-- [BuildModule]   Include Inst : include
-- [BuildModule]   Include Priv : src
-- [LinkTargetIncludeDirectories] MiniAppServiceImpl (PUBLIC)
-- [LinkTargetIncludeDirectories]   Build Interface  : C:/pw/TemplateTool/product/framework/services/MiniAppService/MiniAppServiceImpl/include;C:/pw/TemplateTool/product/framework/services/MiniAppService/MiniAppServiceImpl/src
-- [LinkTargetIncludeDirectories]   Install Interface: include
-- [LinkTargetIncludeDirectories]   Private          : src
-- [BuildInstallModule] MiniAppServiceImpl
-- ====Start Build RC File Module====
-- Parse Args Results:
-- MODULE_NAME: MiniAppServiceImpl
-- FILE_DESCRIPTION: MiniAppServiceImpl Library
-- ***create rc file for: MiniAppServiceImpl***
-- 
-- ============================================================
-- [GenerateAppInfoFiles] Configuring app info file generation
-- ============================================================
--   Output File  : C:/pw/TemplateTool/build/windows-msvc-release/product/framework/services/MiniAppService/MiniAppServiceImpl/MiniAppServiceImpl_resource.rc
--   Template     : C:/pw/TemplateTool/product/framework/version/templates/app_resource.rc.in
--   Input JSON   : C:/pw/TemplateTool/build/windows-msvc-release/product/framework/version/version_meta.json
--   JSON Target  : generate_version_meta_8fa5974c
--   Target Name  : generate_MiniAppServiceImpl_resource_eef638a7
--   Internal Name: MiniAppServiceImpl
--   Description  : MiniAppServiceImpl Library
--   Original Name: $<TARGET_FILE_NAME:MiniAppServiceImpl>
-- ------------------------------------------------------------
-- 
-- [BuildModule] FakeMiniAppService (SHARED)
-- [BuildModule]   Sources      : src/FakeMiniAppService.cpp
-- [BuildModule]   Headers      : include/fakes/ucf/Services/FakeMiniAppService.h
-- [BuildModule]   Header Base  : C:/pw/TemplateTool/product/framework/services/MiniAppService/MiniAppServiceImpl/test/fakes/include
-- [BuildModule]   Link Private : 
-- [BuildModule]   Link Public  : MiniAppServiceApi;trompeloeil
-- [BuildModule]   Dependencies : 
-- [BuildModule]   Definitions  : SERVICE_DLL
-- [BuildModule]   IDE Folder   : framework/Services/unit-test
-- [BuildModule]   Include Build: C:/pw/TemplateTool/product/framework/services/MiniAppService/MiniAppServiceImpl/test/fakes/src
-- [BuildModule]   Include Inst : 
-- [BuildModule]   Include Priv : src
-- [LinkTargetIncludeDirectories] FakeMiniAppService (PUBLIC)
-- [LinkTargetIncludeDirectories]   Build Interface  : C:/pw/TemplateTool/product/framework/services/MiniAppService/MiniAppServiceImpl/test/fakes/src
-- [LinkTargetIncludeDirectories]   Install Interface: 
-- [LinkTargetIncludeDirectories]   Private          : src
-- ====Start Build RC File Module====
-- Parse Args Results:
-- MODULE_NAME: FakeMiniAppService
-- FILE_DESCRIPTION: FakeMiniAppService Library
-- ***create rc file for: FakeMiniAppService***
-- 
-- ============================================================
-- [GenerateAppInfoFiles] Configuring app info file generation
-- ============================================================
--   Output File  : C:/pw/TemplateTool/build/windows-msvc-release/product/framework/services/MiniAppService/MiniAppServiceImpl/test/fakes/FakeMiniAppService_resource.rc
--   Template     : C:/pw/TemplateTool/product/framework/version/templates/app_resource.rc.in
--   Input JSON   : C:/pw/TemplateTool/build/windows-msvc-release/product/framework/version/version_meta.json
--   JSON Target  : generate_version_meta_8fa5974c
--   Target Name  : generate_FakeMiniAppService_resource_1ce0a026
--   Internal Name: FakeMiniAppService
--   Description  : FakeMiniAppService Library
--   Original Name: $<TARGET_FILE_NAME:FakeMiniAppService>
-- ------------------------------------------------------------
-- 
-- [BuildUnitTestModule] MiniAppServiceTests
-- [BuildUnitTestModule]   Sources      : MiniAppServiceTests.cpp
-- [BuildUnitTestModule]   Link Private : MiniAppServiceImpl;FakeMiniAppService;Catch2::Catch2WithMain
-- [BuildUnitTestModule]   Include Dirs : .
-- [BuildUnitTestModule]   IDE Folder   : framework/Services/unit-test
-- [LinkTargetIncludeDirectories] MiniAppServiceTests (PUBLIC)
-- [LinkTargetIncludeDirectories]   Build Interface  : 
-- [LinkTargetIncludeDirectories]   Install Interface: 
-- [LinkTargetIncludeDirectories]   Private          : .
-- 
-- [BuildModule] ServiceFactory (SHARED)
-- [BuildModule]   Sources      : src/ServiceFactoryLogger.h;src/ServiceFactory.h;src/ServiceFactory.cpp
-- [BuildModule]   Headers      : include/ucf/Services/ServiceFactory/IServiceFactory.h
-- [BuildModule]   Header Base  : C:/pw/TemplateTool/product/framework/services/ServiceFactory/include
-- [BuildModule]   Link Private : MiniAppServiceImpl;UpgradeServiceImpl;CameraDirectoryServiceImpl;FeatureSettingsServiceImpl;PerformanceServiceImpl;StabilityServiceImpl;MediaService;ImageServiceImpl;ContactServiceImpl;NetworkService;ClientInfoServiceImpl;DataWarehouseServiceImpl;InvocationServiceImpl;CoreFramework;LoggerUtils
-- [BuildModule]   Link Public  : ServiceExportMacro
-- [BuildModule]   Dependencies : 
-- [BuildModule]   Definitions  : SERVICE_DLL
-- [BuildModule]   IDE Folder   : framework/Services
-- [BuildModule]   Include Build: C:/pw/TemplateTool/product/framework/services/ServiceFactory/include;C:/pw/TemplateTool/product/framework/services/ServiceFactory/src
-- [BuildModule]   Include Inst : include
-- [BuildModule]   Include Priv : src
-- [LinkTargetIncludeDirectories] ServiceFactory (PUBLIC)
-- [LinkTargetIncludeDirectories]   Build Interface  : C:/pw/TemplateTool/product/framework/services/ServiceFactory/include;C:/pw/TemplateTool/product/framework/services/ServiceFactory/src
-- [LinkTargetIncludeDirectories]   Install Interface: include
-- [LinkTargetIncludeDirectories]   Private          : src
-- [BuildInstallModule] ServiceFactory
-- ====Start Build RC File Module====
-- Parse Args Results:
-- MODULE_NAME: ServiceFactory
-- FILE_DESCRIPTION: ServiceFactory Library
-- ***create rc file for: ServiceFactory***
-- 
-- ============================================================
-- [GenerateAppInfoFiles] Configuring app info file generation
-- ============================================================
--   Output File  : C:/pw/TemplateTool/build/windows-msvc-release/product/framework/services/ServiceFactory/ServiceFactory_resource.rc
--   Template     : C:/pw/TemplateTool/product/framework/version/templates/app_resource.rc.in
--   Input JSON   : C:/pw/TemplateTool/build/windows-msvc-release/product/framework/version/version_meta.json
--   JSON Target  : generate_version_meta_8fa5974c
--   Target Name  : generate_ServiceFactory_resource_f5fcc5a5
--   Internal Name: ServiceFactory
--   Description  : ServiceFactory Library
--   Original Name: $<TARGET_FILE_NAME:ServiceFactory>
-- ------------------------------------------------------------
-- 
-- [BuildModule] FakeServiceFactory (SHARED)
-- [BuildModule]   Sources      : src/FakeServiceFactory.cpp
-- [BuildModule]   Headers      : include/fakes/ucf/Services/FakeServiceFactory.h
-- [BuildModule]   Header Base  : C:/pw/TemplateTool/product/framework/services/ServiceFactory/test/fakes/include
-- [BuildModule]   Link Private : 
-- [BuildModule]   Link Public  : ServiceFactory;ServiceDeclaration;trompeloeil
-- [BuildModule]   Dependencies : 
-- [BuildModule]   Definitions  : SERVICE_DLL
-- [BuildModule]   IDE Folder   : framework/Services/unit-test
-- [BuildModule]   Include Build: C:/pw/TemplateTool/product/framework/services/ServiceFactory/test/fakes/src
-- [BuildModule]   Include Inst : 
-- [BuildModule]   Include Priv : src
-- [LinkTargetIncludeDirectories] FakeServiceFactory (PUBLIC)
-- [LinkTargetIncludeDirectories]   Build Interface  : C:/pw/TemplateTool/product/framework/services/ServiceFactory/test/fakes/src
-- [LinkTargetIncludeDirectories]   Install Interface: 
-- [LinkTargetIncludeDirectories]   Private          : src
-- ====Start Build RC File Module====
-- Parse Args Results:
-- MODULE_NAME: FakeServiceFactory
-- FILE_DESCRIPTION: FakeServiceFactory Library
-- ***create rc file for: FakeServiceFactory***
-- 
-- ============================================================
-- [GenerateAppInfoFiles] Configuring app info file generation
-- ============================================================
--   Output File  : C:/pw/TemplateTool/build/windows-msvc-release/product/framework/services/ServiceFactory/test/fakes/FakeServiceFactory_resource.rc
--   Template     : C:/pw/TemplateTool/product/framework/version/templates/app_resource.rc.in
--   Input JSON   : C:/pw/TemplateTool/build/windows-msvc-release/product/framework/version/version_meta.json
--   JSON Target  : generate_version_meta_8fa5974c
--   Target Name  : generate_FakeServiceFactory_resource_0e60abb9
--   Internal Name: FakeServiceFactory
--   Description  : FakeServiceFactory Library
--   Original Name: $<TARGET_FILE_NAME:FakeServiceFactory>
-- ------------------------------------------------------------
-- 
-- [BuildUnitTestModule] ServiceFactoryTests
-- [BuildUnitTestModule]   Sources      : ServiceFactoryTests.cpp
-- [BuildUnitTestModule]   Link Private : ServiceFactory;FakeServiceFactory;Catch2::Catch2WithMain
-- [BuildUnitTestModule]   Include Dirs : .
-- [BuildUnitTestModule]   IDE Folder   : framework/Services/unit-test
-- [LinkTargetIncludeDirectories] ServiceFactoryTests (PUBLIC)
-- [LinkTargetIncludeDirectories]   Build Interface  : 
-- [LinkTargetIncludeDirectories]   Install Interface: 
-- [LinkTargetIncludeDirectories]   Private          : .
-- 
-- [BuildInterface] CommonHeadCommonFile
-- [BuildInterface]   Headers      : include/commonHead/CommonHeadCommonFile/CommonHeadExport.h;include/commonHead/CommonHeadCommonFile/CommonHeadLogger.h
-- [BuildInterface]   Header Base  : C:/pw/TemplateTool/product/commonHead/commonHead/common_file/include
-- [BuildInterface]   Link Public  : LoggerUtils
-- [BuildInterface]   Dependencies : 
-- [BuildInterface]   IDE Folder   : commonhead
-- [BuildInterface]   Include Build: C:/pw/TemplateTool/product/commonHead/commonHead/common_file/include
-- [BuildInterface]   Include Inst : include
-- [LinkTargetIncludeDirectories] CommonHeadCommonFile (INTERFACE)
-- [LinkTargetIncludeDirectories]   Build Interface  : C:/pw/TemplateTool/product/commonHead/commonHead/common_file/include
-- [LinkTargetIncludeDirectories]   Install Interface: include
-- [LinkTargetIncludeDirectories]   Private          : 
-- [BuildInstallModule] CommonHeadCommonFile
-- 
-- [BuildInterface] VMNotificationHelper
-- [BuildInterface]   Headers      : include/commonHead/commonHeadUtils/VMNotificationHelper/VMNotificationHelper.h;include/commonHead/commonHeadUtils/VMNotificationHelper/IVMNotificationHelper.h
-- [BuildInterface]   Header Base  : C:/pw/TemplateTool/product/commonHead/commonHead/commonHeadUtils/VMNotificationHelper/include
-- [BuildInterface]   Link Public  : 
-- [BuildInterface]   Dependencies : 
-- [BuildInterface]   IDE Folder   : commonhead
-- [BuildInterface]   Include Build: C:/pw/TemplateTool/product/commonHead/commonHead/commonHeadUtils/VMNotificationHelper/include
-- [BuildInterface]   Include Inst : include
-- [LinkTargetIncludeDirectories] VMNotificationHelper (INTERFACE)
-- [LinkTargetIncludeDirectories]   Build Interface  : C:/pw/TemplateTool/product/commonHead/commonHead/commonHeadUtils/VMNotificationHelper/include
-- [LinkTargetIncludeDirectories]   Install Interface: include
-- [LinkTargetIncludeDirectories]   Private          : 
-- [BuildInstallModule] VMNotificationHelper
-- [jinja_create_venv] requirements path: C:/pw/TemplateTool/product/codegen/template_render/requirements.txt
-- [jinja_create_venv] python3 path: C:/SoftWare/Python/Pyhon3/python.exe
-- [generate_from_template] pip path: C:/pw/TemplateTool/build/windows-msvc-release/jinja_venv/Scripts/pip.exe, python path: C:/pw/TemplateTool/build/windows-msvc-release/jinja_venv/Scripts/python.exe
-- [generate_from_template] render script path: C:/pw/TemplateTool/product/codegen/template_render/render_template.py
-- [generate_from_template] Generating 'C:/pw/TemplateTool/build/windows-msvc-release/codegen/ResourceString/ResourceString.h' from template 'C:/pw/TemplateTool/product/commonHead/commonHead/commonHeadManager/ResourceLoader/ResourceStringLoader/resource/templates/ResourceString.h.j2' using input 'C:/pw/TemplateTool/product/commonHead/commonHead/commonHeadManager/ResourceLoader/ResourceStringLoader/resource/ResourceString.json'
-- generate coden target:generate_ResourceString.h for C:/pw/TemplateTool/build/windows-msvc-release/codegen/ResourceString/ResourceString.h
-- 
-- [BuildInterface] ResourceString
-- [BuildInterface]   Headers      : C:/pw/TemplateTool/build/windows-msvc-release/codegen/ResourceString/ResourceString.h
-- [BuildInterface]   Header Base  : C:/pw/TemplateTool/build/windows-msvc-release/codegen/ResourceString
-- [BuildInterface]   Link Public  : 
-- [BuildInterface]   Dependencies : generate_ResourceString.h
-- [BuildInterface]   IDE Folder   : commonhead/codegen
-- [BuildInterface]   Include Build: C:/pw/TemplateTool/build/windows-msvc-release/codegen/ResourceString
-- [BuildInterface]   Include Inst : ResourceString
-- [LinkTargetIncludeDirectories] ResourceString (INTERFACE)
-- [LinkTargetIncludeDirectories]   Build Interface  : C:/pw/TemplateTool/build/windows-msvc-release/codegen/ResourceString
-- [LinkTargetIncludeDirectories]   Install Interface: ResourceString
-- [LinkTargetIncludeDirectories]   Private          : 
-- [BuildInstallModule] ResourceString
-- 
-- [BuildModule] ResourceStringLoader (SHARED)
-- [BuildModule]   Sources      : src/IResourceStringLoader.cpp
-- [BuildModule]   Headers      : include/commonHead/ResourceStringLoader/IResourceStringLoader.h
-- [BuildModule]   Header Base  : C:/pw/TemplateTool/product/commonHead/commonHead/commonHeadManager/ResourceLoader/ResourceStringLoader/include
-- [BuildModule]   Link Private : 
-- [BuildModule]   Link Public  : CommonHeadCommonFile;ResourceString
-- [BuildModule]   Dependencies : 
-- [BuildModule]   Definitions  : COMMONHEAD_DLL
-- [BuildModule]   IDE Folder   : commonhead
-- [BuildModule]   Include Build: C:/pw/TemplateTool/product/commonHead/commonHead/commonHeadManager/ResourceLoader/ResourceStringLoader/include
-- [BuildModule]   Include Inst : include
-- [BuildModule]   Include Priv : src
-- [LinkTargetIncludeDirectories] ResourceStringLoader (PUBLIC)
-- [LinkTargetIncludeDirectories]   Build Interface  : C:/pw/TemplateTool/product/commonHead/commonHead/commonHeadManager/ResourceLoader/ResourceStringLoader/include
-- [LinkTargetIncludeDirectories]   Install Interface: include
-- [LinkTargetIncludeDirectories]   Private          : src
-- [BuildInstallModule] ResourceStringLoader
-- ====Start Build RC File Module====
-- Parse Args Results:
-- MODULE_NAME: ResourceStringLoader
-- FILE_DESCRIPTION: ResourceStringLoader Library
-- ***create rc file for: ResourceStringLoader***
-- 
-- ============================================================
-- [GenerateAppInfoFiles] Configuring app info file generation
-- ============================================================
--   Output File  : C:/pw/TemplateTool/build/windows-msvc-release/product/commonHead/commonHead/commonHeadManager/ResourceLoader/ResourceStringLoader/ResourceStringLoader_resource.rc
--   Template     : C:/pw/TemplateTool/product/framework/version/templates/app_resource.rc.in
--   Input JSON   : C:/pw/TemplateTool/build/windows-msvc-release/product/framework/version/version_meta.json
--   JSON Target  : generate_version_meta_8fa5974c
--   Target Name  : generate_ResourceStringLoader_resource_29439c44
--   Internal Name: ResourceStringLoader
--   Description  : ResourceStringLoader Library
--   Original Name: $<TARGET_FILE_NAME:ResourceStringLoader>
-- ------------------------------------------------------------
-- 
-- [BuildInterface] ResourceColorLoaderModel
-- [BuildInterface]   Headers      : commonHead/ResourceColorLoader/model/Color.h
-- [BuildInterface]   Header Base  : C:/pw/TemplateTool/product/commonHead/commonHead/commonHeadManager/ResourceLoader/ResourceColorLoader/model
-- [BuildInterface]   Link Public  : 
-- [BuildInterface]   Dependencies : 
-- [BuildInterface]   IDE Folder   : commonhead
-- [BuildInterface]   Include Build: C:/pw/TemplateTool/product/commonHead/commonHead/commonHeadManager/ResourceLoader/ResourceColorLoader/model
-- [BuildInterface]   Include Inst : .
-- [LinkTargetIncludeDirectories] ResourceColorLoaderModel (INTERFACE)
-- [LinkTargetIncludeDirectories]   Build Interface  : C:/pw/TemplateTool/product/commonHead/commonHead/commonHeadManager/ResourceLoader/ResourceColorLoader/model
-- [LinkTargetIncludeDirectories]   Install Interface: .
-- [LinkTargetIncludeDirectories]   Private          : 
-- [BuildInstallModule] ResourceColorLoaderModel
-- [jinja_create_venv] requirements path: C:/pw/TemplateTool/product/codegen/template_render/requirements.txt
-- [jinja_create_venv] python3 path: C:/SoftWare/Python/Pyhon3/python.exe
-- [generate_from_template] pip path: C:/pw/TemplateTool/build/windows-msvc-release/jinja_venv/Scripts/pip.exe, python path: C:/pw/TemplateTool/build/windows-msvc-release/jinja_venv/Scripts/python.exe
-- [generate_from_template] render script path: C:/pw/TemplateTool/product/codegen/template_render/render_template.py
-- [generate_from_template] Generating 'C:/pw/TemplateTool/build/windows-msvc-release/codegen/ResourceColor/ColorPaletteModel.h' from template 'C:/pw/TemplateTool/product/commonHead/commonHead/commonHeadManager/ResourceLoader/ResourceColorLoader/resource/templates/ColorPaletteModel.h.j2' using input 'C:/pw/TemplateTool/product/commonHead/commonHead/commonHeadManager/ResourceLoader/ResourceColorLoader/resource/resource/palette.json'
-- generate coden target:generate_ColorPaletteModel.h for C:/pw/TemplateTool/build/windows-msvc-release/codegen/ResourceColor/ColorPaletteModel.h
-- [jinja_create_venv] requirements path: C:/pw/TemplateTool/product/codegen/template_render/requirements.txt
-- [jinja_create_venv] python3 path: C:/SoftWare/Python/Pyhon3/python.exe
-- [generate_from_template] pip path: C:/pw/TemplateTool/build/windows-msvc-release/jinja_venv/Scripts/pip.exe, python path: C:/pw/TemplateTool/build/windows-msvc-release/jinja_venv/Scripts/python.exe
-- [generate_from_template] render script path: C:/pw/TemplateTool/product/codegen/template_render/render_template.py
-- [generate_from_template] Generating 'C:/pw/TemplateTool/build/windows-msvc-release/codegen/ResourceColor/ColorToken.h' from template 'C:/pw/TemplateTool/product/commonHead/commonHead/commonHeadManager/ResourceLoader/ResourceColorLoader/resource/templates/ColorToken.h.j2' using input 'C:/pw/TemplateTool/product/commonHead/commonHead/commonHeadManager/ResourceLoader/ResourceColorLoader/resource/resource/token.json'
-- generate coden target:generate_ColorToken.h for C:/pw/TemplateTool/build/windows-msvc-release/codegen/ResourceColor/ColorToken.h
-- [jinja_create_venv] requirements path: C:/pw/TemplateTool/product/codegen/template_render/requirements.txt
-- [jinja_create_venv] python3 path: C:/SoftWare/Python/Pyhon3/python.exe
-- [generate_from_template] pip path: C:/pw/TemplateTool/build/windows-msvc-release/jinja_venv/Scripts/pip.exe, python path: C:/pw/TemplateTool/build/windows-msvc-release/jinja_venv/Scripts/python.exe
-- [generate_from_template] render script path: C:/pw/TemplateTool/product/codegen/template_render/render_template.py
-- [generate_from_template] Generating 'C:/pw/TemplateTool/build/windows-msvc-release/codegen/ResourceColor/BuildLightThemeColorSet.h' from template 'C:/pw/TemplateTool/product/commonHead/commonHead/commonHeadManager/ResourceLoader/ResourceColorLoader/resource/templates/BuildThemeColorSet.h.j2' using input 'C:/pw/TemplateTool/product/commonHead/commonHead/commonHeadManager/ResourceLoader/ResourceColorLoader/resource/resource/themes/light.json'
-- generate coden target:generate_BuildLightThemeColorSet.h for C:/pw/TemplateTool/build/windows-msvc-release/codegen/ResourceColor/BuildLightThemeColorSet.h
-- [jinja_create_venv] requirements path: C:/pw/TemplateTool/product/codegen/template_render/requirements.txt
-- [jinja_create_venv] python3 path: C:/SoftWare/Python/Pyhon3/python.exe
-- [generate_from_template] pip path: C:/pw/TemplateTool/build/windows-msvc-release/jinja_venv/Scripts/pip.exe, python path: C:/pw/TemplateTool/build/windows-msvc-release/jinja_venv/Scripts/python.exe
-- [generate_from_template] render script path: C:/pw/TemplateTool/product/codegen/template_render/render_template.py
-- [generate_from_template] Generating 'C:/pw/TemplateTool/build/windows-msvc-release/codegen/ResourceColor/BuildDarkThemeColorSet.h' from template 'C:/pw/TemplateTool/product/commonHead/commonHead/commonHeadManager/ResourceLoader/ResourceColorLoader/resource/templates/BuildThemeColorSet.h.j2' using input 'C:/pw/TemplateTool/product/commonHead/commonHead/commonHeadManager/ResourceLoader/ResourceColorLoader/resource/resource/themes/dark.json'
-- generate coden target:generate_BuildDarkThemeColorSet.h for C:/pw/TemplateTool/build/windows-msvc-release/codegen/ResourceColor/BuildDarkThemeColorSet.h
-- 
-- [BuildInterface] ResourceColor
-- [BuildInterface]   Headers      : 
-- [BuildInterface]   Header Base  : C:/pw/TemplateTool/build/windows-msvc-release/codegen/ResourceColor
-- [BuildInterface]   Link Public  : ResourceColorLoaderModel
-- [BuildInterface]   Dependencies : ValidateColorTokens;generate_ColorPaletteModel.h;generate_ColorToken.h;generate_BuildLightThemeColorSet.h;generate_BuildDarkThemeColorSet.h
-- [BuildInterface]   IDE Folder   : commonhead/codegen
-- [BuildInterface]   Include Build: C:/pw/TemplateTool/build/windows-msvc-release/codegen/ResourceColor
-- [BuildInterface]   Include Inst : ResourceColor
-- [LinkTargetIncludeDirectories] ResourceColor (INTERFACE)
-- [LinkTargetIncludeDirectories]   Build Interface  : C:/pw/TemplateTool/build/windows-msvc-release/codegen/ResourceColor
-- [LinkTargetIncludeDirectories]   Install Interface: ResourceColor
-- [LinkTargetIncludeDirectories]   Private          : 
-- [BuildInstallModule] ResourceColor
-- 
-- [BuildModule] ResourceColorLoader (SHARED)
-- [BuildModule]   Sources      : src/ResourceColorLoader.h;src/ResourceColorLoader.cpp;src/ThemeColorSet.h
-- [BuildModule]   Headers      : include/commonHead/ResourceColorLoader/IResourceColorLoader.h
-- [BuildModule]   Header Base  : C:/pw/TemplateTool/product/commonHead/commonHead/commonHeadManager/ResourceLoader/ResourceColorLoader/include
-- [BuildModule]   Link Private : 
-- [BuildModule]   Link Public  : CommonHeadCommonFile;ResourceColorLoaderModel;ResourceColor
-- [BuildModule]   Dependencies : 
-- [BuildModule]   Definitions  : COMMONHEAD_DLL
-- [BuildModule]   IDE Folder   : commonhead
-- [BuildModule]   Include Build: C:/pw/TemplateTool/product/commonHead/commonHead/commonHeadManager/ResourceLoader/ResourceColorLoader/include
-- [BuildModule]   Include Inst : include
-- [BuildModule]   Include Priv : src
-- [LinkTargetIncludeDirectories] ResourceColorLoader (PUBLIC)
-- [LinkTargetIncludeDirectories]   Build Interface  : C:/pw/TemplateTool/product/commonHead/commonHead/commonHeadManager/ResourceLoader/ResourceColorLoader/include
-- [LinkTargetIncludeDirectories]   Install Interface: include
-- [LinkTargetIncludeDirectories]   Private          : src
-- [BuildInstallModule] ResourceColorLoader
-- ====Start Build RC File Module====
-- Parse Args Results:
-- MODULE_NAME: ResourceColorLoader
-- FILE_DESCRIPTION: ResourceColorLoader Library
-- ***create rc file for: ResourceColorLoader***
-- 
-- ============================================================
-- [GenerateAppInfoFiles] Configuring app info file generation
-- ============================================================
--   Output File  : C:/pw/TemplateTool/build/windows-msvc-release/product/commonHead/commonHead/commonHeadManager/ResourceLoader/ResourceColorLoader/ResourceColorLoader_resource.rc
--   Template     : C:/pw/TemplateTool/product/framework/version/templates/app_resource.rc.in
--   Input JSON   : C:/pw/TemplateTool/build/windows-msvc-release/product/framework/version/version_meta.json
--   JSON Target  : generate_version_meta_8fa5974c
--   Target Name  : generate_ResourceColorLoader_resource_7eed1a66
--   Internal Name: ResourceColorLoader
--   Description  : ResourceColorLoader Library
--   Original Name: $<TARGET_FILE_NAME:ResourceColorLoader>
-- ------------------------------------------------------------
-- 
-- [BuildInterface] ResourceFontLoaderModel
-- [BuildInterface]   Headers      : commonHead/ResourceFontLoader/model/Font.h
-- [BuildInterface]   Header Base  : C:/pw/TemplateTool/product/commonHead/commonHead/commonHeadManager/ResourceLoader/ResourceFontLoader/model
-- [BuildInterface]   Link Public  : 
-- [BuildInterface]   Dependencies : 
-- [BuildInterface]   IDE Folder   : commonhead
-- [BuildInterface]   Include Build: C:/pw/TemplateTool/product/commonHead/commonHead/commonHeadManager/ResourceLoader/ResourceFontLoader/model
-- [BuildInterface]   Include Inst : .
-- [LinkTargetIncludeDirectories] ResourceFontLoaderModel (INTERFACE)
-- [LinkTargetIncludeDirectories]   Build Interface  : C:/pw/TemplateTool/product/commonHead/commonHead/commonHeadManager/ResourceLoader/ResourceFontLoader/model
-- [LinkTargetIncludeDirectories]   Install Interface: .
-- [LinkTargetIncludeDirectories]   Private          : 
-- [BuildInstallModule] ResourceFontLoaderModel
-- [jinja_create_venv] requirements path: C:/pw/TemplateTool/product/codegen/template_render/requirements.txt
-- [jinja_create_venv] python3 path: C:/SoftWare/Python/Pyhon3/python.exe
-- [generate_from_template] pip path: C:/pw/TemplateTool/build/windows-msvc-release/jinja_venv/Scripts/pip.exe, python path: C:/pw/TemplateTool/build/windows-msvc-release/jinja_venv/Scripts/python.exe
-- [generate_from_template] render script path: C:/pw/TemplateTool/product/codegen/template_render/render_template.py
-- [generate_from_template] Generating 'C:/pw/TemplateTool/build/windows-msvc-release/codegen/ResourceFont/FontPaletteModel.h' from template 'C:/pw/TemplateTool/product/commonHead/commonHead/commonHeadManager/ResourceLoader/ResourceFontLoader/resource/templates/FontPaletteModel.h.j2' using input 'C:/pw/TemplateTool/product/commonHead/commonHead/commonHeadManager/ResourceLoader/ResourceFontLoader/resource/resource/palette.json'
-- generate coden target:generate_FontPaletteModel.h for C:/pw/TemplateTool/build/windows-msvc-release/codegen/ResourceFont/FontPaletteModel.h
-- [jinja_create_venv] requirements path: C:/pw/TemplateTool/product/codegen/template_render/requirements.txt
-- [jinja_create_venv] python3 path: C:/SoftWare/Python/Pyhon3/python.exe
-- [generate_from_template] pip path: C:/pw/TemplateTool/build/windows-msvc-release/jinja_venv/Scripts/pip.exe, python path: C:/pw/TemplateTool/build/windows-msvc-release/jinja_venv/Scripts/python.exe
-- [generate_from_template] render script path: C:/pw/TemplateTool/product/codegen/template_render/render_template.py
-- [generate_from_template] Generating 'C:/pw/TemplateTool/build/windows-msvc-release/codegen/ResourceFont/FontToken.h' from template 'C:/pw/TemplateTool/product/commonHead/commonHead/commonHeadManager/ResourceLoader/ResourceFontLoader/resource/templates/FontToken.h.j2' using input 'C:/pw/TemplateTool/product/commonHead/commonHead/commonHeadManager/ResourceLoader/ResourceFontLoader/resource/resource/token.json'
-- generate coden target:generate_FontToken.h for C:/pw/TemplateTool/build/windows-msvc-release/codegen/ResourceFont/FontToken.h
-- [jinja_create_venv] requirements path: C:/pw/TemplateTool/product/codegen/template_render/requirements.txt
-- [jinja_create_venv] python3 path: C:/SoftWare/Python/Pyhon3/python.exe
-- [generate_from_template] pip path: C:/pw/TemplateTool/build/windows-msvc-release/jinja_venv/Scripts/pip.exe, python path: C:/pw/TemplateTool/build/windows-msvc-release/jinja_venv/Scripts/python.exe
-- [generate_from_template] render script path: C:/pw/TemplateTool/product/codegen/template_render/render_template.py
-- [generate_from_template] Generating 'C:/pw/TemplateTool/build/windows-msvc-release/codegen/ResourceFont/BuildNormalThemeFontSet.h' from template 'C:/pw/TemplateTool/product/commonHead/commonHead/commonHeadManager/ResourceLoader/ResourceFontLoader/resource/templates/BuildThemeFontSet.h.j2' using input 'C:/pw/TemplateTool/product/commonHead/commonHead/commonHeadManager/ResourceLoader/ResourceFontLoader/resource/resource/themes/normal.json'
-- generate coden target:generate_BuildNormalThemeFontSet.h for C:/pw/TemplateTool/build/windows-msvc-release/codegen/ResourceFont/BuildNormalThemeFontSet.h
-- 
-- [BuildInterface] ResourceFont
-- [BuildInterface]   Headers      : 
-- [BuildInterface]   Header Base  : C:/pw/TemplateTool/build/windows-msvc-release/codegen/ResourceFont
-- [BuildInterface]   Link Public  : ResourceFontLoaderModel
-- [BuildInterface]   Dependencies : ValidateFontTokens;generate_FontPaletteModel.h;generate_FontToken.h;generate_BuildNormalThemeFontSet.h
-- [BuildInterface]   IDE Folder   : commonhead/codegen
-- [BuildInterface]   Include Build: C:/pw/TemplateTool/build/windows-msvc-release/codegen/ResourceFont
-- [BuildInterface]   Include Inst : ResourceFont
-- [LinkTargetIncludeDirectories] ResourceFont (INTERFACE)
-- [LinkTargetIncludeDirectories]   Build Interface  : C:/pw/TemplateTool/build/windows-msvc-release/codegen/ResourceFont
-- [LinkTargetIncludeDirectories]   Install Interface: ResourceFont
-- [LinkTargetIncludeDirectories]   Private          : 
-- [BuildInstallModule] ResourceFont
-- 
-- [BuildModule] ResourceFontLoader (SHARED)
-- [BuildModule]   Sources      : src/ResourceFontLoader.h;src/ResourceFontLoader.cpp;src/ThemeFontSet.h
-- [BuildModule]   Headers      : include/commonHead/ResourceFontLoader/IResourceFontLoader.h
-- [BuildModule]   Header Base  : C:/pw/TemplateTool/product/commonHead/commonHead/commonHeadManager/ResourceLoader/ResourceFontLoader/include
-- [BuildModule]   Link Private : OSUtils
-- [BuildModule]   Link Public  : CommonHeadCommonFile;ResourceFontLoaderModel;ResourceFont
-- [BuildModule]   Dependencies : 
-- [BuildModule]   Definitions  : COMMONHEAD_DLL
-- [BuildModule]   IDE Folder   : commonhead
-- [BuildModule]   Include Build: C:/pw/TemplateTool/product/commonHead/commonHead/commonHeadManager/ResourceLoader/ResourceFontLoader/include
-- [BuildModule]   Include Inst : include
-- [BuildModule]   Include Priv : src
-- [LinkTargetIncludeDirectories] ResourceFontLoader (PUBLIC)
-- [LinkTargetIncludeDirectories]   Build Interface  : C:/pw/TemplateTool/product/commonHead/commonHead/commonHeadManager/ResourceLoader/ResourceFontLoader/include
-- [LinkTargetIncludeDirectories]   Install Interface: include
-- [LinkTargetIncludeDirectories]   Private          : src
-- [BuildInstallModule] ResourceFontLoader
-- ====Start Build RC File Module====
-- Parse Args Results:
-- MODULE_NAME: ResourceFontLoader
-- FILE_DESCRIPTION: ResourceFontLoader Library
-- ***create rc file for: ResourceFontLoader***
-- 
-- ============================================================
-- [GenerateAppInfoFiles] Configuring app info file generation
-- ============================================================
--   Output File  : C:/pw/TemplateTool/build/windows-msvc-release/product/commonHead/commonHead/commonHeadManager/ResourceLoader/ResourceFontLoader/ResourceFontLoader_resource.rc
--   Template     : C:/pw/TemplateTool/product/framework/version/templates/app_resource.rc.in
--   Input JSON   : C:/pw/TemplateTool/build/windows-msvc-release/product/framework/version/version_meta.json
--   JSON Target  : generate_version_meta_8fa5974c
--   Target Name  : generate_ResourceFontLoader_resource_831fc039
--   Internal Name: ResourceFontLoader
--   Description  : ResourceFontLoader Library
--   Original Name: $<TARGET_FILE_NAME:ResourceFontLoader>
-- ------------------------------------------------------------
-- 
-- [BuildInterface] ResourceAssetLoaderModel
-- [BuildInterface]   Headers      : commonHead/ResourceAssetLoader/model/Asset.h
-- [BuildInterface]   Header Base  : C:/pw/TemplateTool/product/commonHead/commonHead/commonHeadManager/ResourceLoader/ResourceAssetLoader/model
-- [BuildInterface]   Link Public  : 
-- [BuildInterface]   Dependencies : 
-- [BuildInterface]   IDE Folder   : commonhead
-- [BuildInterface]   Include Build: C:/pw/TemplateTool/product/commonHead/commonHead/commonHeadManager/ResourceLoader/ResourceAssetLoader/model
-- [BuildInterface]   Include Inst : .
-- [LinkTargetIncludeDirectories] ResourceAssetLoaderModel (INTERFACE)
-- [LinkTargetIncludeDirectories]   Build Interface  : C:/pw/TemplateTool/product/commonHead/commonHead/commonHeadManager/ResourceLoader/ResourceAssetLoader/model
-- [LinkTargetIncludeDirectories]   Install Interface: .
-- [LinkTargetIncludeDirectories]   Private          : 
-- [BuildInstallModule] ResourceAssetLoaderModel
-- [jinja_create_venv] requirements path: C:/pw/TemplateTool/product/codegen/template_render/requirements.txt
-- [jinja_create_venv] python3 path: C:/SoftWare/Python/Pyhon3/python.exe
-- [generate_from_template] pip path: C:/pw/TemplateTool/build/windows-msvc-release/jinja_venv/Scripts/pip.exe, python path: C:/pw/TemplateTool/build/windows-msvc-release/jinja_venv/Scripts/python.exe
-- [generate_from_template] render script path: C:/pw/TemplateTool/product/codegen/template_render/render_template.py
-- [generate_from_template] Generating 'C:/pw/TemplateTool/build/windows-msvc-release/codegen/ResourceAsset/AssetToken.h' from template 'C:/pw/TemplateTool/product/commonHead/commonHead/commonHeadManager/ResourceLoader/ResourceAssetLoader/resource/templates/AssetToken.h.j2' using input 'C:/pw/TemplateTool/product/commonHead/commonHead/commonHeadManager/ResourceLoader/ResourceAssetLoader/resource/resource/token.json'
-- generate coden target:generate_AssetToken.h for C:/pw/TemplateTool/build/windows-msvc-release/codegen/ResourceAsset/AssetToken.h
-- [jinja_create_venv] requirements path: C:/pw/TemplateTool/product/codegen/template_render/requirements.txt
-- [jinja_create_venv] python3 path: C:/SoftWare/Python/Pyhon3/python.exe
-- [generate_from_template] pip path: C:/pw/TemplateTool/build/windows-msvc-release/jinja_venv/Scripts/pip.exe, python path: C:/pw/TemplateTool/build/windows-msvc-release/jinja_venv/Scripts/python.exe
-- [generate_from_template] render script path: C:/pw/TemplateTool/product/codegen/template_render/render_template.py
-- [generate_from_template] Generating 'C:/pw/TemplateTool/build/windows-msvc-release/codegen/ResourceAsset/BuildNormalThemeAssetSet.h' from template 'C:/pw/TemplateTool/product/commonHead/commonHead/commonHeadManager/ResourceLoader/ResourceAssetLoader/resource/templates/BuildThemeAssetSet.h.j2' using input 'C:/pw/TemplateTool/product/commonHead/commonHead/commonHeadManager/ResourceLoader/ResourceAssetLoader/resource/resource/themes/normal.json'
-- generate coden target:generate_BuildNormalThemeAssetSet.h for C:/pw/TemplateTool/build/windows-msvc-release/codegen/ResourceAsset/BuildNormalThemeAssetSet.h
-- 
-- [BuildInterface] ResourceAsset
-- [BuildInterface]   Headers      : 
-- [BuildInterface]   Header Base  : C:/pw/TemplateTool/build/windows-msvc-release/codegen/ResourceAsset
-- [BuildInterface]   Link Public  : ResourceAssetLoaderModel
-- [BuildInterface]   Dependencies : ValidateAssetTokens;generate_AssetToken.h;generate_BuildNormalThemeAssetSet.h
-- [BuildInterface]   IDE Folder   : commonhead/codegen
-- [BuildInterface]   Include Build: C:/pw/TemplateTool/build/windows-msvc-release/codegen/ResourceAsset
-- [BuildInterface]   Include Inst : ResourceAsset
-- [LinkTargetIncludeDirectories] ResourceAsset (INTERFACE)
-- [LinkTargetIncludeDirectories]   Build Interface  : C:/pw/TemplateTool/build/windows-msvc-release/codegen/ResourceAsset
-- [LinkTargetIncludeDirectories]   Install Interface: ResourceAsset
-- [LinkTargetIncludeDirectories]   Private          : 
-- [BuildInstallModule] ResourceAsset
-- 
-- [BuildModule] ResourceAssetLoader (SHARED)
-- [BuildModule]   Sources      : src/ResourceAssetLoader.h;src/ResourceAssetLoader.cpp;src/ThemeAssetSet.h
-- [BuildModule]   Headers      : include/commonHead/ResourceAssetLoader/IResourceAssetLoader.h
-- [BuildModule]   Header Base  : C:/pw/TemplateTool/product/commonHead/commonHead/commonHeadManager/ResourceLoader/ResourceAssetLoader/include
-- [BuildModule]   Link Private : OSUtils
-- [BuildModule]   Link Public  : CommonHeadCommonFile;ResourceAssetLoaderModel;ResourceAsset
-- [BuildModule]   Dependencies : 
-- [BuildModule]   Definitions  : COMMONHEAD_DLL
-- [BuildModule]   IDE Folder   : commonhead
-- [BuildModule]   Include Build: C:/pw/TemplateTool/product/commonHead/commonHead/commonHeadManager/ResourceLoader/ResourceAssetLoader/include
-- [BuildModule]   Include Inst : include
-- [BuildModule]   Include Priv : src
-- [LinkTargetIncludeDirectories] ResourceAssetLoader (PUBLIC)
-- [LinkTargetIncludeDirectories]   Build Interface  : C:/pw/TemplateTool/product/commonHead/commonHead/commonHeadManager/ResourceLoader/ResourceAssetLoader/include
-- [LinkTargetIncludeDirectories]   Install Interface: include
-- [LinkTargetIncludeDirectories]   Private          : src
-- [BuildInstallModule] ResourceAssetLoader
-- ====Start Build RC File Module====
-- Parse Args Results:
-- MODULE_NAME: ResourceAssetLoader
-- FILE_DESCRIPTION: ResourceAssetLoader Library
-- ***create rc file for: ResourceAssetLoader***
-- 
-- ============================================================
-- [GenerateAppInfoFiles] Configuring app info file generation
-- ============================================================
--   Output File  : C:/pw/TemplateTool/build/windows-msvc-release/product/commonHead/commonHead/commonHeadManager/ResourceLoader/ResourceAssetLoader/ResourceAssetLoader_resource.rc
--   Template     : C:/pw/TemplateTool/product/framework/version/templates/app_resource.rc.in
--   Input JSON   : C:/pw/TemplateTool/build/windows-msvc-release/product/framework/version/version_meta.json
--   JSON Target  : generate_version_meta_8fa5974c
--   Target Name  : generate_ResourceAssetLoader_resource_1ee886be
--   Internal Name: ResourceAssetLoader
--   Description  : ResourceAssetLoader Library
--   Original Name: $<TARGET_FILE_NAME:ResourceAssetLoader>
-- ------------------------------------------------------------
-- 
-- [BuildModule] ResourceLoader (SHARED)
-- [BuildModule]   Sources      : src/ResourceLoader.h;src/ResourceLoader.cpp
-- [BuildModule]   Headers      : include/commonHead/ResourceLoader/IResourceLoader.h
-- [BuildModule]   Header Base  : C:/pw/TemplateTool/product/commonHead/commonHead/commonHeadManager/ResourceLoader/ResourceLoader/include
-- [BuildModule]   Link Private : ClientInfoServiceApi;CoreFramework;SystemUtils
-- [BuildModule]   Link Public  : CommonHeadCommonFile;ResourceStringLoader;ResourceColorLoader;ResourceFontLoader;ResourceAssetLoader
-- [BuildModule]   Dependencies : 
-- [BuildModule]   Definitions  : COMMONHEAD_DLL
-- [BuildModule]   IDE Folder   : commonhead
-- [BuildModule]   Include Build: C:/pw/TemplateTool/product/commonHead/commonHead/commonHeadManager/ResourceLoader/ResourceLoader/include
-- [BuildModule]   Include Inst : include
-- [BuildModule]   Include Priv : src
-- [LinkTargetIncludeDirectories] ResourceLoader (PUBLIC)
-- [LinkTargetIncludeDirectories]   Build Interface  : C:/pw/TemplateTool/product/commonHead/commonHead/commonHeadManager/ResourceLoader/ResourceLoader/include
-- [LinkTargetIncludeDirectories]   Install Interface: include
-- [LinkTargetIncludeDirectories]   Private          : src
-- [BuildInstallModule] ResourceLoader
-- ====Start Build RC File Module====
-- Parse Args Results:
-- MODULE_NAME: ResourceLoader
-- FILE_DESCRIPTION: ResourceLoader Library
-- ***create rc file for: ResourceLoader***
-- 
-- ============================================================
-- [GenerateAppInfoFiles] Configuring app info file generation
-- ============================================================
--   Output File  : C:/pw/TemplateTool/build/windows-msvc-release/product/commonHead/commonHead/commonHeadManager/ResourceLoader/ResourceLoader/ResourceLoader_resource.rc
--   Template     : C:/pw/TemplateTool/product/framework/version/templates/app_resource.rc.in
--   Input JSON   : C:/pw/TemplateTool/build/windows-msvc-release/product/framework/version/version_meta.json
--   JSON Target  : generate_version_meta_8fa5974c
--   Target Name  : generate_ResourceLoader_resource_c0c4832d
--   Internal Name: ResourceLoader
--   Description  : ResourceLoader Library
--   Original Name: $<TARGET_FILE_NAME:ResourceLoader>
-- ------------------------------------------------------------
-- 
-- [BuildModule] ServiceLocator (SHARED)
-- [BuildModule]   Sources      : src/ServiceLocator.h;src/ServiceLocator.cpp
-- [BuildModule]   Headers      : include/commonHead/ServiceLocator/IServiceLocator.h
-- [BuildModule]   Header Base  : C:/pw/TemplateTool/product/commonHead/commonHead/commonHeadManager/ServiceLocator/include
-- [BuildModule]   Link Private : CoreFramework;InvocationServiceApi;DataWarehouseServiceApi;NetworkService;ClientInfoServiceApi;ContactServiceApi;CameraDirectoryServiceApi;MediaService;ImageServiceApi;StabilityServiceApi;PerformanceServiceApi;FeatureSettingsServiceApi;UpgradeServiceApi;MiniAppServiceApi
-- [BuildModule]   Link Public  : CommonHeadCommonFile
-- [BuildModule]   Dependencies : 
-- [BuildModule]   Definitions  : COMMONHEAD_DLL
-- [BuildModule]   IDE Folder   : commonhead
-- [BuildModule]   Include Build: C:/pw/TemplateTool/product/commonHead/commonHead/commonHeadManager/ServiceLocator/include
-- [BuildModule]   Include Inst : include
-- [BuildModule]   Include Priv : src
-- [LinkTargetIncludeDirectories] ServiceLocator (PUBLIC)
-- [LinkTargetIncludeDirectories]   Build Interface  : C:/pw/TemplateTool/product/commonHead/commonHead/commonHeadManager/ServiceLocator/include
-- [LinkTargetIncludeDirectories]   Install Interface: include
-- [LinkTargetIncludeDirectories]   Private          : src
-- [BuildInstallModule] ServiceLocator
-- ====Start Build RC File Module====
-- Parse Args Results:
-- MODULE_NAME: ServiceLocator
-- FILE_DESCRIPTION: ServiceLocator Library
-- ***create rc file for: ServiceLocator***
-- 
-- ============================================================
-- [GenerateAppInfoFiles] Configuring app info file generation
-- ============================================================
--   Output File  : C:/pw/TemplateTool/build/windows-msvc-release/product/commonHead/commonHead/commonHeadManager/ServiceLocator/ServiceLocator_resource.rc
--   Template     : C:/pw/TemplateTool/product/framework/version/templates/app_resource.rc.in
--   Input JSON   : C:/pw/TemplateTool/build/windows-msvc-release/product/framework/version/version_meta.json
--   JSON Target  : generate_version_meta_8fa5974c
--   Target Name  : generate_ServiceLocator_resource_23d32126
--   Internal Name: ServiceLocator
--   Description  : ServiceLocator Library
--   Original Name: $<TARGET_FILE_NAME:ServiceLocator>
-- ------------------------------------------------------------
-- 
-- [BuildModule] CommonHeadFramework (SHARED)
-- [BuildModule]   Sources      : src/CommonHeadFramework.h;src/CommonHeadFramework.cpp
-- [BuildModule]   Headers      : include/commonHead/CommonHeadFramework/ICommonHeadFramework.h
-- [BuildModule]   Header Base  : C:/pw/TemplateTool/product/commonHead/commonHead/commonHeadFramework/include
-- [BuildModule]   Link Private : CoreFramework;ResourceLoader;ServiceLocator
-- [BuildModule]   Link Public  : CommonHeadCommonFile
-- [BuildModule]   Dependencies : 
-- [BuildModule]   Definitions  : COMMONHEAD_DLL
-- [BuildModule]   IDE Folder   : commonhead
-- [BuildModule]   Include Build: C:/pw/TemplateTool/product/commonHead/commonHead/commonHeadFramework/include
-- [BuildModule]   Include Inst : include
-- [BuildModule]   Include Priv : src
-- [LinkTargetIncludeDirectories] CommonHeadFramework (PUBLIC)
-- [LinkTargetIncludeDirectories]   Build Interface  : C:/pw/TemplateTool/product/commonHead/commonHead/commonHeadFramework/include
-- [LinkTargetIncludeDirectories]   Install Interface: include
-- [LinkTargetIncludeDirectories]   Private          : src
-- [BuildInstallModule] CommonHeadFramework
-- ====Start Build RC File Module====
-- Parse Args Results:
-- MODULE_NAME: CommonHeadFramework
-- FILE_DESCRIPTION: CommonHeadFramework Library
-- ***create rc file for: CommonHeadFramework***
-- 
-- ============================================================
-- [GenerateAppInfoFiles] Configuring app info file generation
-- ============================================================
--   Output File  : C:/pw/TemplateTool/build/windows-msvc-release/product/commonHead/commonHead/commonHeadFramework/CommonHeadFramework_resource.rc
--   Template     : C:/pw/TemplateTool/product/framework/version/templates/app_resource.rc.in
--   Input JSON   : C:/pw/TemplateTool/build/windows-msvc-release/product/framework/version/version_meta.json
--   JSON Target  : generate_version_meta_8fa5974c
--   Target Name  : generate_CommonHeadFramework_resource_71f6cd9f
--   Internal Name: CommonHeadFramework
--   Description  : CommonHeadFramework Library
--   Original Name: $<TARGET_FILE_NAME:CommonHeadFramework>
-- ------------------------------------------------------------
-- 
-- [BuildModule] ViewModelUtils (SHARED)
-- [BuildModule]   Sources      : LogOperationUtils/src/LogOperationUtils.cpp
-- [BuildModule]   Headers      : LogOperationUtils/include/commonHead/ViewModelUtils/LogOperationUtils.h
-- [BuildModule]   Header Base  : C:/pw/TemplateTool/product/commonHead/commonHead/viewModelsLayer/ViewModelUtils/LogOperationUtils/include
-- [BuildModule]   Link Private : CommonHeadFramework;ServiceLocator;ClientInfoServiceApi;ArchiveUtils
-- [BuildModule]   Link Public  : CommonHeadCommonFile
-- [BuildModule]   Dependencies : 
-- [BuildModule]   Definitions  : COMMONHEAD_DLL
-- [BuildModule]   IDE Folder   : commonhead
-- [BuildModule]   Include Build: C:/pw/TemplateTool/product/commonHead/commonHead/viewModelsLayer/ViewModelUtils/LogOperationUtils/include
-- [BuildModule]   Include Inst : include
-- [BuildModule]   Include Priv : C:/pw/TemplateTool/product/commonHead/commonHead/viewModelsLayer/ViewModelUtils/shared
-- [LinkTargetIncludeDirectories] ViewModelUtils (PUBLIC)
-- [LinkTargetIncludeDirectories]   Build Interface  : C:/pw/TemplateTool/product/commonHead/commonHead/viewModelsLayer/ViewModelUtils/LogOperationUtils/include
-- [LinkTargetIncludeDirectories]   Install Interface: include
-- [LinkTargetIncludeDirectories]   Private          : C:/pw/TemplateTool/product/commonHead/commonHead/viewModelsLayer/ViewModelUtils/shared
-- [BuildInstallModule] ViewModelUtils
-- ====Start Build RC File Module====
-- Parse Args Results:
-- MODULE_NAME: ViewModelUtils
-- FILE_DESCRIPTION: ViewModelUtils Library
-- ***create rc file for: ViewModelUtils***
-- 
-- ============================================================
-- [GenerateAppInfoFiles] Configuring app info file generation
-- ============================================================
--   Output File  : C:/pw/TemplateTool/build/windows-msvc-release/product/commonHead/commonHead/viewModelsLayer/ViewModelUtils/ViewModelUtils_resource.rc
--   Template     : C:/pw/TemplateTool/product/framework/version/templates/app_resource.rc.in
--   Input JSON   : C:/pw/TemplateTool/build/windows-msvc-release/product/framework/version/version_meta.json
--   JSON Target  : generate_version_meta_8fa5974c
--   Target Name  : generate_ViewModelUtils_resource_7ce1a1b0
--   Internal Name: ViewModelUtils
--   Description  : ViewModelUtils Library
--   Original Name: $<TARGET_FILE_NAME:ViewModelUtils>
-- ------------------------------------------------------------
-- 
-- [BuildModule] ViewModels (SHARED)
-- [BuildModule]   Sources      : C:/pw/TemplateTool/product/commonHead/commonHead/viewModelsLayer/viewModels/ViewModelCommon/IViewModel/src/IViewModel.cpp;C:/pw/TemplateTool/product/commonHead/commonHead/viewModelsLayer/viewModels/MainWindowSuiteViewModel/MainWindowViewModel/src/MainWindowViewModel.h;C:/pw/TemplateTool/product/commonHead/commonHead/viewModelsLayer/viewModels/MainWindowSuiteViewModel/MainWindowViewModel/src/MainWindowViewModel.cpp;C:/pw/TemplateTool/product/commonHead/commonHead/viewModelsLayer/viewModels/MainWindowSuiteViewModel/SideBarViewModel/src/SideBarViewModel.h;C:/pw/TemplateTool/product/commonHead/commonHead/viewModelsLayer/viewModels/MainWindowSuiteViewModel/SideBarViewModel/src/SideBarViewModel.cpp;C:/pw/TemplateTool/product/commonHead/commonHead/viewModelsLayer/viewModels/MainWindowSuiteViewModel/SettingsViewModel/src/SettingsModel.h;C:/pw/TemplateTool/product/commonHead/commonHead/viewModelsLayer/viewModels/MainWindowSuiteViewModel/SettingsViewModel/src/SettingsModel.cpp;C:/pw/TemplateTool/product/commonHead/commonHead/viewModelsLayer/viewModels/MainWindowSuiteViewModel/SettingsViewModel/src/SettingsViewModel.h;C:/pw/TemplateTool/product/commonHead/commonHead/viewModelsLayer/viewModels/MainWindowSuiteViewModel/SettingsViewModel/src/SettingsViewModel.cpp;C:/pw/TemplateTool/product/commonHead/commonHead/viewModelsLayer/viewModels/MainWindowSuiteViewModel/StabilityViewModel/src/StabilityViewModel.h;C:/pw/TemplateTool/product/commonHead/commonHead/viewModelsLayer/viewModels/MainWindowSuiteViewModel/StabilityViewModel/src/StabilityViewModel.cpp;C:/pw/TemplateTool/product/commonHead/commonHead/viewModelsLayer/viewModels/PageViewModels/ContactListViewModel/src/ContactListModel.h;C:/pw/TemplateTool/product/commonHead/commonHead/viewModelsLayer/viewModels/PageViewModels/ContactListViewModel/src/ContactListModel.cpp;C:/pw/TemplateTool/product/commonHead/commonHead/viewModelsLayer/viewModels/PageViewModels/ContactListViewModel/src/ContactListViewModel.h;C:/pw/TemplateTool/product/commonHead/commonHead/viewModelsLayer/viewModels/PageViewModels/ContactListViewModel/src/ContactListViewModel.cpp;C:/pw/TemplateTool/product/commonHead/commonHead/viewModelsLayer/viewModels/PageViewModels/ContactListViewModel/src/ContactListViewModelUtils.h;C:/pw/TemplateTool/product/commonHead/commonHead/viewModelsLayer/viewModels/PageViewModels/ContactListViewModel/src/ContactListViewModelUtils.cpp;C:/pw/TemplateTool/product/commonHead/commonHead/viewModelsLayer/viewModels/PageViewModels/ToolsViewModel/src/ToolsModel.h;C:/pw/TemplateTool/product/commonHead/commonHead/viewModelsLayer/viewModels/PageViewModels/ToolsViewModel/src/ToolsModel.cpp;C:/pw/TemplateTool/product/commonHead/commonHead/viewModelsLayer/viewModels/PageViewModels/ToolsViewModel/src/ToolsViewModel.h;C:/pw/TemplateTool/product/commonHead/commonHead/viewModelsLayer/viewModels/PageViewModels/ToolsViewModel/src/ToolsViewModel.cpp;C:/pw/TemplateTool/product/commonHead/commonHead/viewModelsLayer/viewModels/PageViewModels/JsonTreeViewModel/src/JsonTreeModel.h;C:/pw/TemplateTool/product/commonHead/commonHead/viewModelsLayer/viewModels/PageViewModels/JsonTreeViewModel/src/JsonTreeModel.cpp;C:/pw/TemplateTool/product/commonHead/commonHead/viewModelsLayer/viewModels/PageViewModels/JsonTreeViewModel/src/JsonTreeViewModel.h;C:/pw/TemplateTool/product/commonHead/commonHead/viewModelsLayer/viewModels/PageViewModels/JsonTreeViewModel/src/JsonTreeViewModel.cpp;C:/pw/TemplateTool/product/commonHead/commonHead/viewModelsLayer/viewModels/PageViewModels/NetworkProxyViewModel/src/NetworkProxyViewModel.h;C:/pw/TemplateTool/product/commonHead/commonHead/viewModelsLayer/viewModels/PageViewModels/NetworkProxyViewModel/src/NetworkProxyViewModel.cpp;C:/pw/TemplateTool/product/commonHead/commonHead/viewModelsLayer/viewModels/PageViewModels/ScreenshotViewModel/src/ScreenshotViewModel.h;C:/pw/TemplateTool/product/commonHead/commonHead/viewModelsLayer/viewModels/PageViewModels/ScreenshotViewModel/src/ScreenshotViewModel.cpp;C:/pw/TemplateTool/product/commonHead/commonHead/viewModelsLayer/viewModels/PageViewModels/RecordingViewModel/src/RecordingViewModel.h;C:/pw/TemplateTool/product/commonHead/commonHead/viewModelsLayer/viewModels/PageViewModels/RecordingViewModel/src/RecordingViewModel.cpp;C:/pw/TemplateTool/product/commonHead/commonHead/viewModelsLayer/viewModels/PageViewModels/MiniAppListViewModel/src/MiniAppListViewModel.h;C:/pw/TemplateTool/product/commonHead/commonHead/viewModelsLayer/viewModels/PageViewModels/MiniAppListViewModel/src/MiniAppListViewModel.cpp;C:/pw/TemplateTool/product/commonHead/commonHead/viewModelsLayer/viewModels/PageViewModels/MiniAppRuntimeViewModel/src/SystemBridgeHandler.h;C:/pw/TemplateTool/product/commonHead/commonHead/viewModelsLayer/viewModels/PageViewModels/MiniAppRuntimeViewModel/src/SystemBridgeHandler.cpp;C:/pw/TemplateTool/product/commonHead/commonHead/viewModelsLayer/viewModels/PageViewModels/MiniAppRuntimeViewModel/src/MiniAppRuntimeViewModel.h;C:/pw/TemplateTool/product/commonHead/commonHead/viewModelsLayer/viewModels/PageViewModels/MiniAppRuntimeViewModel/src/MiniAppRuntimeViewModel.cpp;C:/pw/TemplateTool/product/commonHead/commonHead/viewModelsLayer/viewModels/AppUIViewModel/src/AppUIViewModel.h;C:/pw/TemplateTool/product/commonHead/commonHead/viewModelsLayer/viewModels/AppUIViewModel/src/AppUIViewModel.cpp;C:/pw/TemplateTool/product/commonHead/commonHead/viewModelsLayer/viewModels/ClientInfoViewModel/src/ClientInfoViewModel.h;C:/pw/TemplateTool/product/commonHead/commonHead/viewModelsLayer/viewModels/ClientInfoViewModel/src/ClientInfoViewModel.cpp;C:/pw/TemplateTool/product/commonHead/commonHead/viewModelsLayer/viewModels/UpgradeViewModel/src/UpgradeViewModel.h;C:/pw/TemplateTool/product/commonHead/commonHead/viewModelsLayer/viewModels/UpgradeViewModel/src/UpgradeViewModel.cpp;C:/pw/TemplateTool/product/commonHead/commonHead/viewModelsLayer/viewModels/MediaCameraViewModel/src/MediaCameraViewModel.h;C:/pw/TemplateTool/product/commonHead/commonHead/viewModelsLayer/viewModels/MediaCameraViewModel/src/MediaCameraViewModel.cpp;C:/pw/TemplateTool/product/commonHead/commonHead/viewModelsLayer/viewModels/MediaCameraViewModel/src/CameraSource.cpp;C:/pw/TemplateTool/product/commonHead/commonHead/viewModelsLayer/viewModels/CameraDirectoryViewModel/src/CameraDirectoryTreeModel.h;C:/pw/TemplateTool/product/commonHead/commonHead/viewModelsLayer/viewModels/CameraDirectoryViewModel/src/CameraDirectoryTreeModel.cpp;C:/pw/TemplateTool/product/commonHead/commonHead/viewModelsLayer/viewModels/CameraDirectoryViewModel/src/CameraDirectoryViewModel.h;C:/pw/TemplateTool/product/commonHead/commonHead/viewModelsLayer/viewModels/CameraDirectoryViewModel/src/CameraDirectoryViewModel.cpp;C:/pw/TemplateTool/product/commonHead/commonHead/viewModelsLayer/viewModels/CameraDirectoryViewModel/src/CameraDirectoryViewModelUtils.h;C:/pw/TemplateTool/product/commonHead/commonHead/viewModelsLayer/viewModels/CameraDirectoryViewModel/src/CameraDirectoryViewModelUtils.cpp;C:/pw/TemplateTool/product/commonHead/commonHead/viewModelsLayer/viewModels/InvocationViewModel/src/InvocationViewModel.h;C:/pw/TemplateTool/product/commonHead/commonHead/viewModelsLayer/viewModels/InvocationViewModel/src/InvocationViewModel.cpp
-- [BuildModule]   Headers      : C:/pw/TemplateTool/product/commonHead/commonHead/viewModelsLayer/viewModels/ViewModelCommon/IViewModel/include/commonHead/viewModels/IViewModel/IViewModel.h;C:/pw/TemplateTool/product/commonHead/commonHead/viewModelsLayer/viewModels/MainWindowSuiteViewModel/MainWindowViewModel/include/commonHead/viewModels/MainWindowViewModel/IMainWindowViewModel.h;C:/pw/TemplateTool/product/commonHead/commonHead/viewModelsLayer/viewModels/MainWindowSuiteViewModel/SideBarViewModel/include/commonHead/viewModels/SideBarViewModel/SideBarModel.h;C:/pw/TemplateTool/product/commonHead/commonHead/viewModelsLayer/viewModels/MainWindowSuiteViewModel/SideBarViewModel/include/commonHead/viewModels/SideBarViewModel/ISideBarViewModel.h;C:/pw/TemplateTool/product/commonHead/commonHead/viewModelsLayer/viewModels/MainWindowSuiteViewModel/SettingsViewModel/include/commonHead/viewModels/SettingsViewModel/ISettingsModel.h;C:/pw/TemplateTool/product/commonHead/commonHead/viewModelsLayer/viewModels/MainWindowSuiteViewModel/SettingsViewModel/include/commonHead/viewModels/SettingsViewModel/ISettingsViewModel.h;C:/pw/TemplateTool/product/commonHead/commonHead/viewModelsLayer/viewModels/MainWindowSuiteViewModel/StabilityViewModel/include/commonHead/viewModels/StabilityViewModel/IStabilityViewModel.h;C:/pw/TemplateTool/product/commonHead/commonHead/viewModelsLayer/viewModels/PageViewModels/ContactListViewModel/include/commonHead/viewModels/ContactListViewModel/IContactListModel.h;C:/pw/TemplateTool/product/commonHead/commonHead/viewModelsLayer/viewModels/PageViewModels/ContactListViewModel/include/commonHead/viewModels/ContactListViewModel/IContactListViewModel.h;C:/pw/TemplateTool/product/commonHead/commonHead/viewModelsLayer/viewModels/PageViewModels/ToolsViewModel/include/commonHead/viewModels/ToolsViewModel/IToolsModel.h;C:/pw/TemplateTool/product/commonHead/commonHead/viewModelsLayer/viewModels/PageViewModels/ToolsViewModel/include/commonHead/viewModels/ToolsViewModel/IToolsViewModel.h;C:/pw/TemplateTool/product/commonHead/commonHead/viewModelsLayer/viewModels/PageViewModels/JsonTreeViewModel/include/commonHead/viewModels/JsonTreeViewModel/IJsonTreeModel.h;C:/pw/TemplateTool/product/commonHead/commonHead/viewModelsLayer/viewModels/PageViewModels/JsonTreeViewModel/include/commonHead/viewModels/JsonTreeViewModel/IJsonTreeViewModel.h;C:/pw/TemplateTool/product/commonHead/commonHead/viewModelsLayer/viewModels/PageViewModels/NetworkProxyViewModel/include/commonHead/viewModels/NetworkProxyViewModel/NetworkProxyTypes.h;C:/pw/TemplateTool/product/commonHead/commonHead/viewModelsLayer/viewModels/PageViewModels/NetworkProxyViewModel/include/commonHead/viewModels/NetworkProxyViewModel/INetworkProxyViewModel.h;C:/pw/TemplateTool/product/commonHead/commonHead/viewModelsLayer/viewModels/PageViewModels/ScreenshotViewModel/include/commonHead/viewModels/ScreenshotViewModel/IScreenshotModel.h;C:/pw/TemplateTool/product/commonHead/commonHead/viewModelsLayer/viewModels/PageViewModels/ScreenshotViewModel/include/commonHead/viewModels/ScreenshotViewModel/IScreenshotViewModel.h;C:/pw/TemplateTool/product/commonHead/commonHead/viewModelsLayer/viewModels/PageViewModels/RecordingViewModel/include/commonHead/viewModels/RecordingViewModel/IRecordingModel.h;C:/pw/TemplateTool/product/commonHead/commonHead/viewModelsLayer/viewModels/PageViewModels/RecordingViewModel/include/commonHead/viewModels/RecordingViewModel/IRecordingViewModel.h;C:/pw/TemplateTool/product/commonHead/commonHead/viewModelsLayer/viewModels/PageViewModels/MiniAppListViewModel/include/commonHead/viewModels/MiniAppListViewModel/MiniAppInfo.h;C:/pw/TemplateTool/product/commonHead/commonHead/viewModelsLayer/viewModels/PageViewModels/MiniAppListViewModel/include/commonHead/viewModels/MiniAppListViewModel/IMiniAppListViewModel.h;C:/pw/TemplateTool/product/commonHead/commonHead/viewModelsLayer/viewModels/PageViewModels/MiniAppRuntimeViewModel/include/commonHead/viewModels/MiniAppRuntimeViewModel/IMiniAppRuntimeViewModel.h;C:/pw/TemplateTool/product/commonHead/commonHead/viewModelsLayer/viewModels/AppUIViewModel/include/commonHead/viewModels/AppUIViewModel/IAppUIViewModel.h;C:/pw/TemplateTool/product/commonHead/commonHead/viewModelsLayer/viewModels/ClientInfoViewModel/include/commonHead/viewModels/ClientInfoViewModel/ClientInfoModel.h;C:/pw/TemplateTool/product/commonHead/commonHead/viewModelsLayer/viewModels/ClientInfoViewModel/include/commonHead/viewModels/ClientInfoViewModel/IClientInfoViewModel.h;C:/pw/TemplateTool/product/commonHead/commonHead/viewModelsLayer/viewModels/UpgradeViewModel/include/commonHead/viewModels/UpgradeViewModel/IUpgradeViewModel.h;C:/pw/TemplateTool/product/commonHead/commonHead/viewModelsLayer/viewModels/MediaCameraViewModel/include/commonHead/viewModels/MediaCameraViewModel/IMediaCameraViewModel.h;C:/pw/TemplateTool/product/commonHead/commonHead/viewModelsLayer/viewModels/MediaCameraViewModel/include/commonHead/viewModels/MediaCameraViewModel/VideoFrame.h;C:/pw/TemplateTool/product/commonHead/commonHead/viewModelsLayer/viewModels/MediaCameraViewModel/include/commonHead/viewModels/MediaCameraViewModel/CameraSource.h;C:/pw/TemplateTool/product/commonHead/commonHead/viewModelsLayer/viewModels/CameraDirectoryViewModel/include/commonHead/viewModels/CameraDirectoryViewModel/ICameraDirectoryTreeModel.h;C:/pw/TemplateTool/product/commonHead/commonHead/viewModelsLayer/viewModels/CameraDirectoryViewModel/include/commonHead/viewModels/CameraDirectoryViewModel/ICameraDirectoryViewModel.h;C:/pw/TemplateTool/product/commonHead/commonHead/viewModelsLayer/viewModels/InvocationViewModel/include/commonHead/viewModels/InvocationViewModel/IInvocationViewModel.h
-- [BuildModule]   Header Base  : C:/pw/TemplateTool/product/commonHead/commonHead/viewModelsLayer/viewModels/ViewModelCommon/IViewModel/include;C:/pw/TemplateTool/product/commonHead/commonHead/viewModelsLayer/viewModels/ViewModelCommon/shared;C:/pw/TemplateTool/product/commonHead/commonHead/viewModelsLayer/viewModels/MainWindowSuiteViewModel/MainWindowViewModel/include;C:/pw/TemplateTool/product/commonHead/commonHead/viewModelsLayer/viewModels/MainWindowSuiteViewModel/SideBarViewModel/include;C:/pw/TemplateTool/product/commonHead/commonHead/viewModelsLayer/viewModels/MainWindowSuiteViewModel/SettingsViewModel/include;C:/pw/TemplateTool/product/commonHead/commonHead/viewModelsLayer/viewModels/MainWindowSuiteViewModel/StabilityViewModel/include;C:/pw/TemplateTool/product/commonHead/commonHead/viewModelsLayer/viewModels/PageViewModels/ContactListViewModel/include;C:/pw/TemplateTool/product/commonHead/commonHead/viewModelsLayer/viewModels/PageViewModels/ToolsViewModel/include;C:/pw/TemplateTool/product/commonHead/commonHead/viewModelsLayer/viewModels/PageViewModels/JsonTreeViewModel/include;C:/pw/TemplateTool/product/commonHead/commonHead/viewModelsLayer/viewModels/PageViewModels/NetworkProxyViewModel/include;C:/pw/TemplateTool/product/commonHead/commonHead/viewModelsLayer/viewModels/PageViewModels/ScreenshotViewModel/include;C:/pw/TemplateTool/product/commonHead/commonHead/viewModelsLayer/viewModels/PageViewModels/RecordingViewModel/include;C:/pw/TemplateTool/product/commonHead/commonHead/viewModelsLayer/viewModels/PageViewModels/MiniAppListViewModel/include;C:/pw/TemplateTool/product/commonHead/commonHead/viewModelsLayer/viewModels/PageViewModels/MiniAppRuntimeViewModel/include;C:/pw/TemplateTool/product/commonHead/commonHead/viewModelsLayer/viewModels/AppUIViewModel/include;C:/pw/TemplateTool/product/commonHead/commonHead/viewModelsLayer/viewModels/ClientInfoViewModel/include;C:/pw/TemplateTool/product/commonHead/commonHead/viewModelsLayer/viewModels/UpgradeViewModel/include;C:/pw/TemplateTool/product/commonHead/commonHead/viewModelsLayer/viewModels/MediaCameraViewModel/include;C:/pw/TemplateTool/product/commonHead/commonHead/viewModelsLayer/viewModels/CameraDirectoryViewModel/include;C:/pw/TemplateTool/product/commonHead/commonHead/viewModelsLayer/viewModels/InvocationViewModel/include
-- [BuildModule]   Link Private : CommonHeadFramework;ServiceLocator;ContactServiceApi;MiniAppServiceApi;MiniAppRuntimeAgent;CameraDirectoryServiceApi;MediaService;ImageServiceApi;ClientInfoServiceApi;InvocationServiceApi;ViewModelUtils;StabilityServiceApi;PerformanceServiceApi;FeatureSettingsServiceApi;UpgradeServiceApi;Base64Utils;JsonUtils;TimeUtils;UUIDUtils;SystemUtils;NetworkProxyAgent;ScreenCaptureUtils;ScreenRecordingUtils;ScreenRecordingAgent;ImageProcessUtils;CompressionUtils;ThreadPoolUtils;FilePathUtils;magic_enum
-- [BuildModule]   Link Public  : CommonHeadCommonFile;VMNotificationHelper;ResourceLoader
-- [BuildModule]   Dependencies : 
-- [BuildModule]   Definitions  : COMMONHEAD_DLL
-- [BuildModule]   IDE Folder   : commonhead
-- [BuildModule]   Include Build: C:/pw/TemplateTool/product/commonHead/commonHead/viewModelsLayer/viewModels/ViewModelCommon/IViewModel/include;C:/pw/TemplateTool/product/commonHead/commonHead/viewModelsLayer/viewModels/ViewModelCommon/shared;C:/pw/TemplateTool/product/commonHead/commonHead/viewModelsLayer/viewModels/MainWindowSuiteViewModel/MainWindowViewModel/include;C:/pw/TemplateTool/product/commonHead/commonHead/viewModelsLayer/viewModels/MainWindowSuiteViewModel/SideBarViewModel/include;C:/pw/TemplateTool/product/commonHead/commonHead/viewModelsLayer/viewModels/MainWindowSuiteViewModel/SettingsViewModel/include;C:/pw/TemplateTool/product/commonHead/commonHead/viewModelsLayer/viewModels/MainWindowSuiteViewModel/StabilityViewModel/include;C:/pw/TemplateTool/product/commonHead/commonHead/viewModelsLayer/viewModels/PageViewModels/ContactListViewModel/include;C:/pw/TemplateTool/product/commonHead/commonHead/viewModelsLayer/viewModels/PageViewModels/ToolsViewModel/include;C:/pw/TemplateTool/product/commonHead/commonHead/viewModelsLayer/viewModels/PageViewModels/JsonTreeViewModel/include;C:/pw/TemplateTool/product/commonHead/commonHead/viewModelsLayer/viewModels/PageViewModels/NetworkProxyViewModel/include;C:/pw/TemplateTool/product/commonHead/commonHead/viewModelsLayer/viewModels/PageViewModels/ScreenshotViewModel/include;C:/pw/TemplateTool/product/commonHead/commonHead/viewModelsLayer/viewModels/PageViewModels/RecordingViewModel/include;C:/pw/TemplateTool/product/commonHead/commonHead/viewModelsLayer/viewModels/PageViewModels/MiniAppListViewModel/include;C:/pw/TemplateTool/product/commonHead/commonHead/viewModelsLayer/viewModels/PageViewModels/MiniAppRuntimeViewModel/include;C:/pw/TemplateTool/product/commonHead/commonHead/viewModelsLayer/viewModels/AppUIViewModel/include;C:/pw/TemplateTool/product/commonHead/commonHead/viewModelsLayer/viewModels/ClientInfoViewModel/include;C:/pw/TemplateTool/product/commonHead/commonHead/viewModelsLayer/viewModels/UpgradeViewModel/include;C:/pw/TemplateTool/product/commonHead/commonHead/viewModelsLayer/viewModels/MediaCameraViewModel/include;C:/pw/TemplateTool/product/commonHead/commonHead/viewModelsLayer/viewModels/CameraDirectoryViewModel/include;C:/pw/TemplateTool/product/commonHead/commonHead/viewModelsLayer/viewModels/InvocationViewModel/include
-- [BuildModule]   Include Inst : include
-- [BuildModule]   Include Priv : C:/pw/TemplateTool/product/commonHead/commonHead/viewModelsLayer/viewModels/ViewModelCommon/IViewModel/src;C:/pw/TemplateTool/product/commonHead/commonHead/viewModelsLayer/viewModels/MainWindowSuiteViewModel/MainWindowViewModel/src;C:/pw/TemplateTool/product/commonHead/commonHead/viewModelsLayer/viewModels/MainWindowSuiteViewModel/SideBarViewModel/src;C:/pw/TemplateTool/product/commonHead/commonHead/viewModelsLayer/viewModels/MainWindowSuiteViewModel/SettingsViewModel/src;C:/pw/TemplateTool/product/commonHead/commonHead/viewModelsLayer/viewModels/MainWindowSuiteViewModel/StabilityViewModel/src;C:/pw/TemplateTool/product/commonHead/commonHead/viewModelsLayer/viewModels/PageViewModels/ContactListViewModel/src;C:/pw/TemplateTool/product/commonHead/commonHead/viewModelsLayer/viewModels/PageViewModels/ToolsViewModel/src;C:/pw/TemplateTool/product/commonHead/commonHead/viewModelsLayer/viewModels/PageViewModels/JsonTreeViewModel/src;C:/pw/TemplateTool/product/commonHead/commonHead/viewModelsLayer/viewModels/PageViewModels/NetworkProxyViewModel/src;C:/pw/TemplateTool/product/commonHead/commonHead/viewModelsLayer/viewModels/PageViewModels/ScreenshotViewModel/src;C:/pw/TemplateTool/product/commonHead/commonHead/viewModelsLayer/viewModels/PageViewModels/RecordingViewModel/src;C:/pw/TemplateTool/product/commonHead/commonHead/viewModelsLayer/viewModels/PageViewModels/MiniAppListViewModel/src;C:/pw/TemplateTool/product/commonHead/commonHead/viewModelsLayer/viewModels/PageViewModels/MiniAppRuntimeViewModel/src;C:/pw/TemplateTool/product/commonHead/commonHead/viewModelsLayer/viewModels/AppUIViewModel/src;C:/pw/TemplateTool/product/commonHead/commonHead/viewModelsLayer/viewModels/ClientInfoViewModel/src;C:/pw/TemplateTool/product/commonHead/commonHead/viewModelsLayer/viewModels/UpgradeViewModel/src;C:/pw/TemplateTool/product/commonHead/commonHead/viewModelsLayer/viewModels/MediaCameraViewModel/src;C:/pw/TemplateTool/product/commonHead/commonHead/viewModelsLayer/viewModels/CameraDirectoryViewModel/src;C:/pw/TemplateTool/product/commonHead/commonHead/viewModelsLayer/viewModels/InvocationViewModel/src
-- [LinkTargetIncludeDirectories] ViewModels (PUBLIC)
-- [LinkTargetIncludeDirectories]   Build Interface  : C:/pw/TemplateTool/product/commonHead/commonHead/viewModelsLayer/viewModels/ViewModelCommon/IViewModel/include;C:/pw/TemplateTool/product/commonHead/commonHead/viewModelsLayer/viewModels/ViewModelCommon/shared;C:/pw/TemplateTool/product/commonHead/commonHead/viewModelsLayer/viewModels/MainWindowSuiteViewModel/MainWindowViewModel/include;C:/pw/TemplateTool/product/commonHead/commonHead/viewModelsLayer/viewModels/MainWindowSuiteViewModel/SideBarViewModel/include;C:/pw/TemplateTool/product/commonHead/commonHead/viewModelsLayer/viewModels/MainWindowSuiteViewModel/SettingsViewModel/include;C:/pw/TemplateTool/product/commonHead/commonHead/viewModelsLayer/viewModels/MainWindowSuiteViewModel/StabilityViewModel/include;C:/pw/TemplateTool/product/commonHead/commonHead/viewModelsLayer/viewModels/PageViewModels/ContactListViewModel/include;C:/pw/TemplateTool/product/commonHead/commonHead/viewModelsLayer/viewModels/PageViewModels/ToolsViewModel/include;C:/pw/TemplateTool/product/commonHead/commonHead/viewModelsLayer/viewModels/PageViewModels/JsonTreeViewModel/include;C:/pw/TemplateTool/product/commonHead/commonHead/viewModelsLayer/viewModels/PageViewModels/NetworkProxyViewModel/include;C:/pw/TemplateTool/product/commonHead/commonHead/viewModelsLayer/viewModels/PageViewModels/ScreenshotViewModel/include;C:/pw/TemplateTool/product/commonHead/commonHead/viewModelsLayer/viewModels/PageViewModels/RecordingViewModel/include;C:/pw/TemplateTool/product/commonHead/commonHead/viewModelsLayer/viewModels/PageViewModels/MiniAppListViewModel/include;C:/pw/TemplateTool/product/commonHead/commonHead/viewModelsLayer/viewModels/PageViewModels/MiniAppRuntimeViewModel/include;C:/pw/TemplateTool/product/commonHead/commonHead/viewModelsLayer/viewModels/AppUIViewModel/include;C:/pw/TemplateTool/product/commonHead/commonHead/viewModelsLayer/viewModels/ClientInfoViewModel/include;C:/pw/TemplateTool/product/commonHead/commonHead/viewModelsLayer/viewModels/UpgradeViewModel/include;C:/pw/TemplateTool/product/commonHead/commonHead/viewModelsLayer/viewModels/MediaCameraViewModel/include;C:/pw/TemplateTool/product/commonHead/commonHead/viewModelsLayer/viewModels/CameraDirectoryViewModel/include;C:/pw/TemplateTool/product/commonHead/commonHead/viewModelsLayer/viewModels/InvocationViewModel/include
-- [LinkTargetIncludeDirectories]   Install Interface: include
-- [LinkTargetIncludeDirectories]   Private          : C:/pw/TemplateTool/product/commonHead/commonHead/viewModelsLayer/viewModels/ViewModelCommon/IViewModel/src;C:/pw/TemplateTool/product/commonHead/commonHead/viewModelsLayer/viewModels/MainWindowSuiteViewModel/MainWindowViewModel/src;C:/pw/TemplateTool/product/commonHead/commonHead/viewModelsLayer/viewModels/MainWindowSuiteViewModel/SideBarViewModel/src;C:/pw/TemplateTool/product/commonHead/commonHead/viewModelsLayer/viewModels/MainWindowSuiteViewModel/SettingsViewModel/src;C:/pw/TemplateTool/product/commonHead/commonHead/viewModelsLayer/viewModels/MainWindowSuiteViewModel/StabilityViewModel/src;C:/pw/TemplateTool/product/commonHead/commonHead/viewModelsLayer/viewModels/PageViewModels/ContactListViewModel/src;C:/pw/TemplateTool/product/commonHead/commonHead/viewModelsLayer/viewModels/PageViewModels/ToolsViewModel/src;C:/pw/TemplateTool/product/commonHead/commonHead/viewModelsLayer/viewModels/PageViewModels/JsonTreeViewModel/src;C:/pw/TemplateTool/product/commonHead/commonHead/viewModelsLayer/viewModels/PageViewModels/NetworkProxyViewModel/src;C:/pw/TemplateTool/product/commonHead/commonHead/viewModelsLayer/viewModels/PageViewModels/ScreenshotViewModel/src;C:/pw/TemplateTool/product/commonHead/commonHead/viewModelsLayer/viewModels/PageViewModels/RecordingViewModel/src;C:/pw/TemplateTool/product/commonHead/commonHead/viewModelsLayer/viewModels/PageViewModels/MiniAppListViewModel/src;C:/pw/TemplateTool/product/commonHead/commonHead/viewModelsLayer/viewModels/PageViewModels/MiniAppRuntimeViewModel/src;C:/pw/TemplateTool/product/commonHead/commonHead/viewModelsLayer/viewModels/AppUIViewModel/src;C:/pw/TemplateTool/product/commonHead/commonHead/viewModelsLayer/viewModels/ClientInfoViewModel/src;C:/pw/TemplateTool/product/commonHead/commonHead/viewModelsLayer/viewModels/UpgradeViewModel/src;C:/pw/TemplateTool/product/commonHead/commonHead/viewModelsLayer/viewModels/MediaCameraViewModel/src;C:/pw/TemplateTool/product/commonHead/commonHead/viewModelsLayer/viewModels/CameraDirectoryViewModel/src;C:/pw/TemplateTool/product/commonHead/commonHead/viewModelsLayer/viewModels/InvocationViewModel/src
-- [BuildInstallModule] ViewModels
-- ====Start Build RC File Module====
-- Parse Args Results:
-- MODULE_NAME: ViewModels
-- FILE_DESCRIPTION: ViewModels Library
-- ***create rc file for: ViewModels***
-- 
-- ============================================================
-- [GenerateAppInfoFiles] Configuring app info file generation
-- ============================================================
--   Output File  : C:/pw/TemplateTool/build/windows-msvc-release/product/commonHead/commonHead/viewModelsLayer/viewModels/ViewModels_resource.rc
--   Template     : C:/pw/TemplateTool/product/framework/version/templates/app_resource.rc.in
--   Input JSON   : C:/pw/TemplateTool/build/windows-msvc-release/product/framework/version/version_meta.json
--   JSON Target  : generate_version_meta_8fa5974c
--   Target Name  : generate_ViewModels_resource_a8fcf35b
--   Internal Name: ViewModels
--   Description  : ViewModels Library
--   Original Name: $<TARGET_FILE_NAME:ViewModels>
-- ------------------------------------------------------------
-- 
-- [BuildModule] ViewModelFactory (SHARED)
-- [BuildModule]   Sources      : src/ViewModelFactory.h;src/ViewModelFactory.cpp
-- [BuildModule]   Headers      : include/commonHead/viewModels/ViewModelFactory/IViewModelFactory.h
-- [BuildModule]   Header Base  : C:/pw/TemplateTool/product/commonHead/commonHead/viewModelsLayer/ViewModelFactory/include
-- [BuildModule]   Link Private : ViewModels;CommonHeadFramework
-- [BuildModule]   Link Public  : CommonHeadCommonFile
-- [BuildModule]   Dependencies : 
-- [BuildModule]   Definitions  : COMMONHEAD_DLL
-- [BuildModule]   IDE Folder   : commonhead/viewModelsLayer
-- [BuildModule]   Include Build: C:/pw/TemplateTool/product/commonHead/commonHead/viewModelsLayer/ViewModelFactory/include;C:/pw/TemplateTool/product/commonHead/commonHead/viewModelsLayer/ViewModelFactory/src
-- [BuildModule]   Include Inst : include
-- [BuildModule]   Include Priv : src
-- [LinkTargetIncludeDirectories] ViewModelFactory (PUBLIC)
-- [LinkTargetIncludeDirectories]   Build Interface  : C:/pw/TemplateTool/product/commonHead/commonHead/viewModelsLayer/ViewModelFactory/include;C:/pw/TemplateTool/product/commonHead/commonHead/viewModelsLayer/ViewModelFactory/src
-- [LinkTargetIncludeDirectories]   Install Interface: include
-- [LinkTargetIncludeDirectories]   Private          : src
-- [BuildInstallModule] ViewModelFactory
-- ====Start Build RC File Module====
-- Parse Args Results:
-- MODULE_NAME: ViewModelFactory
-- FILE_DESCRIPTION: ViewModelFactory Library
-- ***create rc file for: ViewModelFactory***
-- 
-- ============================================================
-- [GenerateAppInfoFiles] Configuring app info file generation
-- ============================================================
--   Output File  : C:/pw/TemplateTool/build/windows-msvc-release/product/commonHead/commonHead/viewModelsLayer/ViewModelFactory/ViewModelFactory_resource.rc
--   Template     : C:/pw/TemplateTool/product/framework/version/templates/app_resource.rc.in
--   Input JSON   : C:/pw/TemplateTool/build/windows-msvc-release/product/framework/version/version_meta.json
--   JSON Target  : generate_version_meta_8fa5974c
--   Target Name  : generate_ViewModelFactory_resource_1262d492
--   Internal Name: ViewModelFactory
--   Description  : ViewModelFactory Library
--   Original Name: $<TARGET_FILE_NAME:ViewModelFactory>
-- ------------------------------------------------------------
-- 
-- [BuildUnitTestModule] common_head_unit_test
-- [BuildUnitTestModule]   Sources      : C:/pw/TemplateTool/product/commonHead/unit_test/catch2_tests/CommonHeadFramework_tests.cpp
-- [BuildUnitTestModule]   Link Private : Catch2::Catch2WithMain;ViewModels;CommonHeadFramework
-- [BuildUnitTestModule]   Include Dirs : 
-- [BuildUnitTestModule]   IDE Folder   : commonhead/unit-tests
-- 
-- [BuildModule] AppRunner (SHARED)
-- [BuildModule]   Sources      : src/AppRunner.cpp;src/LoggerDefine.h
-- [BuildModule]   Headers      : include/AppRunner/AppRunner.h;include/AppRunner/AppRunnerExport.h
-- [BuildModule]   Header Base  : C:/pw/TemplateTool/product/apprunner/AppRunner/include
-- [BuildModule]   Link Private : CommonHeadFramework;ServiceFactory;CoreFramework;FilePathUtils;SystemUtils;LoggerUtils
-- [BuildModule]   Link Public  : 
-- [BuildModule]   Dependencies : 
-- [BuildModule]   Definitions  : APPRUNNER_DLL
-- [BuildModule]   IDE Folder   : main
-- [BuildModule]   Include Build: C:/pw/TemplateTool/product/apprunner/AppRunner/include
-- [BuildModule]   Include Inst : include
-- [BuildModule]   Include Priv : src
-- [LinkTargetIncludeDirectories] AppRunner (PUBLIC)
-- [LinkTargetIncludeDirectories]   Build Interface  : C:/pw/TemplateTool/product/apprunner/AppRunner/include
-- [LinkTargetIncludeDirectories]   Install Interface: include
-- [LinkTargetIncludeDirectories]   Private          : src
-- [BuildInstallModule] AppRunner
-- ====Start Build RC File Module====
-- Parse Args Results:
-- MODULE_NAME: AppRunner
-- FILE_DESCRIPTION: AppRunner Library
-- ***create rc file for: AppRunner***
-- 
-- ============================================================
-- [GenerateAppInfoFiles] Configuring app info file generation
-- ============================================================
--   Output File  : C:/pw/TemplateTool/build/windows-msvc-release/product/apprunner/AppRunner/AppRunner_resource.rc
--   Template     : C:/pw/TemplateTool/product/framework/version/templates/app_resource.rc.in
--   Input JSON   : C:/pw/TemplateTool/build/windows-msvc-release/product/framework/version/version_meta.json
--   JSON Target  : generate_version_meta_8fa5974c
--   Target Name  : generate_AppRunner_resource_69e41061
--   Internal Name: AppRunner
--   Description  : AppRunner Library
--   Original Name: $<TARGET_FILE_NAME:AppRunner>
-- ------------------------------------------------------------
-- 
-- [BuildQtModule] UICore (SHARED)
-- [BuildQtModule]   Sources      : src/LoggerDefine.h;src/CoreApplication.cpp;src/CoreQmlEngine.cpp;src/CoreController.cpp
-- [BuildQtModule]   Headers      : include/UICore/CoreApplication.h;include/UICore/UICoreExport.h;include/UICore/CoreQmlEngine.h;include/UICore/CoreController.h
-- [BuildQtModule]   Header Base  : C:/pw/TemplateTool/product/application/qt/UIAuxiliary/UIFoundation/UICore/include
-- [BuildQtModule]   Link Private : LoggerUtils
-- [BuildQtModule]   Link Public  : Qt6::Widgets;Qt6::Qml
-- [BuildQtModule]   Dependencies : 
-- [BuildQtModule]   Definitions  : UICore_DLL
-- [BuildQtModule]   IDE Folder   : UI/UIAuxiliary/UIFoundation
-- [BuildQtModule]   Include Build: C:/pw/TemplateTool/product/application/qt/UIAuxiliary/UIFoundation/UICore/include
-- [BuildQtModule]   Include Inst : include
-- [BuildQtModule]   Include Priv : src
-- [LinkTargetIncludeDirectories] UICore (PUBLIC)
-- [LinkTargetIncludeDirectories]   Build Interface  : C:/pw/TemplateTool/product/application/qt/UIAuxiliary/UIFoundation/UICore/include
-- [LinkTargetIncludeDirectories]   Install Interface: include
-- [LinkTargetIncludeDirectories]   Private          : src
-- [BuildInstallModule] UICore
-- ====Start Build RC File Module====
-- Parse Args Results:
-- MODULE_NAME: UICore
-- FILE_DESCRIPTION: UICore Library
-- ***create rc file for: UICore***
-- 
-- ============================================================
-- [GenerateAppInfoFiles] Configuring app info file generation
-- ============================================================
--   Output File  : C:/pw/TemplateTool/build/windows-msvc-release/product/application/qt/UIAuxiliary/UIFoundation/UICore/UICore_resource.rc
--   Template     : C:/pw/TemplateTool/product/framework/version/templates/app_resource.rc.in
--   Input JSON   : C:/pw/TemplateTool/build/windows-msvc-release/product/framework/version/version_meta.json
--   JSON Target  : generate_version_meta_8fa5974c
--   Target Name  : generate_UICore_resource_483e34e5
--   Internal Name: UICore
--   Description  : UICore Library
--   Original Name: $<TARGET_FILE_NAME:UICore>
-- ------------------------------------------------------------
-- [jinja_create_venv] requirements path: C:/pw/TemplateTool/product/codegen/template_render/requirements.txt
-- [jinja_create_venv] python3 path: C:/SoftWare/Python/Pyhon3/python.exe
-- [generate_from_template] pip path: C:/pw/TemplateTool/build/windows-msvc-release/jinja_venv/Scripts/pip.exe, python path: C:/pw/TemplateTool/build/windows-msvc-release/jinja_venv/Scripts/python.exe
-- [generate_from_template] render script path: C:/pw/TemplateTool/product/codegen/template_render/render_template.py
-- [generate_from_template] Generating 'C:/pw/TemplateTool/build/windows-msvc-release/codegen/UIResourceColor/UIColorToken.h' from template 'C:/pw/TemplateTool/product/application/qt/UIAuxiliary/UIFoundation/UIResourceLoader/UIResourceCore/UIResourceColorLoader/resource/templates/UIColorToken.h.j2' using input 'C:/pw/TemplateTool/product/commonHead/commonHead/commonHeadManager/ResourceLoader/ResourceColorLoader/resource/resource/token.json'
-- generate coden target:generate_UIColorToken.h for C:/pw/TemplateTool/build/windows-msvc-release/codegen/UIResourceColor/UIColorToken.h
-- [jinja_create_venv] requirements path: C:/pw/TemplateTool/product/codegen/template_render/requirements.txt
-- [jinja_create_venv] python3 path: C:/SoftWare/Python/Pyhon3/python.exe
-- [generate_from_template] pip path: C:/pw/TemplateTool/build/windows-msvc-release/jinja_venv/Scripts/pip.exe, python path: C:/pw/TemplateTool/build/windows-msvc-release/jinja_venv/Scripts/python.exe
-- [generate_from_template] render script path: C:/pw/TemplateTool/product/codegen/template_render/render_template.py
-- [generate_from_template] Generating 'C:/pw/TemplateTool/build/windows-msvc-release/codegen/UIResourceColor/UIColorConvert.cpp' from template 'C:/pw/TemplateTool/product/application/qt/UIAuxiliary/UIFoundation/UIResourceLoader/UIResourceCore/UIResourceColorLoader/resource/templates/UIColorConvert.cpp.j2' using input 'C:/pw/TemplateTool/product/commonHead/commonHead/commonHeadManager/ResourceLoader/ResourceColorLoader/resource/resource/token.json'
-- generate coden target:generate_UIColorConvert.cpp for C:/pw/TemplateTool/build/windows-msvc-release/codegen/UIResourceColor/UIColorConvert.cpp
-- 
-- [BuildQtModule] UIResourceColorLoader (SHARED)
-- [BuildQtModule]   Sources      : src/UIResourceColorLoader.cpp;src/LoggerDefine.h;C:/pw/TemplateTool/build/windows-msvc-release/codegen/UIResourceColor/UIColorConvert.cpp
-- [BuildQtModule]   Headers      : include/UIResourceColorLoader/UIResourceColorLoaderExport.h;include/UIResourceColorLoader/UIResourceColorLoader.h;include/UIResourceColorLoader/UIColorState.h;C:/pw/TemplateTool/build/windows-msvc-release/codegen/UIResourceColor/UIColorToken.h
-- [BuildQtModule]   Header Base  : C:/pw/TemplateTool/product/application/qt/UIAuxiliary/UIFoundation/UIResourceLoader/UIResourceCore/UIResourceColorLoader/include;C:/pw/TemplateTool/build/windows-msvc-release/codegen/UIResourceColor
-- [BuildQtModule]   Link Private : ResourceColorLoader;LoggerUtils
-- [BuildQtModule]   Link Public  : Qt6::Qml
-- [BuildQtModule]   Dependencies : generate_UIColorToken.h;generate_UIColorConvert.cpp
-- [BuildQtModule]   Definitions  : UIResourceColorLoader_DLL
-- [BuildQtModule]   IDE Folder   : UI/UIAuxiliary/UIFoundation/ResourceLoader
-- [BuildQtModule]   Include Build: C:/pw/TemplateTool/product/application/qt/UIAuxiliary/UIFoundation/UIResourceLoader/UIResourceCore/UIResourceColorLoader/include;C:/pw/TemplateTool/build/windows-msvc-release/codegen/UIResourceColor;C:/pw/TemplateTool/build/windows-msvc-release/codegen/UIResourceColor
-- [BuildQtModule]   Include Inst : include
-- [BuildQtModule]   Include Priv : src
-- [LinkTargetIncludeDirectories] UIResourceColorLoader (PUBLIC)
-- [LinkTargetIncludeDirectories]   Build Interface  : C:/pw/TemplateTool/product/application/qt/UIAuxiliary/UIFoundation/UIResourceLoader/UIResourceCore/UIResourceColorLoader/include;C:/pw/TemplateTool/build/windows-msvc-release/codegen/UIResourceColor;C:/pw/TemplateTool/build/windows-msvc-release/codegen/UIResourceColor
-- [LinkTargetIncludeDirectories]   Install Interface: include
-- [LinkTargetIncludeDirectories]   Private          : src
-- [BuildInstallModule] UIResourceColorLoader
-- ====Start Build RC File Module====
-- Parse Args Results:
-- MODULE_NAME: UIResourceColorLoader
-- FILE_DESCRIPTION: UIResourceColorLoader Library
-- ***create rc file for: UIResourceColorLoader***
-- 
-- ============================================================
-- [GenerateAppInfoFiles] Configuring app info file generation
-- ============================================================
--   Output File  : C:/pw/TemplateTool/build/windows-msvc-release/product/application/qt/UIAuxiliary/UIFoundation/UIResourceLoader/UIResourceCore/UIResourceColorLoader/UIResourceColorLoader_resource.rc
--   Template     : C:/pw/TemplateTool/product/framework/version/templates/app_resource.rc.in
--   Input JSON   : C:/pw/TemplateTool/build/windows-msvc-release/product/framework/version/version_meta.json
--   JSON Target  : generate_version_meta_8fa5974c
--   Target Name  : generate_UIResourceColorLoader_resource_ea8b57d7
--   Internal Name: UIResourceColorLoader
--   Description  : UIResourceColorLoader Library
--   Original Name: $<TARGET_FILE_NAME:UIResourceColorLoader>
-- ------------------------------------------------------------
-- [jinja_create_venv] requirements path: C:/pw/TemplateTool/product/codegen/template_render/requirements.txt
-- [jinja_create_venv] python3 path: C:/SoftWare/Python/Pyhon3/python.exe
-- [generate_from_template] pip path: C:/pw/TemplateTool/build/windows-msvc-release/jinja_venv/Scripts/pip.exe, python path: C:/pw/TemplateTool/build/windows-msvc-release/jinja_venv/Scripts/python.exe
-- [generate_from_template] render script path: C:/pw/TemplateTool/product/codegen/template_render/render_template.py
-- [generate_from_template] Generating 'C:/pw/TemplateTool/build/windows-msvc-release/codegen/UIResourceString/ResourceStringMap.h' from template 'C:/pw/TemplateTool/product/application/qt/UIAuxiliary/UIFoundation/UIResourceLoader/UIResourceCore/UIResourceStringLoader/resource/templates/ResourceStringMap.h.j2' using input 'C:/pw/TemplateTool/product/commonHead/commonHead/commonHeadManager/ResourceLoader/ResourceStringLoader/resource/ResourceString.json'
-- generate coden target:generate_ResourceStringMap.h for C:/pw/TemplateTool/build/windows-msvc-release/codegen/UIResourceString/ResourceStringMap.h
-- [jinja_create_venv] requirements path: C:/pw/TemplateTool/product/codegen/template_render/requirements.txt
-- [jinja_create_venv] python3 path: C:/SoftWare/Python/Pyhon3/python.exe
-- [generate_from_template] pip path: C:/pw/TemplateTool/build/windows-msvc-release/jinja_venv/Scripts/pip.exe, python path: C:/pw/TemplateTool/build/windows-msvc-release/jinja_venv/Scripts/python.exe
-- [generate_from_template] render script path: C:/pw/TemplateTool/product/codegen/template_render/render_template.py
-- [generate_from_template] Generating 'C:/pw/TemplateTool/build/windows-msvc-release/codegen/UIResourceString/ResourceStringMap.cpp' from template 'C:/pw/TemplateTool/product/application/qt/UIAuxiliary/UIFoundation/UIResourceLoader/UIResourceCore/UIResourceStringLoader/resource/templates/ResourceStringMap.cpp.j2' using input 'C:/pw/TemplateTool/product/commonHead/commonHead/commonHeadManager/ResourceLoader/ResourceStringLoader/resource/ResourceString.json'
-- generate coden target:generate_ResourceStringMap.cpp for C:/pw/TemplateTool/build/windows-msvc-release/codegen/UIResourceString/ResourceStringMap.cpp
-- [jinja_create_venv] requirements path: C:/pw/TemplateTool/product/codegen/template_render/requirements.txt
-- [jinja_create_venv] python3 path: C:/SoftWare/Python/Pyhon3/python.exe
-- [generate_from_template] pip path: C:/pw/TemplateTool/build/windows-msvc-release/jinja_venv/Scripts/pip.exe, python path: C:/pw/TemplateTool/build/windows-msvc-release/jinja_venv/Scripts/python.exe
-- [generate_from_template] render script path: C:/pw/TemplateTool/product/codegen/template_render/render_template.py
-- [generate_from_template] Generating 'C:/pw/TemplateTool/build/windows-msvc-release/codegen/UIResourceString/UIStringToken.h' from template 'C:/pw/TemplateTool/product/application/qt/UIAuxiliary/UIFoundation/UIResourceLoader/UIResourceCore/UIResourceStringLoader/resource/templates/UIStringToken.h.j2' using input 'C:/pw/TemplateTool/product/commonHead/commonHead/commonHeadManager/ResourceLoader/ResourceStringLoader/resource/ResourceString.json'
-- generate coden target:generate_UIStringToken.h for C:/pw/TemplateTool/build/windows-msvc-release/codegen/UIResourceString/UIStringToken.h
-- [jinja_create_venv] requirements path: C:/pw/TemplateTool/product/codegen/template_render/requirements.txt
-- [jinja_create_venv] python3 path: C:/SoftWare/Python/Pyhon3/python.exe
-- [generate_from_template] pip path: C:/pw/TemplateTool/build/windows-msvc-release/jinja_venv/Scripts/pip.exe, python path: C:/pw/TemplateTool/build/windows-msvc-release/jinja_venv/Scripts/python.exe
-- [generate_from_template] render script path: C:/pw/TemplateTool/product/codegen/template_render/render_template.py
-- [generate_from_template] Generating 'C:/pw/TemplateTool/build/windows-msvc-release/codegen/UIResourceString/UIStringConvert.cpp' from template 'C:/pw/TemplateTool/product/application/qt/UIAuxiliary/UIFoundation/UIResourceLoader/UIResourceCore/UIResourceStringLoader/resource/templates/UIStringConvert.cpp.j2' using input 'C:/pw/TemplateTool/product/commonHead/commonHead/commonHeadManager/ResourceLoader/ResourceStringLoader/resource/ResourceString.json'
-- generate coden target:generate_UIStringConvert.cpp for C:/pw/TemplateTool/build/windows-msvc-release/codegen/UIResourceString/UIStringConvert.cpp
-- 
-- [BuildQtModule] UIResourceStringLoader (SHARED)
-- [BuildQtModule]   Sources      : src/UIResourceStringLoader.cpp;src/LoggerDefine.h;src/AppUIStringLoader.h;src/AppUIStringLoader.cpp;C:/pw/TemplateTool/build/windows-msvc-release/codegen/UIResourceString/ResourceStringMap.h;C:/pw/TemplateTool/build/windows-msvc-release/codegen/UIResourceString/ResourceStringMap.cpp;C:/pw/TemplateTool/build/windows-msvc-release/codegen/UIResourceString/UIStringConvert.cpp
-- [BuildQtModule]   Headers      : include/UIResourceStringLoader/UIResourceStringLoaderExport.h;include/UIResourceStringLoader/UIResourceStringLoader.h;C:/pw/TemplateTool/build/windows-msvc-release/codegen/UIResourceString/UIStringToken.h
-- [BuildQtModule]   Header Base  : C:/pw/TemplateTool/product/application/qt/UIAuxiliary/UIFoundation/UIResourceLoader/UIResourceCore/UIResourceStringLoader/include;C:/pw/TemplateTool/build/windows-msvc-release/codegen/UIResourceString
-- [BuildQtModule]   Link Private : CommonHeadFramework;ResourceLoader;ResourceStringLoader;LoggerUtils
-- [BuildQtModule]   Link Public  : Qt6::Qml
-- [BuildQtModule]   Dependencies : generate_ResourceStringMap.h;generate_ResourceStringMap.cpp;generate_UIStringToken.h;generate_UIStringConvert.cpp
-- [BuildQtModule]   Definitions  : UIResourceStringLoader_DLL
-- [BuildQtModule]   IDE Folder   : UI/UIAuxiliary/UIFoundation/ResourceLoader
-- [BuildQtModule]   Include Build: C:/pw/TemplateTool/product/application/qt/UIAuxiliary/UIFoundation/UIResourceLoader/UIResourceCore/UIResourceStringLoader/include;C:/pw/TemplateTool/build/windows-msvc-release/codegen/UIResourceString;C:/pw/TemplateTool/build/windows-msvc-release/codegen/UIResourceString
-- [BuildQtModule]   Include Inst : include
-- [BuildQtModule]   Include Priv : src
-- [LinkTargetIncludeDirectories] UIResourceStringLoader (PUBLIC)
-- [LinkTargetIncludeDirectories]   Build Interface  : C:/pw/TemplateTool/product/application/qt/UIAuxiliary/UIFoundation/UIResourceLoader/UIResourceCore/UIResourceStringLoader/include;C:/pw/TemplateTool/build/windows-msvc-release/codegen/UIResourceString;C:/pw/TemplateTool/build/windows-msvc-release/codegen/UIResourceString
-- [LinkTargetIncludeDirectories]   Install Interface: include
-- [LinkTargetIncludeDirectories]   Private          : src
-- [BuildInstallModule] UIResourceStringLoader
-- ====Start Build RC File Module====
-- Parse Args Results:
-- MODULE_NAME: UIResourceStringLoader
-- FILE_DESCRIPTION: UIResourceStringLoader Library
-- ***create rc file for: UIResourceStringLoader***
-- 
-- ============================================================
-- [GenerateAppInfoFiles] Configuring app info file generation
-- ============================================================
--   Output File  : C:/pw/TemplateTool/build/windows-msvc-release/product/application/qt/UIAuxiliary/UIFoundation/UIResourceLoader/UIResourceCore/UIResourceStringLoader/UIResourceStringLoader_resource.rc
--   Template     : C:/pw/TemplateTool/product/framework/version/templates/app_resource.rc.in
--   Input JSON   : C:/pw/TemplateTool/build/windows-msvc-release/product/framework/version/version_meta.json
--   JSON Target  : generate_version_meta_8fa5974c
--   Target Name  : generate_UIResourceStringLoader_resource_d37c4893
--   Internal Name: UIResourceStringLoader
--   Description  : UIResourceStringLoader Library
--   Original Name: $<TARGET_FILE_NAME:UIResourceStringLoader>
-- ------------------------------------------------------------
-- [jinja_create_venv] requirements path: C:/pw/TemplateTool/product/codegen/template_render/requirements.txt
-- [jinja_create_venv] python3 path: C:/SoftWare/Python/Pyhon3/python.exe
-- [generate_from_template] pip path: C:/pw/TemplateTool/build/windows-msvc-release/jinja_venv/Scripts/pip.exe, python path: C:/pw/TemplateTool/build/windows-msvc-release/jinja_venv/Scripts/python.exe
-- [generate_from_template] render script path: C:/pw/TemplateTool/product/codegen/template_render/render_template.py
-- [generate_from_template] Generating 'C:/pw/TemplateTool/build/windows-msvc-release/codegen/UIResourceFont/UIFontToken.h' from template 'C:/pw/TemplateTool/product/application/qt/UIAuxiliary/UIFoundation/UIResourceLoader/UIResourceCore/UIResourceFontLoader/resource/templates/UIFontToken.h.j2' using input 'C:/pw/TemplateTool/product/commonHead/commonHead/commonHeadManager/ResourceLoader/ResourceFontLoader/resource/resource/token.json'
-- generate coden target:generate_UIFontToken.h for C:/pw/TemplateTool/build/windows-msvc-release/codegen/UIResourceFont/UIFontToken.h
-- [jinja_create_venv] requirements path: C:/pw/TemplateTool/product/codegen/template_render/requirements.txt
-- [jinja_create_venv] python3 path: C:/SoftWare/Python/Pyhon3/python.exe
-- [generate_from_template] pip path: C:/pw/TemplateTool/build/windows-msvc-release/jinja_venv/Scripts/pip.exe, python path: C:/pw/TemplateTool/build/windows-msvc-release/jinja_venv/Scripts/python.exe
-- [generate_from_template] render script path: C:/pw/TemplateTool/product/codegen/template_render/render_template.py
-- [generate_from_template] Generating 'C:/pw/TemplateTool/build/windows-msvc-release/codegen/UIResourceFont/UIFontConvert.cpp' from template 'C:/pw/TemplateTool/product/application/qt/UIAuxiliary/UIFoundation/UIResourceLoader/UIResourceCore/UIResourceFontLoader/resource/templates/UIFontConvert.cpp.j2' using input 'C:/pw/TemplateTool/product/commonHead/commonHead/commonHeadManager/ResourceLoader/ResourceFontLoader/resource/resource/token.json'
-- generate coden target:generate_UIFontConvert.cpp for C:/pw/TemplateTool/build/windows-msvc-release/codegen/UIResourceFont/UIFontConvert.cpp
-- 
-- [BuildQtModule] UIResourceFontLoader (SHARED)
-- [BuildQtModule]   Sources      : src/UIResourceFontLoader.cpp;src/LoggerDefine.h;C:/pw/TemplateTool/build/windows-msvc-release/codegen/UIResourceFont/UIFontConvert.cpp
-- [BuildQtModule]   Headers      : include/UIResourceFontLoader/UIResourceFontLoaderExport.h;include/UIResourceFontLoader/UIResourceFontLoader.h;C:/pw/TemplateTool/build/windows-msvc-release/codegen/UIResourceFont/UIFontToken.h
-- [BuildQtModule]   Header Base  : C:/pw/TemplateTool/product/application/qt/UIAuxiliary/UIFoundation/UIResourceLoader/UIResourceCore/UIResourceFontLoader/include;C:/pw/TemplateTool/build/windows-msvc-release/codegen/UIResourceFont
-- [BuildQtModule]   Link Private : ResourceFontLoader;LoggerUtils
-- [BuildQtModule]   Link Public  : Qt6::Qml
-- [BuildQtModule]   Dependencies : generate_UIFontToken.h;generate_UIFontConvert.cpp
-- [BuildQtModule]   Definitions  : UIResourceFontLoader_DLL
-- [BuildQtModule]   IDE Folder   : UI/UIAuxiliary/UIFoundation/ResourceLoader
-- [BuildQtModule]   Include Build: C:/pw/TemplateTool/product/application/qt/UIAuxiliary/UIFoundation/UIResourceLoader/UIResourceCore/UIResourceFontLoader/include;C:/pw/TemplateTool/build/windows-msvc-release/codegen/UIResourceFont;C:/pw/TemplateTool/build/windows-msvc-release/codegen/UIResourceFont
-- [BuildQtModule]   Include Inst : include
-- [BuildQtModule]   Include Priv : src
-- [LinkTargetIncludeDirectories] UIResourceFontLoader (PUBLIC)
-- [LinkTargetIncludeDirectories]   Build Interface  : C:/pw/TemplateTool/product/application/qt/UIAuxiliary/UIFoundation/UIResourceLoader/UIResourceCore/UIResourceFontLoader/include;C:/pw/TemplateTool/build/windows-msvc-release/codegen/UIResourceFont;C:/pw/TemplateTool/build/windows-msvc-release/codegen/UIResourceFont
-- [LinkTargetIncludeDirectories]   Install Interface: include
-- [LinkTargetIncludeDirectories]   Private          : src
-- [BuildInstallModule] UIResourceFontLoader
-- ====Start Build RC File Module====
-- Parse Args Results:
-- MODULE_NAME: UIResourceFontLoader
-- FILE_DESCRIPTION: UIResourceFontLoader Library
-- ***create rc file for: UIResourceFontLoader***
-- 
-- ============================================================
-- [GenerateAppInfoFiles] Configuring app info file generation
-- ============================================================
--   Output File  : C:/pw/TemplateTool/build/windows-msvc-release/product/application/qt/UIAuxiliary/UIFoundation/UIResourceLoader/UIResourceCore/UIResourceFontLoader/UIResourceFontLoader_resource.rc
--   Template     : C:/pw/TemplateTool/product/framework/version/templates/app_resource.rc.in
--   Input JSON   : C:/pw/TemplateTool/build/windows-msvc-release/product/framework/version/version_meta.json
--   JSON Target  : generate_version_meta_8fa5974c
--   Target Name  : generate_UIResourceFontLoader_resource_31ac013f
--   Internal Name: UIResourceFontLoader
--   Description  : UIResourceFontLoader Library
--   Original Name: $<TARGET_FILE_NAME:UIResourceFontLoader>
-- ------------------------------------------------------------
-- [jinja_create_venv] requirements path: C:/pw/TemplateTool/product/codegen/template_render/requirements.txt
-- [jinja_create_venv] python3 path: C:/SoftWare/Python/Pyhon3/python.exe
-- [generate_from_template] pip path: C:/pw/TemplateTool/build/windows-msvc-release/jinja_venv/Scripts/pip.exe, python path: C:/pw/TemplateTool/build/windows-msvc-release/jinja_venv/Scripts/python.exe
-- [generate_from_template] render script path: C:/pw/TemplateTool/product/codegen/template_render/render_template.py
-- [generate_from_template] Generating 'C:/pw/TemplateTool/build/windows-msvc-release/codegen/UIResourceAsset/UIAssetToken.h' from template 'C:/pw/TemplateTool/product/application/qt/UIAuxiliary/UIFoundation/UIResourceLoader/UIResourceCore/UIResourceAssetLoader/resource/templates/UIAssetToken.h.j2' using input 'C:/pw/TemplateTool/product/commonHead/commonHead/commonHeadManager/ResourceLoader/ResourceAssetLoader/resource/resource/token.json'
-- generate coden target:generate_UIAssetToken.h for C:/pw/TemplateTool/build/windows-msvc-release/codegen/UIResourceAsset/UIAssetToken.h
-- [jinja_create_venv] requirements path: C:/pw/TemplateTool/product/codegen/template_render/requirements.txt
-- [jinja_create_venv] python3 path: C:/SoftWare/Python/Pyhon3/python.exe
-- [generate_from_template] pip path: C:/pw/TemplateTool/build/windows-msvc-release/jinja_venv/Scripts/pip.exe, python path: C:/pw/TemplateTool/build/windows-msvc-release/jinja_venv/Scripts/python.exe
-- [generate_from_template] render script path: C:/pw/TemplateTool/product/codegen/template_render/render_template.py
-- [generate_from_template] Generating 'C:/pw/TemplateTool/build/windows-msvc-release/codegen/UIResourceAsset/UIAssetConvert.cpp' from template 'C:/pw/TemplateTool/product/application/qt/UIAuxiliary/UIFoundation/UIResourceLoader/UIResourceCore/UIResourceAssetLoader/resource/templates/UIAssetConvert.cpp.j2' using input 'C:/pw/TemplateTool/product/commonHead/commonHead/commonHeadManager/ResourceLoader/ResourceAssetLoader/resource/resource/token.json'
-- generate coden target:generate_UIAssetConvert.cpp for C:/pw/TemplateTool/build/windows-msvc-release/codegen/UIResourceAsset/UIAssetConvert.cpp
-- 
-- [BuildQtModule] UIResourceAssetLoader (SHARED)
-- [BuildQtModule]   Sources      : src/UIResourceAssetLoader.cpp;src/LoggerDefine.h;C:/pw/TemplateTool/build/windows-msvc-release/codegen/UIResourceAsset/UIAssetConvert.cpp
-- [BuildQtModule]   Headers      : include/UIResourceAssetLoader/UIResourceAssetLoaderExport.h;include/UIResourceAssetLoader/UIResourceAssetLoader.h;C:/pw/TemplateTool/build/windows-msvc-release/codegen/UIResourceAsset/UIAssetToken.h
-- [BuildQtModule]   Header Base  : C:/pw/TemplateTool/product/application/qt/UIAuxiliary/UIFoundation/UIResourceLoader/UIResourceCore/UIResourceAssetLoader/include;C:/pw/TemplateTool/build/windows-msvc-release/codegen/UIResourceAsset
-- [BuildQtModule]   Link Private : ResourceAssetLoader;LoggerUtils
-- [BuildQtModule]   Link Public  : Qt6::Qml;Qt6::Core
-- [BuildQtModule]   Dependencies : generate_UIAssetToken.h;generate_UIAssetConvert.cpp
-- [BuildQtModule]   Definitions  : UIResourceAssetLoader_DLL
-- [BuildQtModule]   IDE Folder   : UI/UIAuxiliary/UIFoundation/ResourceLoader
-- [BuildQtModule]   Include Build: C:/pw/TemplateTool/product/application/qt/UIAuxiliary/UIFoundation/UIResourceLoader/UIResourceCore/UIResourceAssetLoader/include;C:/pw/TemplateTool/build/windows-msvc-release/codegen/UIResourceAsset;C:/pw/TemplateTool/build/windows-msvc-release/codegen/UIResourceAsset
-- [BuildQtModule]   Include Inst : include
-- [BuildQtModule]   Include Priv : src
-- [LinkTargetIncludeDirectories] UIResourceAssetLoader (PUBLIC)
-- [LinkTargetIncludeDirectories]   Build Interface  : C:/pw/TemplateTool/product/application/qt/UIAuxiliary/UIFoundation/UIResourceLoader/UIResourceCore/UIResourceAssetLoader/include;C:/pw/TemplateTool/build/windows-msvc-release/codegen/UIResourceAsset;C:/pw/TemplateTool/build/windows-msvc-release/codegen/UIResourceAsset
-- [LinkTargetIncludeDirectories]   Install Interface: include
-- [LinkTargetIncludeDirectories]   Private          : src
-- [BuildInstallModule] UIResourceAssetLoader
-- ====Start Build RC File Module====
-- Parse Args Results:
-- MODULE_NAME: UIResourceAssetLoader
-- FILE_DESCRIPTION: UIResourceAssetLoader Library
-- ***create rc file for: UIResourceAssetLoader***
-- 
-- ============================================================
-- [GenerateAppInfoFiles] Configuring app info file generation
-- ============================================================
--   Output File  : C:/pw/TemplateTool/build/windows-msvc-release/product/application/qt/UIAuxiliary/UIFoundation/UIResourceLoader/UIResourceCore/UIResourceAssetLoader/UIResourceAssetLoader_resource.rc
--   Template     : C:/pw/TemplateTool/product/framework/version/templates/app_resource.rc.in
--   Input JSON   : C:/pw/TemplateTool/build/windows-msvc-release/product/framework/version/version_meta.json
--   JSON Target  : generate_version_meta_8fa5974c
--   Target Name  : generate_UIResourceAssetLoader_resource_e882f4bf
--   Internal Name: UIResourceAssetLoader
--   Description  : UIResourceAssetLoader Library
--   Original Name: $<TARGET_FILE_NAME:UIResourceAssetLoader>
-- ------------------------------------------------------------
-- 
-- [BuildQtModule] UIResourceLoader (SHARED)
-- [BuildQtModule]   Sources      : src/UIResourceLoader.cpp
-- [BuildQtModule]   Headers      : include/UIResourceLoader/UIResourceLoaderExport.h;include/UIResourceLoader/UIResourceLoader.h
-- [BuildQtModule]   Header Base  : C:/pw/TemplateTool/product/application/qt/UIAuxiliary/UIFoundation/UIResourceLoader/UIResourceCore/UIResourceLoader/include
-- [BuildQtModule]   Link Private : CommonHeadFramework;ResourceLoader;LoggerUtils
-- [BuildQtModule]   Link Public  : Qt6::Widgets;Qt6::Qml;UIResourceColorLoader;UIResourceStringLoader;UIResourceFontLoader;UIResourceAssetLoader
-- [BuildQtModule]   Dependencies : 
-- [BuildQtModule]   Definitions  : UIResourceLoader_DLL
-- [BuildQtModule]   IDE Folder   : UI/UIAuxiliary/UIFoundation/ResourceLoader
-- [BuildQtModule]   Include Build: C:/pw/TemplateTool/product/application/qt/UIAuxiliary/UIFoundation/UIResourceLoader/UIResourceCore/UIResourceLoader/include;C:/pw/TemplateTool/build/windows-msvc-release/codegen/UIColorToken
-- [BuildQtModule]   Include Inst : include
-- [BuildQtModule]   Include Priv : src
-- [LinkTargetIncludeDirectories] UIResourceLoader (PUBLIC)
-- [LinkTargetIncludeDirectories]   Build Interface  : C:/pw/TemplateTool/product/application/qt/UIAuxiliary/UIFoundation/UIResourceLoader/UIResourceCore/UIResourceLoader/include;C:/pw/TemplateTool/build/windows-msvc-release/codegen/UIColorToken
-- [LinkTargetIncludeDirectories]   Install Interface: include
-- [LinkTargetIncludeDirectories]   Private          : src
-- [BuildInstallModule] UIResourceLoader
-- ====Start Build RC File Module====
-- Parse Args Results:
-- MODULE_NAME: UIResourceLoader
-- FILE_DESCRIPTION: UIResourceLoader Library
-- ***create rc file for: UIResourceLoader***
-- 
-- ============================================================
-- [GenerateAppInfoFiles] Configuring app info file generation
-- ============================================================
--   Output File  : C:/pw/TemplateTool/build/windows-msvc-release/product/application/qt/UIAuxiliary/UIFoundation/UIResourceLoader/UIResourceCore/UIResourceLoader/UIResourceLoader_resource.rc
--   Template     : C:/pw/TemplateTool/product/framework/version/templates/app_resource.rc.in
--   Input JSON   : C:/pw/TemplateTool/build/windows-msvc-release/product/framework/version/version_meta.json
--   JSON Target  : generate_version_meta_8fa5974c
--   Target Name  : generate_UIResourceLoader_resource_d7742a9e
--   Internal Name: UIResourceLoader
--   Description  : UIResourceLoader Library
--   Original Name: $<TARGET_FILE_NAME:UIResourceLoader>
-- ------------------------------------------------------------
-- GLOBAL_ASSET_THEME_FILES: C:/pw/TemplateTool/product/commonHead/commonHead/commonHeadManager/ResourceLoader/ResourceAssetLoader/resource/resource/themes/normal.json
-- [jinja_create_venv] requirements path: C:/pw/TemplateTool/product/codegen/template_render/requirements.txt
-- [jinja_create_venv] python3 path: C:/SoftWare/Python/Pyhon3/python.exe
-- [generate_from_template] pip path: C:/pw/TemplateTool/build/windows-msvc-release/jinja_venv/Scripts/pip.exe, python path: C:/pw/TemplateTool/build/windows-msvc-release/jinja_venv/Scripts/python.exe
-- [generate_from_template] render script path: C:/pw/TemplateTool/product/codegen/template_render/render_template.py
-- [generate_from_template] Generating 'C:/pw/TemplateTool/build/windows-msvc-release/codegen/UIResourceAsset/UIAssetResource_normal.qrc' from template 'C:/pw/TemplateTool/product/application/qt/UIAuxiliary/UIFoundation/UIResourceLoader/UIResourceCore/UIResourceAssetRCC/templates/UIAssetResource.qrc.j2' using input 'C:/pw/TemplateTool/product/commonHead/commonHead/commonHeadManager/ResourceLoader/ResourceAssetLoader/resource/resource/themes/normal.json'
-- [generate_from_template] render extra param: base_dir=C:/pw/TemplateTool/product/commonHead/commonHead/commonHeadManager/ResourceLoader/ResourceAssetLoader/resource/resource
-- generate coden target:generate_UIAssetResource_normal.qrc for C:/pw/TemplateTool/build/windows-msvc-release/codegen/UIResourceAsset/UIAssetResource_normal.qrc
-- 
-- [BuildQtModule] UIResourceLoaderManager (SHARED)
-- [BuildQtModule]   Sources      : src/LoggerDefine.h;src/UIResourceLoaderManager.h;src/UIResourceLoaderManager.cpp
-- [BuildQtModule]   Headers      : include/UIResourceLoaderManager/UIResourceLoaderManagerExport.h;include/UIResourceLoaderManager/IUIResourceLoaderManager.h
-- [BuildQtModule]   Header Base  : C:/pw/TemplateTool/product/application/qt/UIAuxiliary/UIFoundation/UIResourceLoader/UIResourceService/UIResourceLoaderManager/include
-- [BuildQtModule]   Link Private : UICore;ResourceLoader;CommonHeadFramework;LoggerUtils
-- [BuildQtModule]   Link Public  : Qt6::Widgets;Qt6::Qml;UIResourceLoader
-- [BuildQtModule]   Dependencies : 
-- [BuildQtModule]   Definitions  : UIResourceLoaderManager_DLL
-- [BuildQtModule]   IDE Folder   : UI/UIAuxiliary/UIFoundation/ResourceLoader
-- [BuildQtModule]   Include Build: C:/pw/TemplateTool/product/application/qt/UIAuxiliary/UIFoundation/UIResourceLoader/UIResourceService/UIResourceLoaderManager/include
-- [BuildQtModule]   Include Inst : include
-- [BuildQtModule]   Include Priv : src
-- [LinkTargetIncludeDirectories] UIResourceLoaderManager (PUBLIC)
-- [LinkTargetIncludeDirectories]   Build Interface  : C:/pw/TemplateTool/product/application/qt/UIAuxiliary/UIFoundation/UIResourceLoader/UIResourceService/UIResourceLoaderManager/include
-- [LinkTargetIncludeDirectories]   Install Interface: include
-- [LinkTargetIncludeDirectories]   Private          : src
-- [BuildInstallModule] UIResourceLoaderManager
-- ====Start Build RC File Module====
-- Parse Args Results:
-- MODULE_NAME: UIResourceLoaderManager
-- FILE_DESCRIPTION: UIResourceLoaderManager Library
-- ***create rc file for: UIResourceLoaderManager***
-- 
-- ============================================================
-- [GenerateAppInfoFiles] Configuring app info file generation
-- ============================================================
--   Output File  : C:/pw/TemplateTool/build/windows-msvc-release/product/application/qt/UIAuxiliary/UIFoundation/UIResourceLoader/UIResourceService/UIResourceLoaderManager/UIResourceLoaderManager_resource.rc
--   Template     : C:/pw/TemplateTool/product/framework/version/templates/app_resource.rc.in
--   Input JSON   : C:/pw/TemplateTool/build/windows-msvc-release/product/framework/version/version_meta.json
--   JSON Target  : generate_version_meta_8fa5974c
--   Target Name  : generate_UIResourceLoaderManager_resource_e1c932ff
--   Internal Name: UIResourceLoaderManager
--   Description  : UIResourceLoaderManager Library
--   Original Name: $<TARGET_FILE_NAME:UIResourceLoaderManager>
-- ------------------------------------------------------------
-- [I18N] Using external code dir: C:/pw/TemplateTool/product/application/qt
-- [I18N] Using external translation dir: C:/pw/TemplateTool/product/application/qt/resource/translations
-- [I18N] Will normalize .ts paths after lupdate (Python3: C:/SoftWare/Python/Pyhon3/python.exe)
-- 
-- [BuildInterface] UIUtilitiesCommonFile
-- [BuildInterface]   Headers      : include/UIUtilities/UIUtilitiesCommonFile/UIUtilitiesExport.h
-- [BuildInterface]   Header Base  : C:/pw/TemplateTool/product/application/qt/UIAuxiliary/UIFoundation/UIUtilities/common_file/include
-- [BuildInterface]   Link Public  : 
-- [BuildInterface]   Dependencies : 
-- [BuildInterface]   IDE Folder   : UI
-- [BuildInterface]   Include Build: C:/pw/TemplateTool/product/application/qt/UIAuxiliary/UIFoundation/UIUtilities/common_file/include
-- [BuildInterface]   Include Inst : include
-- [LinkTargetIncludeDirectories] UIUtilitiesCommonFile (INTERFACE)
-- [LinkTargetIncludeDirectories]   Build Interface  : C:/pw/TemplateTool/product/application/qt/UIAuxiliary/UIFoundation/UIUtilities/common_file/include
-- [LinkTargetIncludeDirectories]   Install Interface: include
-- [LinkTargetIncludeDirectories]   Private          : 
-- [BuildInstallModule] UIUtilitiesCommonFile
-- 
-- [BuildQtModule] UIPlatformUtils (SHARED)
-- [BuildQtModule]   Sources      : src/LoggerDefine.h;src/UIPlatformUtils.cpp
-- [BuildQtModule]   Headers      : include/UIUtilities/UIPlatformUtils.h
-- [BuildQtModule]   Header Base  : C:/pw/TemplateTool/product/application/qt/UIAuxiliary/UIFoundation/UIUtilities/UIPlatformUtils/include
-- [BuildQtModule]   Link Private : UIManager;UICore;ViewModels;LoggerUtils
-- [BuildQtModule]   Link Public  : UIUtilitiesCommonFile;Qt6::Widgets;Qt6::Qml
-- [BuildQtModule]   Dependencies : 
-- [BuildQtModule]   Definitions  : UIUtilities_DLL
-- [BuildQtModule]   IDE Folder   : UI/UIAuxiliary/UIFoundation/UIUtilities
-- [BuildQtModule]   Include Build: C:/pw/TemplateTool/product/application/qt/UIAuxiliary/UIFoundation/UIUtilities/UIPlatformUtils/include
-- [BuildQtModule]   Include Inst : include
-- [BuildQtModule]   Include Priv : src
-- [LinkTargetIncludeDirectories] UIPlatformUtils (PUBLIC)
-- [LinkTargetIncludeDirectories]   Build Interface  : C:/pw/TemplateTool/product/application/qt/UIAuxiliary/UIFoundation/UIUtilities/UIPlatformUtils/include
-- [LinkTargetIncludeDirectories]   Install Interface: include
-- [LinkTargetIncludeDirectories]   Private          : src
-- [BuildInstallModule] UIPlatformUtils
-- ====Start Build RC File Module====
-- Parse Args Results:
-- MODULE_NAME: UIPlatformUtils
-- FILE_DESCRIPTION: UIPlatformUtils Library
-- ***create rc file for: UIPlatformUtils***
-- 
-- ============================================================
-- [GenerateAppInfoFiles] Configuring app info file generation
-- ============================================================
--   Output File  : C:/pw/TemplateTool/build/windows-msvc-release/product/application/qt/UIAuxiliary/UIFoundation/UIUtilities/UIPlatformUtils/UIPlatformUtils_resource.rc
--   Template     : C:/pw/TemplateTool/product/framework/version/templates/app_resource.rc.in
--   Input JSON   : C:/pw/TemplateTool/build/windows-msvc-release/product/framework/version/version_meta.json
--   JSON Target  : generate_version_meta_8fa5974c
--   Target Name  : generate_UIPlatformUtils_resource_83c7b2da
--   Internal Name: UIPlatformUtils
--   Description  : UIPlatformUtils Library
--   Original Name: $<TARGET_FILE_NAME:UIPlatformUtils>
-- ------------------------------------------------------------
-- 
-- [BuildQtModule] UISingleInstance (SHARED)
-- [BuildQtModule]   Sources      : src/UISingleInstanceChecker.cpp
-- [BuildQtModule]   Headers      : include/UISingleInstance/UISingleInstanceChecker.h
-- [BuildQtModule]   Header Base  : C:/pw/TemplateTool/product/application/qt/UIAuxiliary/UIFoundation/UIUtilities/UISingleInstance/include
-- [BuildQtModule]   Link Private : Qt6::Core
-- [BuildQtModule]   Link Public  : UIUtilitiesCommonFile
-- [BuildQtModule]   Dependencies : 
-- [BuildQtModule]   Definitions  : UIUtilities_DLL
-- [BuildQtModule]   IDE Folder   : UI/UIAuxiliary/UIFoundation/UIUtilities
-- [BuildQtModule]   Include Build: C:/pw/TemplateTool/product/application/qt/UIAuxiliary/UIFoundation/UIUtilities/UISingleInstance/include
-- [BuildQtModule]   Include Inst : include
-- [BuildQtModule]   Include Priv : src
-- [LinkTargetIncludeDirectories] UISingleInstance (PUBLIC)
-- [LinkTargetIncludeDirectories]   Build Interface  : C:/pw/TemplateTool/product/application/qt/UIAuxiliary/UIFoundation/UIUtilities/UISingleInstance/include
-- [LinkTargetIncludeDirectories]   Install Interface: include
-- [LinkTargetIncludeDirectories]   Private          : src
-- [BuildInstallModule] UISingleInstance
-- ====Start Build RC File Module====
-- Parse Args Results:
-- MODULE_NAME: UISingleInstance
-- FILE_DESCRIPTION: UISingleInstance Library
-- ***create rc file for: UISingleInstance***
-- 
-- ============================================================
-- [GenerateAppInfoFiles] Configuring app info file generation
-- ============================================================
--   Output File  : C:/pw/TemplateTool/build/windows-msvc-release/product/application/qt/UIAuxiliary/UIFoundation/UIUtilities/UISingleInstance/UISingleInstance_resource.rc
--   Template     : C:/pw/TemplateTool/product/framework/version/templates/app_resource.rc.in
--   Input JSON   : C:/pw/TemplateTool/build/windows-msvc-release/product/framework/version/version_meta.json
--   JSON Target  : generate_version_meta_8fa5974c
--   Target Name  : generate_UISingleInstance_resource_3700a43a
--   Internal Name: UISingleInstance
--   Description  : UISingleInstance Library
--   Original Name: $<TARGET_FILE_NAME:UISingleInstance>
-- ------------------------------------------------------------
-- 
-- [BuildQtModule] UIIPCChannel (SHARED)
-- [BuildQtModule]   Sources      : src/UIIPCClient.cpp;src/UIIPCServer.cpp;src/LoggerDefine.h
-- [BuildQtModule]   Headers      : include/UIIPCChannel/UIIPCClient.h;include/UIIPCChannel/UIIPCServer.h
-- [BuildQtModule]   Header Base  : C:/pw/TemplateTool/product/application/qt/UIAuxiliary/UIFoundation/UIUtilities/UIIPCChannel/include
-- [BuildQtModule]   Link Private : Qt6::Core;Qt6::Network;LoggerUtils
-- [BuildQtModule]   Link Public  : UIUtilitiesCommonFile
-- [BuildQtModule]   Dependencies : 
-- [BuildQtModule]   Definitions  : UIUtilities_DLL
-- [BuildQtModule]   IDE Folder   : UI/UIAuxiliary/UIFoundation/UIUtilities
-- [BuildQtModule]   Include Build: C:/pw/TemplateTool/product/application/qt/UIAuxiliary/UIFoundation/UIUtilities/UIIPCChannel/include
-- [BuildQtModule]   Include Inst : include
-- [BuildQtModule]   Include Priv : src
-- [LinkTargetIncludeDirectories] UIIPCChannel (PUBLIC)
-- [LinkTargetIncludeDirectories]   Build Interface  : C:/pw/TemplateTool/product/application/qt/UIAuxiliary/UIFoundation/UIUtilities/UIIPCChannel/include
-- [LinkTargetIncludeDirectories]   Install Interface: include
-- [LinkTargetIncludeDirectories]   Private          : src
-- [BuildInstallModule] UIIPCChannel
-- ====Start Build RC File Module====
-- Parse Args Results:
-- MODULE_NAME: UIIPCChannel
-- FILE_DESCRIPTION: UIIPCChannel Library
-- ***create rc file for: UIIPCChannel***
-- 
-- ============================================================
-- [GenerateAppInfoFiles] Configuring app info file generation
-- ============================================================
--   Output File  : C:/pw/TemplateTool/build/windows-msvc-release/product/application/qt/UIAuxiliary/UIFoundation/UIUtilities/UIIPCChannel/UIIPCChannel_resource.rc
--   Template     : C:/pw/TemplateTool/product/framework/version/templates/app_resource.rc.in
--   Input JSON   : C:/pw/TemplateTool/build/windows-msvc-release/product/framework/version/version_meta.json
--   JSON Target  : generate_version_meta_8fa5974c
--   Target Name  : generate_UIIPCChannel_resource_c66315f1
--   Internal Name: UIIPCChannel
--   Description  : UIIPCChannel Library
--   Original Name: $<TARGET_FILE_NAME:UIIPCChannel>
-- ------------------------------------------------------------
-- 
-- [BuildQtModule] UIAppCore (SHARED)
-- [BuildQtModule]   Sources      : src/UIApplication.cpp;src/UIQmlEngine.cpp;src/UIController.cpp
-- [BuildQtModule]   Headers      : include/UIAppCore/UIAppCoreExport.h;include/UIAppCore/UIApplication.h;include/UIAppCore/UIQmlEngine.h;include/UIAppCore/UIController.h
-- [BuildQtModule]   Header Base  : C:/pw/TemplateTool/product/application/qt/UIAuxiliary/UIBusiness/UIAppCore/include
-- [BuildQtModule]   Link Private : 
-- [BuildQtModule]   Link Public  : UICore
-- [BuildQtModule]   Dependencies : 
-- [BuildQtModule]   Definitions  : UIAppCore_DLL
-- [BuildQtModule]   IDE Folder   : UI/UIAuxiliary/UIFoundation/UIBusiness
-- [BuildQtModule]   Include Build: C:/pw/TemplateTool/product/application/qt/UIAuxiliary/UIBusiness/UIAppCore/include
-- [BuildQtModule]   Include Inst : include
-- [BuildQtModule]   Include Priv : src
-- [LinkTargetIncludeDirectories] UIAppCore (PUBLIC)
-- [LinkTargetIncludeDirectories]   Build Interface  : C:/pw/TemplateTool/product/application/qt/UIAuxiliary/UIBusiness/UIAppCore/include
-- [LinkTargetIncludeDirectories]   Install Interface: include
-- [LinkTargetIncludeDirectories]   Private          : src
-- [BuildInstallModule] UIAppCore
-- ====Start Build RC File Module====
-- Parse Args Results:
-- MODULE_NAME: UIAppCore
-- FILE_DESCRIPTION: UIAppCore Library
-- ***create rc file for: UIAppCore***
-- 
-- ============================================================
-- [GenerateAppInfoFiles] Configuring app info file generation
-- ============================================================
--   Output File  : C:/pw/TemplateTool/build/windows-msvc-release/product/application/qt/UIAuxiliary/UIBusiness/UIAppCore/UIAppCore_resource.rc
--   Template     : C:/pw/TemplateTool/product/framework/version/templates/app_resource.rc.in
--   Input JSON   : C:/pw/TemplateTool/build/windows-msvc-release/product/framework/version/version_meta.json
--   JSON Target  : generate_version_meta_8fa5974c
--   Target Name  : generate_UIAppCore_resource_e9e8ed3f
--   Internal Name: UIAppCore
--   Description  : UIAppCore Library
--   Original Name: $<TARGET_FILE_NAME:UIAppCore>
-- ------------------------------------------------------------
-- 
-- [BuildQtModule] UIFabrication (SHARED)
-- [BuildQtModule]   Sources      : src/LoggerDefine.h;src/UIViewFactory.h;src/UIViewFactory.cpp
-- [BuildQtModule]   Headers      : include/UIFabrication/UIFabricationExport.h;include/UIFabrication/IUIViewFactory.h
-- [BuildQtModule]   Header Base  : C:/pw/TemplateTool/product/application/qt/UIAuxiliary/UIBusiness/UIFabrication/include
-- [BuildQtModule]   Link Private : UIAppCore;CommonHeadFramework;ViewModels;ViewModelFactory;LoggerUtils
-- [BuildQtModule]   Link Public  : Qt6::Gui;Qt6::Quick;Qt6::Widgets
-- [BuildQtModule]   Dependencies : 
-- [BuildQtModule]   Definitions  : UIFabrication_DLL
-- [BuildQtModule]   IDE Folder   : UI/UIAuxiliary/UIFoundation/UIBusiness
-- [BuildQtModule]   Include Build: C:/pw/TemplateTool/product/application/qt/UIAuxiliary/UIBusiness/UIFabrication/include
-- [BuildQtModule]   Include Inst : include
-- [BuildQtModule]   Include Priv : src
-- [LinkTargetIncludeDirectories] UIFabrication (PUBLIC)
-- [LinkTargetIncludeDirectories]   Build Interface  : C:/pw/TemplateTool/product/application/qt/UIAuxiliary/UIBusiness/UIFabrication/include
-- [LinkTargetIncludeDirectories]   Install Interface: include
-- [LinkTargetIncludeDirectories]   Private          : src
-- [BuildInstallModule] UIFabrication
-- ====Start Build RC File Module====
-- Parse Args Results:
-- MODULE_NAME: UIFabrication
-- FILE_DESCRIPTION: UIFabrication Library
-- ***create rc file for: UIFabrication***
-- 
-- ============================================================
-- [GenerateAppInfoFiles] Configuring app info file generation
-- ============================================================
--   Output File  : C:/pw/TemplateTool/build/windows-msvc-release/product/application/qt/UIAuxiliary/UIBusiness/UIFabrication/UIFabrication_resource.rc
--   Template     : C:/pw/TemplateTool/product/framework/version/templates/app_resource.rc.in
--   Input JSON   : C:/pw/TemplateTool/build/windows-msvc-release/product/framework/version/version_meta.json
--   JSON Target  : generate_version_meta_8fa5974c
--   Target Name  : generate_UIFabrication_resource_9285be6b
--   Internal Name: UIFabrication
--   Description  : UIFabrication Library
--   Original Name: $<TARGET_FILE_NAME:UIFabrication>
-- ------------------------------------------------------------
-- 
-- [BuildQtModule] UIEventBus (SHARED)
-- [BuildQtModule]   Sources      : src/UIEventBus.h;src/UIEventBus.cpp
-- [BuildQtModule]   Headers      : include/UIEventBus/UIEventBusExport.h;include/UIEventBus/UIEvent.h;include/UIEventBus/IUIEventBus.h
-- [BuildQtModule]   Header Base  : C:/pw/TemplateTool/product/application/qt/UIAuxiliary/UIBusiness/UIManager/UIEventBus/include
-- [BuildQtModule]   Link Private : 
-- [BuildQtModule]   Link Public  : Qt6::Widgets
-- [BuildQtModule]   Dependencies : 
-- [BuildQtModule]   Definitions  : UIEventBus_DLL
-- [BuildQtModule]   IDE Folder   : UI/UIAuxiliary/UIFoundation/UIBusiness
-- [BuildQtModule]   Include Build: C:/pw/TemplateTool/product/application/qt/UIAuxiliary/UIBusiness/UIManager/UIEventBus/include
-- [BuildQtModule]   Include Inst : include
-- [BuildQtModule]   Include Priv : .
-- [LinkTargetIncludeDirectories] UIEventBus (PUBLIC)
-- [LinkTargetIncludeDirectories]   Build Interface  : C:/pw/TemplateTool/product/application/qt/UIAuxiliary/UIBusiness/UIManager/UIEventBus/include
-- [LinkTargetIncludeDirectories]   Install Interface: include
-- [LinkTargetIncludeDirectories]   Private          : .
-- [BuildInstallModule] UIEventBus
-- ====Start Build RC File Module====
-- Parse Args Results:
-- MODULE_NAME: UIEventBus
-- FILE_DESCRIPTION: UIEventBus Library
-- ***create rc file for: UIEventBus***
-- 
-- ============================================================
-- [GenerateAppInfoFiles] Configuring app info file generation
-- ============================================================
--   Output File  : C:/pw/TemplateTool/build/windows-msvc-release/product/application/qt/UIAuxiliary/UIBusiness/UIManager/UIEventBus/UIEventBus_resource.rc
--   Template     : C:/pw/TemplateTool/product/framework/version/templates/app_resource.rc.in
--   Input JSON   : C:/pw/TemplateTool/build/windows-msvc-release/product/framework/version/version_meta.json
--   JSON Target  : generate_version_meta_8fa5974c
--   Target Name  : generate_UIEventBus_resource_ee07fbf8
--   Internal Name: UIEventBus
--   Description  : UIEventBus Library
--   Original Name: $<TARGET_FILE_NAME:UIEventBus>
-- ------------------------------------------------------------
-- 
-- [BuildQtModule] TranslatorManager (SHARED)
-- [BuildQtModule]   Sources      : src/LoggerDefine.h;src/TranslatorManager.h;src/TranslatorManager.cpp;src/UILanguage.cpp
-- [BuildQtModule]   Headers      : include/TranslatorManager/TranslatorManagerExport.h;include/TranslatorManager/UILanguage.h;include/TranslatorManager/ITranslatorManager.h
-- [BuildQtModule]   Header Base  : C:/pw/TemplateTool/product/application/qt/UIAuxiliary/UIBusiness/UIManager/TranslatorManager/include
-- [BuildQtModule]   Link Private : UIAppCore;CommonHeadFramework;ViewModels;LoggerUtils
-- [BuildQtModule]   Link Public  : Qt6::Widgets;Qt6::Qml
-- [BuildQtModule]   Dependencies : 
-- [BuildQtModule]   Definitions  : TranslatorManager_DLL
-- [BuildQtModule]   IDE Folder   : UI/UIAuxiliary/UIFoundation/UIBusiness
-- [BuildQtModule]   Include Build: C:/pw/TemplateTool/product/application/qt/UIAuxiliary/UIBusiness/UIManager/TranslatorManager/include
-- [BuildQtModule]   Include Inst : include
-- [BuildQtModule]   Include Priv : .
-- [LinkTargetIncludeDirectories] TranslatorManager (PUBLIC)
-- [LinkTargetIncludeDirectories]   Build Interface  : C:/pw/TemplateTool/product/application/qt/UIAuxiliary/UIBusiness/UIManager/TranslatorManager/include
-- [LinkTargetIncludeDirectories]   Install Interface: include
-- [LinkTargetIncludeDirectories]   Private          : .
-- [BuildInstallModule] TranslatorManager
-- ====Start Build RC File Module====
-- Parse Args Results:
-- MODULE_NAME: TranslatorManager
-- FILE_DESCRIPTION: TranslatorManager Library
-- ***create rc file for: TranslatorManager***
-- 
-- ============================================================
-- [GenerateAppInfoFiles] Configuring app info file generation
-- ============================================================
--   Output File  : C:/pw/TemplateTool/build/windows-msvc-release/product/application/qt/UIAuxiliary/UIBusiness/UIManager/TranslatorManager/TranslatorManager_resource.rc
--   Template     : C:/pw/TemplateTool/product/framework/version/templates/app_resource.rc.in
--   Input JSON   : C:/pw/TemplateTool/build/windows-msvc-release/product/framework/version/version_meta.json
--   JSON Target  : generate_version_meta_8fa5974c
--   Target Name  : generate_TranslatorManager_resource_540e955b
--   Internal Name: TranslatorManager
--   Description  : TranslatorManager Library
--   Original Name: $<TARGET_FILE_NAME:TranslatorManager>
-- ------------------------------------------------------------
-- 
-- [BuildQtModule] UIManager (SHARED)
-- [BuildQtModule]   Sources      : src/LoggerDefine.h;src/UIManagerProvider.h;src/UIManagerProvider.cpp
-- [BuildQtModule]   Headers      : include/UIManager/UIManagerExport.h;include/UIManager/IUIManagerProvider.h
-- [BuildQtModule]   Header Base  : C:/pw/TemplateTool/product/application/qt/UIAuxiliary/UIBusiness/UIManager/UIManagerProvider/include
-- [BuildQtModule]   Link Private : UIAppCore;CommonHeadFramework;LoggerUtils
-- [BuildQtModule]   Link Public  : Qt6::Widgets;UIEventBus;TranslatorManager;UIResourceLoaderManager
-- [BuildQtModule]   Dependencies : 
-- [BuildQtModule]   Definitions  : UIManager_DLL
-- [BuildQtModule]   IDE Folder   : UI/UIAuxiliary/UIFoundation/UIBusiness
-- [BuildQtModule]   Include Build: C:/pw/TemplateTool/product/application/qt/UIAuxiliary/UIBusiness/UIManager/UIManagerProvider/include
-- [BuildQtModule]   Include Inst : include
-- [BuildQtModule]   Include Priv : .
-- [LinkTargetIncludeDirectories] UIManager (PUBLIC)
-- [LinkTargetIncludeDirectories]   Build Interface  : C:/pw/TemplateTool/product/application/qt/UIAuxiliary/UIBusiness/UIManager/UIManagerProvider/include
-- [LinkTargetIncludeDirectories]   Install Interface: include
-- [LinkTargetIncludeDirectories]   Private          : .
-- [BuildInstallModule] UIManager
-- ====Start Build RC File Module====
-- Parse Args Results:
-- MODULE_NAME: UIManager
-- FILE_DESCRIPTION: UIManager Library
-- ***create rc file for: UIManager***
-- 
-- ============================================================
-- [GenerateAppInfoFiles] Configuring app info file generation
-- ============================================================
--   Output File  : C:/pw/TemplateTool/build/windows-msvc-release/product/application/qt/UIAuxiliary/UIBusiness/UIManager/UIManagerProvider/UIManager_resource.rc
--   Template     : C:/pw/TemplateTool/product/framework/version/templates/app_resource.rc.in
--   Input JSON   : C:/pw/TemplateTool/build/windows-msvc-release/product/framework/version/version_meta.json
--   JSON Target  : generate_version_meta_8fa5974c
--   Target Name  : generate_UIManager_resource_6c2caf96
--   Internal Name: UIManager
--   Description  : UIManager Library
--   Original Name: $<TARGET_FILE_NAME:UIManager>
-- ------------------------------------------------------------
-- 
-- [BuildQtModule] AppContext (SHARED)
-- [BuildQtModule]   Sources      : src/LoggerDefine.h;src/AppContext.cpp
-- [BuildQtModule]   Headers      : include/AppContext/AppContextExport.h;include/AppContext/AppContext.h
-- [BuildQtModule]   Header Base  : C:/pw/TemplateTool/product/application/qt/UIAuxiliary/UIBusiness/AppContext/include
-- [BuildQtModule]   Link Private : Qt6::Quick;LoggerUtils
-- [BuildQtModule]   Link Public  : UIAppCore;UIFabrication;UIManager;ViewModelFactory
-- [BuildQtModule]   Dependencies : 
-- [BuildQtModule]   Definitions  : AppContext_DLL
-- [BuildQtModule]   IDE Folder   : UI/UIAuxiliary/UIFoundation/UIBusiness
-- [BuildQtModule]   Include Build: C:/pw/TemplateTool/product/application/qt/UIAuxiliary/UIBusiness/AppContext/include
-- [BuildQtModule]   Include Inst : include
-- [BuildQtModule]   Include Priv : src
-- [LinkTargetIncludeDirectories] AppContext (PUBLIC)
-- [LinkTargetIncludeDirectories]   Build Interface  : C:/pw/TemplateTool/product/application/qt/UIAuxiliary/UIBusiness/AppContext/include
-- [LinkTargetIncludeDirectories]   Install Interface: include
-- [LinkTargetIncludeDirectories]   Private          : src
-- [BuildInstallModule] AppContext
-- ====Start Build RC File Module====
-- Parse Args Results:
-- MODULE_NAME: AppContext
-- FILE_DESCRIPTION: AppContext Library
-- ***create rc file for: AppContext***
-- 
-- ============================================================
-- [GenerateAppInfoFiles] Configuring app info file generation
-- ============================================================
--   Output File  : C:/pw/TemplateTool/build/windows-msvc-release/product/application/qt/UIAuxiliary/UIBusiness/AppContext/AppContext_resource.rc
--   Template     : C:/pw/TemplateTool/product/framework/version/templates/app_resource.rc.in
--   Input JSON   : C:/pw/TemplateTool/build/windows-msvc-release/product/framework/version/version_meta.json
--   JSON Target  : generate_version_meta_8fa5974c
--   Target Name  : generate_AppContext_resource_74f18ac1
--   Internal Name: AppContext
--   Description  : AppContext Library
--   Original Name: $<TARGET_FILE_NAME:AppContext>
-- ------------------------------------------------------------
-- 
-- [BuildQtModule] UIComponentBase (SHARED)
-- [BuildQtModule]   QML URI: UIComponentBase
-- [BuildQtModule]   Sources      : src/LoggerDefine.h;src/UIComponentBase.cpp;BaseFocusItem/KeyboardFocusTracker.h;BaseFocusItem/KeyboardFocusTracker.cpp;BaseQRCode/QRCodeGenerator.cpp
-- [BuildQtModule]   Headers      : include/UIComponentBase/UIComponentBaseExport.h;include/UIComponentBase/UIComponentBase.h;BaseQRCode/QRCodeGenerator.h
-- [BuildQtModule]   Header Base  : C:/pw/TemplateTool/product/application/qt/UIComponent/UIComponentBase
-- [BuildQtModule]   Link Private : Qt6::Gui;Qt6::Quick;LoggerUtils;QRCodeUtils
-- [BuildQtModule]   Link Public  : 
-- [BuildQtModule]   Dependencies : 
-- [BuildQtModule]   Definitions  : UIComponentBase_DLL
-- [BuildQtModule]   IDE Folder   : UI/UIComponent/UIComponentBase
-- [BuildQtModule]   Include Build: C:/pw/TemplateTool/product/application/qt/UIComponent/UIComponentBase/include
-- [BuildQtModule]   Include Inst : include
-- [BuildQtModule]   Include Priv : src
-- [BuildQtModule]   QML Files    : BaseButton/BaseButton.qml;BaseCheckBox/BaseCheckBox.qml;BaseComboBox/BaseComboBox.qml;BaseFocusItem/BaseFocusItem.qml;BaseLabel/BaseLabel.qml;BaseQRCode/BaseQRCode.qml;BaseImage/BaseIconImage.qml;BaseTabBar/BaseTabBar.qml;BaseTabButton/BaseTabButton.qml;BaseText/BaseText.qml;BaseFolderView/BaseFolderView.qml;BaseScrollBar/BaseScrollBar.qml;BaseSpinBox/BaseSpinBox.qml;BaseSwitch/BaseSwitch.qml;BaseTextArea/BaseTextArea.qml;BaseTimePicker/BaseTimePicker.qml;BaseDatePicker/BaseDatePicker.qml;BaseWheelColumn/BaseWheelColumn.qml;BaseGroupBox/BaseGroupBox.qml;BaseToolButton/BaseToolButton.qml;BaseToolTip/BaseToolTip.qml;BaseTreeView/BaseTreeView.qml;BaseTreeViewDelegate/BaseTreeViewDelegate.qml;BaseListView/BaseListView.qml;BaseGridView/BaseGridView.qml;BaseTextField/BaseTextField.qml;BaseMenu/BaseMenu.qml;BaseMenu/BaseMenuItem.qml;BaseMenu/BaseMenuSeparator.qml;BasePopup/BasePopup.qml;BaseScrollView/BaseScrollView.qml;BaseSlider/BaseSlider.qml;BaseProgressBar/BaseProgressBar.qml;BaseBusyIndicator/BaseBusyIndicator.qml
-- [BuildQtModule]   QML Sources  : 
-- [BuildQtModule]   QML Res Dir  : 
-- [BuildQtModule]   QML Resources: 
-- [LinkTargetIncludeDirectories] UIComponentBase (PUBLIC)
-- [LinkTargetIncludeDirectories]   Build Interface  : C:/pw/TemplateTool/product/application/qt/UIComponent/UIComponentBase/include
-- [LinkTargetIncludeDirectories]   Install Interface: include
-- [LinkTargetIncludeDirectories]   Private          : src
-- [BuildInstallModule] UIComponentBase
-- ====Start Build RC File Module====
-- Parse Args Results:
-- MODULE_NAME: UIComponentBase
-- FILE_DESCRIPTION: UIComponentBase Library
-- ***create rc file for: UIComponentBase***
-- 
-- ============================================================
-- [GenerateAppInfoFiles] Configuring app info file generation
-- ============================================================
--   Output File  : C:/pw/TemplateTool/build/windows-msvc-release/product/application/qt/UIComponent/UIComponentBase/UIComponentBase_resource.rc
--   Template     : C:/pw/TemplateTool/product/framework/version/templates/app_resource.rc.in
--   Input JSON   : C:/pw/TemplateTool/build/windows-msvc-release/product/framework/version/version_meta.json
--   JSON Target  : generate_version_meta_8fa5974c
--   Target Name  : generate_UIComponentBase_resource_450c84f1
--   Internal Name: UIComponentBase
--   Description  : UIComponentBase Library
--   Original Name: $<TARGET_FILE_NAME:UIComponentBase>
-- ------------------------------------------------------------
-- 
-- [BuildQtModule] UTComponent (SHARED)
-- [BuildQtModule]   QML URI: UTComponent
-- [BuildQtModule]   Sources      : src/LoggerDefine.h;src/UTComponent.cpp;UTQRCode/UTQRCodeLevel.cpp
-- [BuildQtModule]   Headers      : include/UTComponent/UTComponentExport.h;include/UTComponent/UTComponent.h;UTQRCode/UTQRCodeLevel.h
-- [BuildQtModule]   Header Base  : C:/pw/TemplateTool/product/application/qt/UIComponent/UTComponent
-- [BuildQtModule]   Link Private : Qt6::Gui;Qt6::Quick;LoggerUtils;UIResourceLoader;UIComponentBase
-- [BuildQtModule]   Link Public  : 
-- [BuildQtModule]   Dependencies : 
-- [BuildQtModule]   Definitions  : UTCOMPONENT_DLL
-- [BuildQtModule]   IDE Folder   : UI/UIComponent/UTComponent
-- [BuildQtModule]   Include Build: C:/pw/TemplateTool/product/application/qt/UIComponent/UTComponent/include
-- [BuildQtModule]   Include Inst : include
-- [BuildQtModule]   Include Priv : src
-- [BuildQtModule]   QML Files    : UTWindow/UTDialog.qml;UTWindow/UTWindow.qml;UTWindow/UTTest.qml;UTMenu/UTMenu.qml;UTMenu/UTMenuItem.qml;UTMenu/UTMenuSeparator.qml;UTMenu/UTDynamicMenu.qml;UTButton/UTButton.qml;UTButton/UTImageButton.qml;UTCheckBox/UTCheckBox.qml;UTComboBox/UTComboBox.qml;UTFocusItem/UTFocusItem.qml;UTComponentUtil/UTComponentUtil.js;UTQRCode/UTQRCode.qml;UTImage/UTIconImage.qml;UTLabel/UTLabel.qml;UTTabBar/UTTabBar.qml;UTTabButton/UTTabButton.qml;UTScrollBar/UTScrollBar.qml;UTSpinBox/UTSpinBox.qml;UTSwitch/UTSwitch.qml;UTTextArea/UTTextArea.qml;UTTimePicker/UTTimePicker.qml;UTDatePicker/UTDatePicker.qml;UTDateWheelPicker/UTDateWheelPicker.qml;UTWheelColumn/UTWheelColumn.qml;UTGroupBox/UTGroupBox.qml;UTText/UTText.qml;UTToolButton/UTToolButton.qml;UTToolTip/UTToolTip.qml;UTTreeView/UTTreeView.qml;UTTreeViewDelegate/UTTreeViewDelegate.qml;UTListView/UTListView.qml;UTGridView/UTGridView.qml;UTTextField/UTTextField.qml;UTPopup/UTPopup.qml;UTScrollView/UTScrollView.qml;UTSlider/UTSlider.qml;UTProgressBar/UTProgressBar.qml;UTBusyIndicator/UTBusyIndicator.qml
-- [BuildQtModule]   QML Sources  : 
-- [BuildQtModule]   QML Res Dir  : 
-- [BuildQtModule]   QML Resources: 
-- [LinkTargetIncludeDirectories] UTComponent (PUBLIC)
-- [LinkTargetIncludeDirectories]   Build Interface  : C:/pw/TemplateTool/product/application/qt/UIComponent/UTComponent/include
-- [LinkTargetIncludeDirectories]   Install Interface: include
-- [LinkTargetIncludeDirectories]   Private          : src
-- [BuildInstallModule] UTComponent
-- ====Start Build RC File Module====
-- Parse Args Results:
-- MODULE_NAME: UTComponent
-- FILE_DESCRIPTION: UTComponent Library
-- ***create rc file for: UTComponent***
-- 
-- ============================================================
-- [GenerateAppInfoFiles] Configuring app info file generation
-- ============================================================
--   Output File  : C:/pw/TemplateTool/build/windows-msvc-release/product/application/qt/UIComponent/UTComponent/UTComponent_resource.rc
--   Template     : C:/pw/TemplateTool/product/framework/version/templates/app_resource.rc.in
--   Input JSON   : C:/pw/TemplateTool/build/windows-msvc-release/product/framework/version/version_meta.json
--   JSON Target  : generate_version_meta_8fa5974c
--   Target Name  : generate_UTComponent_resource_05a404b1
--   Internal Name: UTComponent
--   Description  : UTComponent Library
--   Original Name: $<TARGET_FILE_NAME:UTComponent>
-- ------------------------------------------------------------
-- 
-- [BuildQtModule] UTComposite (SHARED)
-- [BuildQtModule]   QML URI: UTComposite
-- [BuildQtModule]   Sources      : src/LoggerDefine.h;src/UTComposite.cpp;UTMessageDialog/UTMessageDialogController.cpp
-- [BuildQtModule]   Headers      : include/UTComposite/UTCompositeExport.h;include/UTComposite/UTComposite.h;UTMessageDialog/UTMessageOptions.h;UTMessageDialog/UTMessageButtonPresets.h;UTMessageDialog/UTMessagePresets.h;UTMessageDialog/UTMessageDialogController.h
-- [BuildQtModule]   Header Base  : C:/pw/TemplateTool/product/application/qt/UIComponent/UTComposite
-- [BuildQtModule]   Link Private : Qt6::Gui;Qt6::Quick;LoggerUtils;UIResourceLoader;UIComponentBase;UTComponent
-- [BuildQtModule]   Link Public  : 
-- [BuildQtModule]   Dependencies : 
-- [BuildQtModule]   Definitions  : UTCOMPOSITE_DLL
-- [BuildQtModule]   IDE Folder   : UI/UIComponent/UTComposite
-- [BuildQtModule]   Include Build: C:/pw/TemplateTool/product/application/qt/UIComponent/UTComposite/include;C:/pw/TemplateTool/product/application/qt/UIComponent/UTComposite
-- [BuildQtModule]   Include Inst : include
-- [BuildQtModule]   Include Priv : src;C:/pw/TemplateTool/product/application/qt/UIComponent/UTComposite/UTMessageDialog
-- [BuildQtModule]   QML Files    : UTFolderView/UTFolderView.qml;UTFolderView/UTFolderViewHeader.qml;UTFolderView/UTFolderGridDelegate.qml;UTFolderView/UTFolderDetailDelegate.qml;UTMessageDialog/UTMessageDialog.qml;UTDateTimeRangePicker/UTDateTimeRangePicker.qml
-- [BuildQtModule]   QML Sources  : 
-- [BuildQtModule]   QML Res Dir  : 
-- [BuildQtModule]   QML Resources: 
-- [LinkTargetIncludeDirectories] UTComposite (PUBLIC)
-- [LinkTargetIncludeDirectories]   Build Interface  : C:/pw/TemplateTool/product/application/qt/UIComponent/UTComposite/include;C:/pw/TemplateTool/product/application/qt/UIComponent/UTComposite
-- [LinkTargetIncludeDirectories]   Install Interface: include
-- [LinkTargetIncludeDirectories]   Private          : src;C:/pw/TemplateTool/product/application/qt/UIComponent/UTComposite/UTMessageDialog
-- [BuildInstallModule] UTComposite
-- ====Start Build RC File Module====
-- Parse Args Results:
-- MODULE_NAME: UTComposite
-- FILE_DESCRIPTION: UTComposite Library
-- ***create rc file for: UTComposite***
-- 
-- ============================================================
-- [GenerateAppInfoFiles] Configuring app info file generation
-- ============================================================
--   Output File  : C:/pw/TemplateTool/build/windows-msvc-release/product/application/qt/UIComponent/UTComposite/UTComposite_resource.rc
--   Template     : C:/pw/TemplateTool/product/framework/version/templates/app_resource.rc.in
--   Input JSON   : C:/pw/TemplateTool/build/windows-msvc-release/product/framework/version/version_meta.json
--   JSON Target  : generate_version_meta_8fa5974c
--   Target Name  : generate_UTComposite_resource_4313f7e5
--   Internal Name: UTComposite
--   Description  : UTComposite Library
--   Original Name: $<TARGET_FILE_NAME:UTComposite>
-- ------------------------------------------------------------
-- 
-- [BuildQtModule] UIView (SHARED)
-- [BuildQtModule]   QML URI: UIView
-- [BuildQtModule]   Sources      : C:/pw/TemplateTool/product/application/qt/UIView/UIViewCommon/UIViewBase/include/UIViewBase/UIViewController.h;C:/pw/TemplateTool/product/application/qt/UIView/UIViewCommon/UIViewBase/include/UIViewBase/UIViewControllerInitializer.h;C:/pw/TemplateTool/product/application/qt/UIView/UIViewCommon/UIViewBase/src/UIViewController.cpp;C:/pw/TemplateTool/product/application/qt/UIView/UIViewCommon/UIViewBase/src/UIViewControllerInitializer.cpp;C:/pw/TemplateTool/product/application/qt/UIView/UIViewCommon/ViewModelSignalEmitter/include/ViewModelSignalEmitter/RegisterViewModelMetaTypes.h;C:/pw/TemplateTool/product/application/qt/UIView/UIViewCommon/ViewModelSignalEmitter/include/ViewModelSignalEmitter/MediaCameraViewModelEmitter.h;C:/pw/TemplateTool/product/application/qt/UIView/UIViewCommon/ViewModelSignalEmitter/include/ViewModelSignalEmitter/CameraDirectoryViewModelEmitter.h;C:/pw/TemplateTool/product/application/qt/UIView/UIViewCommon/ViewModelSignalEmitter/include/ViewModelSignalEmitter/ContactListViewModelEmitter.h;C:/pw/TemplateTool/product/application/qt/UIView/UIViewCommon/ViewModelSignalEmitter/include/ViewModelSignalEmitter/MiniAppListViewModelEmitter.h;C:/pw/TemplateTool/product/application/qt/UIView/UIViewCommon/ViewModelSignalEmitter/include/ViewModelSignalEmitter/MiniAppRuntimeViewModelEmitter.h;C:/pw/TemplateTool/product/application/qt/UIView/UIViewCommon/ViewModelSignalEmitter/include/ViewModelSignalEmitter/InvocationViewModelEmitter.h;C:/pw/TemplateTool/product/application/qt/UIView/UIViewCommon/ViewModelSignalEmitter/include/ViewModelSignalEmitter/AppUIViewModelEmitter.h;C:/pw/TemplateTool/product/application/qt/UIView/UIViewCommon/ViewModelSignalEmitter/include/ViewModelSignalEmitter/MainWindowViewModelEmitter.h;C:/pw/TemplateTool/product/application/qt/UIView/UIViewCommon/ViewModelSignalEmitter/include/ViewModelSignalEmitter/StabilityViewModelEmitter.h;C:/pw/TemplateTool/product/application/qt/UIView/UIViewCommon/ViewModelSignalEmitter/include/ViewModelSignalEmitter/SideBarViewModelEmitter.h;C:/pw/TemplateTool/product/application/qt/UIView/UIViewCommon/ViewModelSignalEmitter/include/ViewModelSignalEmitter/ToolsViewModelEmitter.h;C:/pw/TemplateTool/product/application/qt/UIView/UIViewCommon/ViewModelSignalEmitter/include/ViewModelSignalEmitter/SettingsViewModelEmitter.h;C:/pw/TemplateTool/product/application/qt/UIView/UIViewCommon/ViewModelSignalEmitter/include/ViewModelSignalEmitter/NetworkProxyViewModelEmitter.h;C:/pw/TemplateTool/product/application/qt/UIView/UIViewCommon/ViewModelSignalEmitter/include/ViewModelSignalEmitter/ScreenshotViewModelEmitter.h;C:/pw/TemplateTool/product/application/qt/UIView/UIViewCommon/ViewModelSignalEmitter/include/ViewModelSignalEmitter/RecordingViewModelEmitter.h;C:/pw/TemplateTool/product/application/qt/UIView/UIViewCommon/ViewModelSignalEmitter/include/ViewModelSignalEmitter/UpgradeViewModelEmitter.h;C:/pw/TemplateTool/product/application/qt/UIView/UIViewCommon/LoggerDefine/LoggerDefine.h;C:/pw/TemplateTool/product/application/qt/UIView/UIViewCommon/UIViewHelper/include/UIViewHelper/UIViewHelper.h;C:/pw/TemplateTool/product/application/qt/UIView/UIViewCommon/UIViewHelper/include/UIViewHelper/UIViewMessageBoxHelper.h;C:/pw/TemplateTool/product/application/qt/UIView/UIViewCommon/UIViewHelper/src/UIViewHelper.cpp;C:/pw/TemplateTool/product/application/qt/UIView/UIViewCommon/UIViewHelper/src/UIViewMessageBoxHelper.cpp;C:/pw/TemplateTool/product/application/qt/UIView/UIEvents/include/UIEvents/UIMainWindowEvent.h;C:/pw/TemplateTool/product/application/qt/UIView/UIEvents/src/UIMainWindowEvent.cpp;C:/pw/TemplateTool/product/application/qt/UIView/UIEvents/include/UIEvents/UIUpgradeEvent.h;C:/pw/TemplateTool/product/application/qt/UIView/UIEvents/src/UIUpgradeEvent.cpp;C:/pw/TemplateTool/product/application/qt/UIView/UIEvents/include/UIEvents/UIAboutEvent.h;C:/pw/TemplateTool/product/application/qt/UIView/UIEvents/src/UIAboutEvent.cpp;C:/pw/TemplateTool/product/application/qt/UIView/UIEvents/include/UIEvents/UIScreenChangedEvent.h;C:/pw/TemplateTool/product/application/qt/UIView/UIEvents/src/UIScreenChangedEvent.cpp;C:/pw/TemplateTool/product/application/qt/UIView/MainWindowSuite/MainWindow/include/MainWindow/MainWindowController.h;C:/pw/TemplateTool/product/application/qt/UIView/MainWindowSuite/MainWindow/include/MainWindow/MainWindowContentPageRegistry.h;C:/pw/TemplateTool/product/application/qt/UIView/MainWindowSuite/MainWindow/src/MainWindowController.cpp;C:/pw/TemplateTool/product/application/qt/UIView/MainWindowSuite/MainWindow/src/MainWindowContentPageRegistry.cpp;C:/pw/TemplateTool/product/application/qt/UIView/MainWindowSuite/MainWindowTitleBar/include/MainWindowTitleBar/MainWindowTitleBarController.h;C:/pw/TemplateTool/product/application/qt/UIView/MainWindowSuite/MainWindowTitleBar/src/MainWindowTitleBarController.cpp;C:/pw/TemplateTool/product/application/qt/UIView/MainWindowSuite/MainWindowMenuBar/include/MainWindowMenuBar/MainWindowMenuBarController.h;C:/pw/TemplateTool/product/application/qt/UIView/MainWindowSuite/MainWindowMenuBar/src/MainWindowMenuBarController.cpp;C:/pw/TemplateTool/product/application/qt/UIView/MainWindowSuite/MainWindowFootBar/include/MainWindowFootBar/MainWindowFootBarController.h;C:/pw/TemplateTool/product/application/qt/UIView/MainWindowSuite/MainWindowFootBar/src/MainWindowFootBarController.cpp;C:/pw/TemplateTool/product/application/qt/UIView/MainWindowSuite/MainWindowSideBar/include/MainWindowSideBar/MainWindowSideBarController.h;C:/pw/TemplateTool/product/application/qt/UIView/MainWindowSuite/MainWindowSideBar/include/MainWindowSideBar/NavItemModel.h;C:/pw/TemplateTool/product/application/qt/UIView/MainWindowSuite/MainWindowSideBar/src/MainWindowSideBarController.cpp;C:/pw/TemplateTool/product/application/qt/UIView/MainWindowSuite/MainWindowSideBar/src/NavItemModel.cpp;C:/pw/TemplateTool/product/application/qt/UIView/MainWindowSuite/MainWindowSystemTray/include/MainWindowSystemTray/MainWindowSystemTrayController.h;C:/pw/TemplateTool/product/application/qt/UIView/MainWindowSuite/MainWindowSystemTray/src/MainWindowSystemTrayController.cpp;C:/pw/TemplateTool/product/application/qt/UIView/PageViews/HomePage/include/HomePage/HomePageController.h;C:/pw/TemplateTool/product/application/qt/UIView/PageViews/HomePage/src/HomePageController.cpp;C:/pw/TemplateTool/product/application/qt/UIView/PageViews/ContactsPage/include/ContactsPage/ContactListItemModel.h;C:/pw/TemplateTool/product/application/qt/UIView/PageViews/ContactsPage/include/ContactsPage/ContactsPageController.h;C:/pw/TemplateTool/product/application/qt/UIView/PageViews/ContactsPage/src/ContactsPageUtils.h;C:/pw/TemplateTool/product/application/qt/UIView/PageViews/ContactsPage/src/ContactListItemModel.cpp;C:/pw/TemplateTool/product/application/qt/UIView/PageViews/ContactsPage/src/ContactsPageController.cpp;C:/pw/TemplateTool/product/application/qt/UIView/PageViews/ContactsPage/src/ContactsPageUtils.cpp;C:/pw/TemplateTool/product/application/qt/UIView/PageViews/SettingsPage/include/SettingsPage/SettingsPageController.h;C:/pw/TemplateTool/product/application/qt/UIView/PageViews/SettingsPage/include/SettingsPage/SettingsTreeModel.h;C:/pw/TemplateTool/product/application/qt/UIView/PageViews/SettingsPage/include/SettingsPage/AppearanceSettingsController.h;C:/pw/TemplateTool/product/application/qt/UIView/PageViews/SettingsPage/include/SettingsPage/LanguageSettingsController.h;C:/pw/TemplateTool/product/application/qt/UIView/PageViews/SettingsPage/src/SettingsPageController.cpp;C:/pw/TemplateTool/product/application/qt/UIView/PageViews/SettingsPage/src/SettingsTreeModel.cpp;C:/pw/TemplateTool/product/application/qt/UIView/PageViews/SettingsPage/src/AppearanceSettingsController.cpp;C:/pw/TemplateTool/product/application/qt/UIView/PageViews/SettingsPage/src/LanguageSettingsController.cpp;C:/pw/TemplateTool/product/application/qt/UIView/PageViews/AboutPage/include/AboutPage/AboutPageController.h;C:/pw/TemplateTool/product/application/qt/UIView/PageViews/AboutPage/src/AboutPageController.cpp;C:/pw/TemplateTool/product/application/qt/UIView/PageViews/ToolsPage/common/include/ToolsPage/common/ToolsPageController.h;C:/pw/TemplateTool/product/application/qt/UIView/PageViews/ToolsPage/common/include/ToolsPage/common/ToolsTreeModel.h;C:/pw/TemplateTool/product/application/qt/UIView/PageViews/ToolsPage/common/include/ToolsPage/common/ToolsPanelRegistry.h;C:/pw/TemplateTool/product/application/qt/UIView/PageViews/ToolsPage/common/src/ToolsPageController.cpp;C:/pw/TemplateTool/product/application/qt/UIView/PageViews/ToolsPage/common/src/ToolsTreeModel.cpp;C:/pw/TemplateTool/product/application/qt/UIView/PageViews/ToolsPage/common/src/ToolsPanelRegistry.cpp;C:/pw/TemplateTool/product/application/qt/UIView/PageViews/ToolsPage/textprocess/include/ToolsPage/textprocess/Base64ToolController.h;C:/pw/TemplateTool/product/application/qt/UIView/PageViews/ToolsPage/textprocess/include/ToolsPage/textprocess/JsonToolController.h;C:/pw/TemplateTool/product/application/qt/UIView/PageViews/ToolsPage/textprocess/include/ToolsPage/textprocess/JsonTreeItemModel.h;C:/pw/TemplateTool/product/application/qt/UIView/PageViews/ToolsPage/textprocess/include/ToolsPage/textprocess/TimestampToolController.h;C:/pw/TemplateTool/product/application/qt/UIView/PageViews/ToolsPage/textprocess/src/Base64ToolController.cpp;C:/pw/TemplateTool/product/application/qt/UIView/PageViews/ToolsPage/textprocess/src/JsonToolController.cpp;C:/pw/TemplateTool/product/application/qt/UIView/PageViews/ToolsPage/textprocess/src/JsonTreeItemModel.cpp;C:/pw/TemplateTool/product/application/qt/UIView/PageViews/ToolsPage/textprocess/src/TimestampToolController.cpp;C:/pw/TemplateTool/product/application/qt/UIView/PageViews/ToolsPage/generators/include/ToolsPage/generators/UuidToolController.h;C:/pw/TemplateTool/product/application/qt/UIView/PageViews/ToolsPage/generators/src/UuidToolController.cpp;C:/pw/TemplateTool/product/application/qt/UIView/PageViews/ToolsPage/network/include/ToolsPage/network/NetworkProxyController.h;C:/pw/TemplateTool/product/application/qt/UIView/PageViews/ToolsPage/network/include/ToolsPage/network/ProxyRequestModel.h;C:/pw/TemplateTool/product/application/qt/UIView/PageViews/ToolsPage/network/include/ToolsPage/network/ProxyRulesManager.h;C:/pw/TemplateTool/product/application/qt/UIView/PageViews/ToolsPage/network/src/NetworkProxyController.cpp;C:/pw/TemplateTool/product/application/qt/UIView/PageViews/ToolsPage/network/src/ProxyRequestModel.cpp;C:/pw/TemplateTool/product/application/qt/UIView/PageViews/ToolsPage/network/src/ProxyRulesManager.cpp;C:/pw/TemplateTool/product/application/qt/UIView/PageViews/ToolsPage/screenshot/include/ToolsPage/screenshot/ScreenshotController.h;C:/pw/TemplateTool/product/application/qt/UIView/PageViews/ToolsPage/screenshot/src/ScreenshotController.cpp;C:/pw/TemplateTool/product/application/qt/UIView/PageViews/ToolsPage/recording/include/ToolsPage/recording/RecordingController.h;C:/pw/TemplateTool/product/application/qt/UIView/PageViews/ToolsPage/recording/src/RecordingController.cpp;C:/pw/TemplateTool/product/application/qt/UIView/PageViews/MiniAppsPage/include/MiniAppsPage/MiniAppListPageController.h;C:/pw/TemplateTool/product/application/qt/UIView/PageViews/MiniAppsPage/src/MiniAppListPageController.cpp;C:/pw/TemplateTool/product/application/qt/UIView/PageViews/MiniAppsPage/src/MiniAppInstanceController.h;C:/pw/TemplateTool/product/application/qt/UIView/PageViews/MiniAppsPage/src/MiniAppInstanceController.cpp;C:/pw/TemplateTool/product/application/qt/UIView/PageViews/MiniAppsPage/src/MiniAppHostWindow.h;C:/pw/TemplateTool/product/application/qt/UIView/PageViews/MiniAppsPage/src/MiniAppHostWindow.cpp;C:/pw/TemplateTool/product/application/qt/UIView/AppUpgrade/include/AppUpgrade/AppUpgradeController.h;C:/pw/TemplateTool/product/application/qt/UIView/AppUpgrade/src/AppUpgradeController.cpp;C:/pw/TemplateTool/product/application/qt/UIView/MediaCameraView/include/MediaCameraView/MediaCameraViewController.h;C:/pw/TemplateTool/product/application/qt/UIView/MediaCameraView/src/MediaCameraViewController.cpp;C:/pw/TemplateTool/product/application/qt/UIView/CameraMonitorView/include/CameraMonitorView/CameraDirectoryItemModel.h;C:/pw/TemplateTool/product/application/qt/UIView/CameraMonitorView/include/CameraMonitorView/CameraMonitorViewController.h;C:/pw/TemplateTool/product/application/qt/UIView/CameraMonitorView/src/CameraDirectoryItemModel.cpp;C:/pw/TemplateTool/product/application/qt/UIView/CameraMonitorView/src/CameraMonitorViewController.cpp;C:/pw/TemplateTool/product/application/qt/UIView/AppUIManager/src/AppUIManager.cpp;C:/pw/TemplateTool/product/application/qt/UIView/AppUIManager/src/AppUIController.h;C:/pw/TemplateTool/product/application/qt/UIView/AppUIManager/src/AppUIController.cpp;C:/pw/TemplateTool/product/application/qt/UIView/AppUIManager/src/UIIPCServerHelper.h;C:/pw/TemplateTool/product/application/qt/UIView/AppUIManager/src/UIIPCServerHelper.cpp;C:/pw/TemplateTool/product/application/qt/UIView/AppUIManager/src/UIStabilityMonitor.h;C:/pw/TemplateTool/product/application/qt/UIView/AppUIManager/src/UIStabilityMonitor.cpp;C:/pw/TemplateTool/product/application/qt/UIView/AppUIManager/src/UIScreenMonitor.h;C:/pw/TemplateTool/product/application/qt/UIView/AppUIManager/src/UIScreenMonitor.cpp
-- [BuildQtModule]   Headers      : AppUIManager/include/AppUIManager/AppUIManager.h;AppUIManager/include/AppUIManager/AppUIExport.h
-- [BuildQtModule]   Header Base  : C:/pw/TemplateTool/product/application/qt/UIView
-- [BuildQtModule]   Link Private : UIPlatformUtils;UIIPCChannel;UTComponent;UTComposite;AppContext;UIResourceAssetRCCInterface;UIResourcecTranslation;UIManager;ViewModels;CommonHeadFramework;ResourceLoader;Qt6::Gui;Qt6::Quick;Qt6::Widgets;Qt6::Multimedia;Qt6::Network;crypt32
-- [BuildQtModule]   Link Public  : 
-- [BuildQtModule]   Dependencies : 
-- [BuildQtModule]   Definitions  : AppUI_DLL
-- [BuildQtModule]   IDE Folder   : UI/UIView
-- [BuildQtModule]   Include Build: C:/pw/TemplateTool/product/application/qt/UIView;C:/pw/TemplateTool/product/application/qt/UIView/AppUIManager/include
-- [BuildQtModule]   Include Inst : include
-- [BuildQtModule]   Include Priv : include;C:/pw/TemplateTool/product/application/qt/UIView/UIViewCommon/UIViewBase/include;C:/pw/TemplateTool/product/application/qt/UIView/UIViewCommon/UIViewBase/include/UIViewBase;C:/pw/TemplateTool/product/application/qt/UIView/UIViewCommon/ViewModelSignalEmitter/include;C:/pw/TemplateTool/product/application/qt/UIView/UIViewCommon/ViewModelSignalEmitter/include/ViewModelSignalEmitter;C:/pw/TemplateTool/product/application/qt/UIView/UIViewCommon/UIViewHelper/include;C:/pw/TemplateTool/product/application/qt/UIView/UIViewCommon/UIViewHelper/include/UIViewHelper;C:/pw/TemplateTool/product/application/qt/UIView/UIEvents/include;C:/pw/TemplateTool/product/application/qt/UIView/UIEvents/include/UIEvents;C:/pw/TemplateTool/product/application/qt/UIView/MainWindowSuite/MainWindow/include;C:/pw/TemplateTool/product/application/qt/UIView/MainWindowSuite/MainWindow/include/MainWindow;C:/pw/TemplateTool/product/application/qt/UIView/MainWindowSuite/MainWindowTitleBar/include;C:/pw/TemplateTool/product/application/qt/UIView/MainWindowSuite/MainWindowTitleBar/include/MainWindowTitleBar;C:/pw/TemplateTool/product/application/qt/UIView/MainWindowSuite/MainWindowMenuBar/include;C:/pw/TemplateTool/product/application/qt/UIView/MainWindowSuite/MainWindowMenuBar/include/MainWindowMenuBar;C:/pw/TemplateTool/product/application/qt/UIView/MainWindowSuite/MainWindowFootBar/include;C:/pw/TemplateTool/product/application/qt/UIView/MainWindowSuite/MainWindowFootBar/include/MainWindowFootBar;C:/pw/TemplateTool/product/application/qt/UIView/MainWindowSuite/MainWindowSideBar/include;C:/pw/TemplateTool/product/application/qt/UIView/MainWindowSuite/MainWindowSideBar/include/MainWindowSideBar;C:/pw/TemplateTool/product/application/qt/UIView/MainWindowSuite/MainWindowSystemTray/include;C:/pw/TemplateTool/product/application/qt/UIView/MainWindowSuite/MainWindowSystemTray/include/MainWindowSystemTray;C:/pw/TemplateTool/product/application/qt/UIView/PageViews/HomePage/include;C:/pw/TemplateTool/product/application/qt/UIView/PageViews/HomePage/include/HomePage;C:/pw/TemplateTool/product/application/qt/UIView/PageViews/ContactsPage/include;C:/pw/TemplateTool/product/application/qt/UIView/PageViews/ContactsPage/include/ContactsPage;C:/pw/TemplateTool/product/application/qt/UIView/PageViews/SettingsPage/include;C:/pw/TemplateTool/product/application/qt/UIView/PageViews/SettingsPage/include/SettingsPage;C:/pw/TemplateTool/product/application/qt/UIView/PageViews/AboutPage/include;C:/pw/TemplateTool/product/application/qt/UIView/PageViews/AboutPage/include/AboutPage;C:/pw/TemplateTool/product/application/qt/UIView/PageViews/ToolsPage/common/include;C:/pw/TemplateTool/product/application/qt/UIView/PageViews/ToolsPage/common/include/ToolsPage/common;C:/pw/TemplateTool/product/application/qt/UIView/PageViews/ToolsPage/textprocess/include;C:/pw/TemplateTool/product/application/qt/UIView/PageViews/ToolsPage/textprocess/include/ToolsPage/textprocess;C:/pw/TemplateTool/product/application/qt/UIView/PageViews/ToolsPage/generators/include;C:/pw/TemplateTool/product/application/qt/UIView/PageViews/ToolsPage/generators/include/ToolsPage/generators;C:/pw/TemplateTool/product/application/qt/UIView/PageViews/ToolsPage/network/include;C:/pw/TemplateTool/product/application/qt/UIView/PageViews/ToolsPage/network/include/ToolsPage/network;C:/pw/TemplateTool/product/application/qt/UIView/PageViews/ToolsPage/screenshot/include;C:/pw/TemplateTool/product/application/qt/UIView/PageViews/ToolsPage/screenshot/include/ToolsPage/screenshot;C:/pw/TemplateTool/product/application/qt/UIView/PageViews/ToolsPage/recording/include;C:/pw/TemplateTool/product/application/qt/UIView/PageViews/ToolsPage/recording/include/ToolsPage/recording;C:/pw/TemplateTool/product/application/qt/UIView/PageViews/MiniAppsPage/include;C:/pw/TemplateTool/product/application/qt/UIView/PageViews/MiniAppsPage/include/MiniAppsPage;C:/pw/TemplateTool/product/application/qt/UIView/PageViews/MiniAppsPage/src;C:/pw/TemplateTool/product/application/qt/UIView/AppUpgrade/include;C:/pw/TemplateTool/product/application/qt/UIView/AppUpgrade/include/AppUpgrade;C:/pw/TemplateTool/product/application/qt/UIView/MediaCameraView/include;C:/pw/TemplateTool/product/application/qt/UIView/MediaCameraView/include/MediaCameraView;C:/pw/TemplateTool/product/application/qt/UIView/CameraMonitorView/include;C:/pw/TemplateTool/product/application/qt/UIView/CameraMonitorView/include/CameraMonitorView;C:/pw/TemplateTool/product/application/qt/UIView/AppUIManager/include;C:/pw/TemplateTool/product/application/qt/UIView/AppUIManager/include/AppUIManager
-- [BuildQtModule]   QML Files    : MainWindowSuite/MainWindow/qml/MainWindow.qml;MainWindowSuite/MainWindow/qml/MainWindowContent.qml;MainWindowSuite/MainWindow/qml/WindowResizeHandler.qml;MainWindowSuite/MainWindowTitleBar/qml/MainWindowTitleBar.qml;MainWindowSuite/MainWindowMenuBar/qml/MainWindowMenuBar.qml;MainWindowSuite/MainWindowFootBar/qml/MainWindowFootBar.qml;MainWindowSuite/MainWindowSideBar/qml/MainWindowSideBar.qml;MainWindowSuite/MainWindowSideBar/qml/NavItemDelegate.qml;MainWindowSuite/MainWindowSystemTray/qml/MainWindowSystemTray.qml;PageViews/HomePage/qml/HomePage.qml;PageViews/ContactsPage/qml/ContactsPage.qml;PageViews/ContactsPage/qml/ContactListPanel.qml;PageViews/ContactsPage/qml/ContactEditDialog.qml;PageViews/ContactsPage/qml/ContactDeleteDialog.qml;PageViews/ContactsPage/qml/ContactDetailPanel.qml;PageViews/ContactsPage/qml/DetailFieldRow.qml;PageViews/ContactsPage/qml/DetailHeader.qml;PageViews/ContactsPage/qml/PersonDetailBody.qml;PageViews/ContactsPage/qml/GroupDetailBody.qml;PageViews/ContactsPage/qml/DepartmentDetailBody.qml;PageViews/ContactsPage/qml/TeamDetailBody.qml;PageViews/SettingsPage/qml/SettingsPage.qml;PageViews/SettingsPage/qml/SettingsNavPanel.qml;PageViews/SettingsPage/qml/AppearanceSettingsPanel.qml;PageViews/SettingsPage/qml/LanguageSettingsPanel.qml;PageViews/PlaceholderPage/qml/PlaceholderPage.qml;PageViews/AboutPage/qml/AboutDialog.qml;PageViews/ToolsPage/common/qml/ToolsPage.qml;PageViews/ToolsPage/common/qml/ToolsNavPanel.qml;PageViews/ToolsPage/textprocess/qml/Base64Panel.qml;PageViews/ToolsPage/textprocess/qml/JsonPanel.qml;PageViews/ToolsPage/textprocess/qml/JsonTreeDelegate.qml;PageViews/ToolsPage/textprocess/qml/TimestampPanel.qml;PageViews/ToolsPage/generators/qml/UuidPanel.qml;PageViews/ToolsPage/network/qml/NetworkProxyPanel.qml;PageViews/ToolsPage/network/qml/NetworkCaptureTab.qml;PageViews/ToolsPage/network/qml/NetworkRulesTab.qml;PageViews/ToolsPage/network/qml/NetworkSettingsTab.qml;PageViews/ToolsPage/network/qml/PatternTestDialog.qml;PageViews/ToolsPage/network/qml/MockDetailDialog.qml;PageViews/ToolsPage/screenshot/qml/ScreenshotPanel.qml;PageViews/ToolsPage/screenshot/qml/ScreenshotGallery.qml;PageViews/ToolsPage/screenshot/qml/ScreenshotOverlay.qml;PageViews/ToolsPage/screenshot/qml/ScreenshotSettingsTab.qml;PageViews/ToolsPage/recording/qml/RecordingPanel.qml;PageViews/ToolsPage/recording/qml/RecordingContent.qml;PageViews/ToolsPage/recording/qml/RecordingSettingsTab.qml;PageViews/ToolsPage/recording/qml/RecordingRegionSelector.qml;PageViews/ToolsPage/recording/qml/RecordingFloatingBar.qml;PageViews/MiniAppsPage/qml/MiniAppListPage.qml;AppUpgrade/qml/UpgradeDialog.qml;MediaCameraView/qml/MediaCameraView.qml;CameraMonitorView/qml/CameraMonitorView.qml;CameraMonitorView/qml/CameraDirectoryTreePanel.qml;CameraMonitorView/qml/CameraPreviewPanel.qml;CameraMonitorView/qml/CameraEditDialog.qml;CameraMonitorView/qml/CameraDeleteDialog.qml
-- [BuildQtModule]   QML Sources  : 
-- [BuildQtModule]   QML Res Dir  : 
-- [BuildQtModule]   QML Resources: 
-- [LinkTargetIncludeDirectories] UIView (PUBLIC)
-- [LinkTargetIncludeDirectories]   Build Interface  : C:/pw/TemplateTool/product/application/qt/UIView;C:/pw/TemplateTool/product/application/qt/UIView/AppUIManager/include
-- [LinkTargetIncludeDirectories]   Install Interface: include
-- [LinkTargetIncludeDirectories]   Private          : include;C:/pw/TemplateTool/product/application/qt/UIView/UIViewCommon/UIViewBase/include;C:/pw/TemplateTool/product/application/qt/UIView/UIViewCommon/UIViewBase/include/UIViewBase;C:/pw/TemplateTool/product/application/qt/UIView/UIViewCommon/ViewModelSignalEmitter/include;C:/pw/TemplateTool/product/application/qt/UIView/UIViewCommon/ViewModelSignalEmitter/include/ViewModelSignalEmitter;C:/pw/TemplateTool/product/application/qt/UIView/UIViewCommon/UIViewHelper/include;C:/pw/TemplateTool/product/application/qt/UIView/UIViewCommon/UIViewHelper/include/UIViewHelper;C:/pw/TemplateTool/product/application/qt/UIView/UIEvents/include;C:/pw/TemplateTool/product/application/qt/UIView/UIEvents/include/UIEvents;C:/pw/TemplateTool/product/application/qt/UIView/MainWindowSuite/MainWindow/include;C:/pw/TemplateTool/product/application/qt/UIView/MainWindowSuite/MainWindow/include/MainWindow;C:/pw/TemplateTool/product/application/qt/UIView/MainWindowSuite/MainWindowTitleBar/include;C:/pw/TemplateTool/product/application/qt/UIView/MainWindowSuite/MainWindowTitleBar/include/MainWindowTitleBar;C:/pw/TemplateTool/product/application/qt/UIView/MainWindowSuite/MainWindowMenuBar/include;C:/pw/TemplateTool/product/application/qt/UIView/MainWindowSuite/MainWindowMenuBar/include/MainWindowMenuBar;C:/pw/TemplateTool/product/application/qt/UIView/MainWindowSuite/MainWindowFootBar/include;C:/pw/TemplateTool/product/application/qt/UIView/MainWindowSuite/MainWindowFootBar/include/MainWindowFootBar;C:/pw/TemplateTool/product/application/qt/UIView/MainWindowSuite/MainWindowSideBar/include;C:/pw/TemplateTool/product/application/qt/UIView/MainWindowSuite/MainWindowSideBar/include/MainWindowSideBar;C:/pw/TemplateTool/product/application/qt/UIView/MainWindowSuite/MainWindowSystemTray/include;C:/pw/TemplateTool/product/application/qt/UIView/MainWindowSuite/MainWindowSystemTray/include/MainWindowSystemTray;C:/pw/TemplateTool/product/application/qt/UIView/PageViews/HomePage/include;C:/pw/TemplateTool/product/application/qt/UIView/PageViews/HomePage/include/HomePage;C:/pw/TemplateTool/product/application/qt/UIView/PageViews/ContactsPage/include;C:/pw/TemplateTool/product/application/qt/UIView/PageViews/ContactsPage/include/ContactsPage;C:/pw/TemplateTool/product/application/qt/UIView/PageViews/SettingsPage/include;C:/pw/TemplateTool/product/application/qt/UIView/PageViews/SettingsPage/include/SettingsPage;C:/pw/TemplateTool/product/application/qt/UIView/PageViews/AboutPage/include;C:/pw/TemplateTool/product/application/qt/UIView/PageViews/AboutPage/include/AboutPage;C:/pw/TemplateTool/product/application/qt/UIView/PageViews/ToolsPage/common/include;C:/pw/TemplateTool/product/application/qt/UIView/PageViews/ToolsPage/common/include/ToolsPage/common;C:/pw/TemplateTool/product/application/qt/UIView/PageViews/ToolsPage/textprocess/include;C:/pw/TemplateTool/product/application/qt/UIView/PageViews/ToolsPage/textprocess/include/ToolsPage/textprocess;C:/pw/TemplateTool/product/application/qt/UIView/PageViews/ToolsPage/generators/include;C:/pw/TemplateTool/product/application/qt/UIView/PageViews/ToolsPage/generators/include/ToolsPage/generators;C:/pw/TemplateTool/product/application/qt/UIView/PageViews/ToolsPage/network/include;C:/pw/TemplateTool/product/application/qt/UIView/PageViews/ToolsPage/network/include/ToolsPage/network;C:/pw/TemplateTool/product/application/qt/UIView/PageViews/ToolsPage/screenshot/include;C:/pw/TemplateTool/product/application/qt/UIView/PageViews/ToolsPage/screenshot/include/ToolsPage/screenshot;C:/pw/TemplateTool/product/application/qt/UIView/PageViews/ToolsPage/recording/include;C:/pw/TemplateTool/product/application/qt/UIView/PageViews/ToolsPage/recording/include/ToolsPage/recording;C:/pw/TemplateTool/product/application/qt/UIView/PageViews/MiniAppsPage/include;C:/pw/TemplateTool/product/application/qt/UIView/PageViews/MiniAppsPage/include/MiniAppsPage;C:/pw/TemplateTool/product/application/qt/UIView/PageViews/MiniAppsPage/src;C:/pw/TemplateTool/product/application/qt/UIView/AppUpgrade/include;C:/pw/TemplateTool/product/application/qt/UIView/AppUpgrade/include/AppUpgrade;C:/pw/TemplateTool/product/application/qt/UIView/MediaCameraView/include;C:/pw/TemplateTool/product/application/qt/UIView/MediaCameraView/include/MediaCameraView;C:/pw/TemplateTool/product/application/qt/UIView/CameraMonitorView/include;C:/pw/TemplateTool/product/application/qt/UIView/CameraMonitorView/include/CameraMonitorView;C:/pw/TemplateTool/product/application/qt/UIView/AppUIManager/include;C:/pw/TemplateTool/product/application/qt/UIView/AppUIManager/include/AppUIManager
-- [BuildInstallModule] UIView
-- ====Start Build RC File Module====
-- Parse Args Results:
-- MODULE_NAME: UIView
-- FILE_DESCRIPTION: UIView Library
-- ***create rc file for: UIView***
-- 
-- ============================================================
-- [GenerateAppInfoFiles] Configuring app info file generation
-- ============================================================
--   Output File  : C:/pw/TemplateTool/build/windows-msvc-release/product/application/qt/UIView/UIView_resource.rc
--   Template     : C:/pw/TemplateTool/product/framework/version/templates/app_resource.rc.in
--   Input JSON   : C:/pw/TemplateTool/build/windows-msvc-release/product/framework/version/version_meta.json
--   JSON Target  : generate_version_meta_8fa5974c
--   Target Name  : generate_UIView_resource_2a8018a8
--   Internal Name: UIView
--   Description  : UIView Library
--   Original Name: $<TARGET_FILE_NAME:UIView>
-- ------------------------------------------------------------
-- 
-- [BuildQtModule] MainUI (SHARED)
-- [BuildQtModule]   Sources      : src/LoggerDefine.h;src/Main.cpp
-- [BuildQtModule]   Headers      : include/Main/Main.h;include/Main/MainExport.h
-- [BuildQtModule]   Header Base  : C:/pw/TemplateTool/product/application/qt/mainUI/include
-- [BuildQtModule]   Link Private : UIView;UISingleInstance;UIIPCChannel;AppRunner;CommonHeadFramework;CoreFramework;LoggerUtils
-- [BuildQtModule]   Link Public  : 
-- [BuildQtModule]   Dependencies : 
-- [BuildQtModule]   Definitions  : Main_DLL
-- [BuildQtModule]   IDE Folder   : main
-- [BuildQtModule]   Include Build: C:/pw/TemplateTool/product/application/qt/mainUI/include
-- [BuildQtModule]   Include Inst : include
-- [BuildQtModule]   Include Priv : src
-- [LinkTargetIncludeDirectories] MainUI (PUBLIC)
-- [LinkTargetIncludeDirectories]   Build Interface  : C:/pw/TemplateTool/product/application/qt/mainUI/include
-- [LinkTargetIncludeDirectories]   Install Interface: include
-- [LinkTargetIncludeDirectories]   Private          : src
-- [BuildInstallModule] MainUI
-- ====Start Build RC File Module====
-- Parse Args Results:
-- MODULE_NAME: MainUI
-- FILE_DESCRIPTION: MainUI Library
-- ***create rc file for: MainUI***
-- 
-- ============================================================
-- [GenerateAppInfoFiles] Configuring app info file generation
-- ============================================================
--   Output File  : C:/pw/TemplateTool/build/windows-msvc-release/product/application/qt/mainUI/MainUI_resource.rc
--   Template     : C:/pw/TemplateTool/product/framework/version/templates/app_resource.rc.in
--   Input JSON   : C:/pw/TemplateTool/build/windows-msvc-release/product/framework/version/version_meta.json
--   JSON Target  : generate_version_meta_8fa5974c
--   Target Name  : generate_MainUI_resource_7f1b372e
--   Internal Name: MainUI
--   Description  : MainUI Library
--   Original Name: $<TARGET_FILE_NAME:MainUI>
-- ------------------------------------------------------------
-- Building updater...
--   updater target configured (standalone, no library deps)
-- Building mainEntry...
--   Platform: Windows
--   Compiler: MSVC
-- ====Start Build RC File Module====
-- Parse Args Results:
-- MODULE_NAME: mainEntry
-- FILE_DESCRIPTION: TemplateTool Application Executable
-- ***create rc file for: mainEntry***
-- 
-- ============================================================
-- [GenerateAppInfoFiles] Configuring app info file generation
-- ============================================================
--   Output File  : C:/pw/TemplateTool/build/windows-msvc-release/product/application/main/mainEntry_resource.rc
--   Template     : C:/pw/TemplateTool/product/framework/version/templates/app_resource.rc.in
--   Input JSON   : C:/pw/TemplateTool/build/windows-msvc-release/product/framework/version/version_meta.json
--   JSON Target  : generate_version_meta_8fa5974c
--   Target Name  : generate_mainEntry_resource_83bb429a
--   Internal Name: mainEntry
--   Description  : TemplateTool Application Executable
--   Original Name: $<TARGET_FILE_NAME:mainEntry>
-- ------------------------------------------------------------
--   Link options: /SUBSYSTEM:WINDOWS /ENTRY:mainCRTStartup
--   C++ Standard: C++20
--   Dependencies: MainUI
--   Install: bin/ + post_install_windows.cmake
-- Finished building mainEntry
-- ====Start Build CPack Config Module====
--   Template : C:/pw/TemplateTool/product/bundle_pack/templates/cpack_windows_config.cmake.in
--   Output   : C:/pw/TemplateTool/build/windows-msvc-release/product/bundle_pack/cpack_windows_config.cmake
-- 
-- ============================================================
-- [GenerateAppInfoFiles] Configuring app info file generation
-- ============================================================
--   Output File  : C:/pw/TemplateTool/build/windows-msvc-release/product/bundle_pack/cpack_windows_config.cmake
--   Template     : C:/pw/TemplateTool/product/bundle_pack/templates/cpack_windows_config.cmake.in
--   Input JSON   : C:/pw/TemplateTool/build/windows-msvc-release/product/framework/version/version_meta.json
--   JSON Target  : generate_version_meta_8fa5974c
--   Target Name  : generate_cpack_windows_config_3cd5126e
-- ------------------------------------------------------------
--   CPACK_PROJECT_CONFIG_FILE: C:/pw/TemplateTool/build/windows-msvc-release/product/bundle_pack/cpack_windows_config.cmake
-- 
-- ============================================================
-- [GenerateAppInfoFiles] Configuring app info file generation
-- ============================================================
--   Output File  : C:/pw/TemplateTool/build/windows-msvc-release/product/bundle_pack/package-info.json
--   Template     : C:/pw/TemplateTool/product/bundle_pack/templates/package-info.json.in
--   Input JSON   : C:/pw/TemplateTool/build/windows-msvc-release/product/framework/version/version_meta.json
--   JSON Target  : generate_version_meta_8fa5974c
--   Target Name  : generate_package-info_399a1146
-- ------------------------------------------------------------
-- Configuring done (20.4s)
-- Generating done (12.6s)
-- Build files have been written to: C:/pw/TemplateTool/build/windows-msvc-release
